date,vaccgroup_zh,ncumul_firstvacc,ncumul_secondvacc
NA,A,2,0
NA,B,0,0
NA,C,4,1
NA,D,2,0
NA,E,0,0
NA,F,1,0
NA,G,2,1
NA,H,0,0
NA,I,0,0
NA,K,0,0
NA,L,0,0
NA,M,2,0
NA,N,1,0
NA,O,0,0
NA,Q,0,0
NA,R,0,0
NA,S,0,0
NA,T,0,0
NA,NA,0,0
2021-01-04,A,68,0
2021-01-04,B,0,0
2021-01-04,C,8,1
2021-01-04,D,2,0
2021-01-04,E,0,0
2021-01-04,F,1,0
2021-01-04,G,2,1
2021-01-04,H,0,0
2021-01-04,I,0,0
2021-01-04,K,0,0
2021-01-04,L,0,0
2021-01-04,M,9,0
2021-01-04,N,4,0
2021-01-04,O,0,0
2021-01-04,Q,0,0
2021-01-04,R,0,0
2021-01-04,S,0,0
2021-01-04,T,0,0
2021-01-04,NA,0,0
2021-01-05,A,298,0
2021-01-05,B,77,0
2021-01-05,C,80,1
2021-01-05,D,2,0
2021-01-05,E,2,0
2021-01-05,F,2,0
2021-01-05,G,4,1
2021-01-05,H,0,0
2021-01-05,I,0,0
2021-01-05,K,0,0
2021-01-05,L,0,0
2021-01-05,M,15,0
2021-01-05,N,12,0
2021-01-05,O,0,0
2021-01-05,Q,0,0
2021-01-05,R,0,0
2021-01-05,S,0,0
2021-01-05,T,0,0
2021-01-05,NA,0,0
2021-01-06,A,550,0
2021-01-06,B,151,0
2021-01-06,C,139,1
2021-01-06,D,3,0
2021-01-06,E,5,0
2021-01-06,F,5,0
2021-01-06,G,7,1
2021-01-06,H,0,0
2021-01-06,I,0,0
2021-01-06,K,0,0
2021-01-06,L,0,0
2021-01-06,M,21,0
2021-01-06,N,17,0
2021-01-06,O,0,0
2021-01-06,Q,0,0
2021-01-06,R,0,0
2021-01-06,S,0,0
2021-01-06,T,0,0
2021-01-06,NA,0,0
2021-01-07,A,811,0
2021-01-07,B,214,0
2021-01-07,C,199,1
2021-01-07,D,3,0
2021-01-07,E,6,0
2021-01-07,F,5,0
2021-01-07,G,8,1
2021-01-07,H,0,0
2021-01-07,I,0,0
2021-01-07,K,0,0
2021-01-07,L,0,0
2021-01-07,M,30,0
2021-01-07,N,21,0
2021-01-07,O,0,0
2021-01-07,Q,0,0
2021-01-07,R,0,0
2021-01-07,S,0,0
2021-01-07,T,0,0
2021-01-07,NA,0,0
2021-01-08,A,1061,0
2021-01-08,B,265,0
2021-01-08,C,274,1
2021-01-08,D,5,0
2021-01-08,E,7,0
2021-01-08,F,6,0
2021-01-08,G,8,1
2021-01-08,H,0,0
2021-01-08,I,0,0
2021-01-08,K,0,0
2021-01-08,L,0,0
2021-01-08,M,43,0
2021-01-08,N,24,0
2021-01-08,O,0,0
2021-01-08,Q,0,0
2021-01-08,R,0,0
2021-01-08,S,0,0
2021-01-08,T,0,0
2021-01-08,NA,0,0
2021-01-09,A,1234,0
2021-01-09,B,308,0
2021-01-09,C,316,1
2021-01-09,D,7,0
2021-01-09,E,7,0
2021-01-09,F,6,0
2021-01-09,G,13,1
2021-01-09,H,0,0
2021-01-09,I,0,0
2021-01-09,K,0,0
2021-01-09,L,0,0
2021-01-09,M,43,0
2021-01-09,N,24,0
2021-01-09,O,0,0
2021-01-09,Q,0,0
2021-01-09,R,0,0
2021-01-09,S,0,0
2021-01-09,T,0,0
2021-01-09,NA,0,0
2021-01-10,A,1234,0
2021-01-10,B,308,0
2021-01-10,C,316,1
2021-01-10,D,7,0
2021-01-10,E,7,0
2021-01-10,F,6,0
2021-01-10,G,13,1
2021-01-10,H,0,0
2021-01-10,I,0,0
2021-01-10,K,0,0
2021-01-10,L,0,0
2021-01-10,M,43,0
2021-01-10,N,24,0
2021-01-10,O,0,0
2021-01-10,Q,0,0
2021-01-10,R,0,0
2021-01-10,S,0,0
2021-01-10,T,0,0
2021-01-10,NA,0,0
2021-01-11,A,1600,0
2021-01-11,B,374,0
2021-01-11,C,404,1
2021-01-11,D,9,0
2021-01-11,E,10,0
2021-01-11,F,7,0
2021-01-11,G,41,1
2021-01-11,H,0,0
2021-01-11,I,0,0
2021-01-11,K,0,0
2021-01-11,L,0,0
2021-01-11,M,57,0
2021-01-11,N,32,0
2021-01-11,O,0,0
2021-01-11,Q,0,0
2021-01-11,R,0,0
2021-01-11,S,0,0
2021-01-11,T,0,0
2021-01-11,NA,0,0
2021-01-12,A,1968,0
2021-01-12,B,414,0
2021-01-12,C,493,1
2021-01-12,D,14,0
2021-01-12,E,14,0
2021-01-12,F,138,0
2021-01-12,G,42,1
2021-01-12,H,0,0
2021-01-12,I,0,0
2021-01-12,K,0,0
2021-01-12,L,0,0
2021-01-12,M,67,0
2021-01-12,N,35,0
2021-01-12,O,0,0
2021-01-12,Q,0,0
2021-01-12,R,0,0
2021-01-12,S,0,0
2021-01-12,T,0,0
2021-01-12,NA,0,0
2021-01-13,A,2376,0
2021-01-13,B,443,0
2021-01-13,C,546,1
2021-01-13,D,17,0
2021-01-13,E,21,0
2021-01-13,F,381,0
2021-01-13,G,43,1
2021-01-13,H,0,0
2021-01-13,I,0,0
2021-01-13,K,0,0
2021-01-13,L,0,0
2021-01-13,M,83,0
2021-01-13,N,40,0
2021-01-13,O,0,0
2021-01-13,Q,0,0
2021-01-13,R,0,0
2021-01-13,S,0,0
2021-01-13,T,0,0
2021-01-13,NA,0,0
2021-01-14,A,2805,0
2021-01-14,B,453,0
2021-01-14,C,584,1
2021-01-14,D,18,0
2021-01-14,E,21,0
2021-01-14,F,589,0
2021-01-14,G,44,1
2021-01-14,H,0,0
2021-01-14,I,0,0
2021-01-14,K,0,0
2021-01-14,L,0,0
2021-01-14,M,95,0
2021-01-14,N,48,0
2021-01-14,O,0,0
2021-01-14,Q,0,0
2021-01-14,R,0,0
2021-01-14,S,0,0
2021-01-14,T,0,0
2021-01-14,NA,0,0
2021-01-15,A,3234,0
2021-01-15,B,461,0
2021-01-15,C,617,1
2021-01-15,D,21,0
2021-01-15,E,21,0
2021-01-15,F,804,0
2021-01-15,G,44,1
2021-01-15,H,0,0
2021-01-15,I,0,0
2021-01-15,K,0,0
2021-01-15,L,0,0
2021-01-15,M,110,0
2021-01-15,N,54,0
2021-01-15,O,0,0
2021-01-15,Q,0,0
2021-01-15,R,0,0
2021-01-15,S,0,0
2021-01-15,T,0,0
2021-01-15,NA,0,0
2021-01-16,A,3243,0
2021-01-16,B,465,0
2021-01-16,C,627,1
2021-01-16,D,23,0
2021-01-16,E,23,0
2021-01-16,F,1175,0
2021-01-16,G,46,1
2021-01-16,H,0,0
2021-01-16,I,0,0
2021-01-16,K,0,0
2021-01-16,L,0,0
2021-01-16,M,110,0
2021-01-16,N,54,0
2021-01-16,O,0,0
2021-01-16,Q,0,0
2021-01-16,R,0,0
2021-01-16,S,0,0
2021-01-16,T,0,0
2021-01-16,NA,0,0
2021-01-17,A,3243,0
2021-01-17,B,465,0
2021-01-17,C,628,1
2021-01-17,D,23,0
2021-01-17,E,23,0
2021-01-17,F,1175,0
2021-01-17,G,46,1
2021-01-17,H,0,0
2021-01-17,I,0,0
2021-01-17,K,0,0
2021-01-17,L,0,0
2021-01-17,M,110,0
2021-01-17,N,54,0
2021-01-17,O,0,0
2021-01-17,Q,0,0
2021-01-17,R,0,0
2021-01-17,S,0,0
2021-01-17,T,0,0
2021-01-17,NA,0,0
2021-01-18,A,3811,0
2021-01-18,B,545,0
2021-01-18,C,753,1
2021-01-18,D,33,0
2021-01-18,E,26,0
2021-01-18,F,1243,0
2021-01-18,G,200,1
2021-01-18,H,0,0
2021-01-18,I,0,0
2021-01-18,K,0,0
2021-01-18,L,0,0
2021-01-18,M,131,0
2021-01-18,N,65,0
2021-01-18,O,0,0
2021-01-18,Q,0,0
2021-01-18,R,0,0
2021-01-18,S,0,0
2021-01-18,T,0,0
2021-01-18,NA,0,0
2021-01-19,A,4946,0
2021-01-19,B,700,0
2021-01-19,C,1036,1
2021-01-19,D,133,0
2021-01-19,E,74,0
2021-01-19,F,1389,0
2021-01-19,G,769,1
2021-01-19,H,3,0
2021-01-19,I,5,0
2021-01-19,K,0,0
2021-01-19,L,0,0
2021-01-19,M,148,0
2021-01-19,N,75,0
2021-01-19,O,0,0
2021-01-19,Q,0,0
2021-01-19,R,0,0
2021-01-19,S,0,0
2021-01-19,T,0,0
2021-01-19,NA,1,0
2021-01-20,A,7542,0
2021-01-20,B,848,0
2021-01-20,C,1611,1
2021-01-20,D,390,0
2021-01-20,E,194,0
2021-01-20,F,1714,0
2021-01-20,G,1506,1
2021-01-20,H,7,0
2021-01-20,I,7,0
2021-01-20,K,5,0
2021-01-20,L,2,0
2021-01-20,M,187,0
2021-01-20,N,101,0
2021-01-20,O,0,0
2021-01-20,Q,0,0
2021-01-20,R,0,0
2021-01-20,S,0,0
2021-01-20,T,0,0
2021-01-20,NA,1,0
2021-01-21,A,10530,0
2021-01-21,B,973,0
2021-01-21,C,2221,1
2021-01-21,D,666,0
2021-01-21,E,314,0
2021-01-21,F,1789,0
2021-01-21,G,3041,1
2021-01-21,H,15,0
2021-01-21,I,16,0
2021-01-21,K,7,0
2021-01-21,L,2,0
2021-01-21,M,225,0
2021-01-21,N,120,0
2021-01-21,O,0,0
2021-01-21,Q,0,0
2021-01-21,R,0,0
2021-01-21,S,0,0
2021-01-21,T,0,0
2021-01-21,NA,1,0
2021-01-22,A,12966,0
2021-01-22,B,1057,0
2021-01-22,C,2682,1
2021-01-22,D,900,0
2021-01-22,E,406,0
2021-01-22,F,1894,0
2021-01-22,G,4050,1
2021-01-22,H,24,0
2021-01-22,I,21,0
2021-01-22,K,10,0
2021-01-22,L,2,0
2021-01-22,M,278,0
2021-01-22,N,138,0
2021-01-22,O,0,0
2021-01-22,Q,0,0
2021-01-22,R,0,0
2021-01-22,S,0,0
2021-01-22,T,0,0
2021-01-22,NA,3,0
2021-01-23,A,13683,0
2021-01-23,B,1060,0
2021-01-23,C,2809,1
2021-01-23,D,1038,0
2021-01-23,E,457,0
2021-01-23,F,1895,0
2021-01-23,G,4170,1
2021-01-23,H,31,0
2021-01-23,I,26,0
2021-01-23,K,10,0
2021-01-23,L,2,0
2021-01-23,M,278,0
2021-01-23,N,138,0
2021-01-23,O,1,0
2021-01-23,Q,0,0
2021-01-23,R,0,0
2021-01-23,S,0,0
2021-01-23,T,0,0
2021-01-23,NA,3,0
2021-01-24,A,13701,0
2021-01-24,B,1060,0
2021-01-24,C,2812,1
2021-01-24,D,1040,0
2021-01-24,E,457,0
2021-01-24,F,1896,0
2021-01-24,G,4172,1
2021-01-24,H,31,0
2021-01-24,I,26,0
2021-01-24,K,10,0
2021-01-24,L,2,0
2021-01-24,M,278,0
2021-01-24,N,138,0
2021-01-24,O,1,0
2021-01-24,Q,0,0
2021-01-24,R,0,0
2021-01-24,S,0,0
2021-01-24,T,0,0
2021-01-24,NA,3,0
2021-01-25,A,14975,1
2021-01-25,B,1077,0
2021-01-25,C,3079,2
2021-01-25,D,1142,0
2021-01-25,E,491,0
2021-01-25,F,1910,0
2021-01-25,G,4215,1
2021-01-25,H,31,0
2021-01-25,I,27,0
2021-01-25,K,10,0
2021-01-25,L,2,0
2021-01-25,M,312,0
2021-01-25,N,156,0
2021-01-25,O,1,0
2021-01-25,Q,0,0
2021-01-25,R,0,0
2021-01-25,S,0,0
2021-01-25,T,0,0
2021-01-25,NA,3,0
2021-01-26,A,16971,78
2021-01-26,B,1128,75
2021-01-26,C,3489,60
2021-01-26,D,1388,0
2021-01-26,E,654,0
2021-01-26,F,1921,1
2021-01-26,G,4532,3
2021-01-26,H,42,0
2021-01-26,I,33,0
2021-01-26,K,18,0
2021-01-26,L,12,0
2021-01-26,M,345,0
2021-01-26,N,163,0
2021-01-26,O,1,0
2021-01-26,Q,0,0
2021-01-26,R,0,0
2021-01-26,S,0,0
2021-01-26,T,0,0
2021-01-26,NA,3,0
2021-01-27,A,19804,146
2021-01-27,B,1178,143
2021-01-27,C,4180,109
2021-01-27,D,1793,1
2021-01-27,E,861,1
2021-01-27,F,1936,3
2021-01-27,G,5219,5
2021-01-27,H,46,0
2021-01-27,I,38,0
2021-01-27,K,39,0
2021-01-27,L,22,0
2021-01-27,M,412,0
2021-01-27,N,215,0
2021-01-27,O,1,0
2021-01-27,Q,0,0
2021-01-27,R,0,0
2021-01-27,S,0,0
2021-01-27,T,0,0
2021-01-27,NA,4,0
2021-01-28,A,22490,245
2021-01-28,B,1189,205
2021-01-28,C,4766,158
2021-01-28,D,2089,1
2021-01-28,E,1036,1
2021-01-28,F,1966,4
2021-01-28,G,6390,6
2021-01-28,H,73,0
2021-01-28,I,69,0
2021-01-28,K,51,0
2021-01-28,L,28,0
2021-01-28,M,427,1
2021-01-28,N,229,0
2021-01-28,O,2,0
2021-01-28,Q,0,0
2021-01-28,R,1,0
2021-01-28,S,0,0
2021-01-28,T,0,0
2021-01-28,NA,6,0
2021-01-29,A,25219,344
2021-01-29,B,1237,255
2021-01-29,C,5443,215
2021-01-29,D,2402,3
2021-01-29,E,1157,2
2021-01-29,F,1982,5
2021-01-29,G,7368,6
2021-01-29,H,129,0
2021-01-29,I,126,0
2021-01-29,K,59,0
2021-01-29,L,35,0
2021-01-29,M,441,1
2021-01-29,N,238,4
2021-01-29,O,3,0
2021-01-29,Q,0,0
2021-01-29,R,1,0
2021-01-29,S,0,0
2021-01-29,T,0,0
2021-01-29,NA,8,0
2021-01-30,A,25950,512
2021-01-30,B,1239,298
2021-01-30,C,5650,256
2021-01-30,D,2501,4
2021-01-30,E,1198,2
2021-01-30,F,2001,5
2021-01-30,G,7437,11
2021-01-30,H,130,0
2021-01-30,I,126,0
2021-01-30,K,59,0
2021-01-30,L,35,0
2021-01-30,M,442,1
2021-01-30,N,238,4
2021-01-30,O,3,0
2021-01-30,Q,0,0
2021-01-30,R,1,0
2021-01-30,S,0,0
2021-01-30,T,0,0
2021-01-30,NA,8,0
2021-01-31,A,25976,512
2021-01-31,B,1239,298
2021-01-31,C,5666,256
2021-01-31,D,2505,4
2021-01-31,E,1203,2
2021-01-31,F,2001,5
2021-01-31,G,7448,11
2021-01-31,H,130,0
2021-01-31,I,126,0
2021-01-31,K,59,0
2021-01-31,L,35,0
2021-01-31,M,442,1
2021-01-31,N,238,4
2021-01-31,O,3,0
2021-01-31,Q,0,0
2021-01-31,R,1,0
2021-01-31,S,0,0
2021-01-31,T,0,0
2021-01-31,NA,8,0
2021-02-01,A,27268,629
2021-02-01,B,1243,361
2021-02-01,C,5932,315
2021-02-01,D,2639,6
2021-02-01,E,1272,4
2021-02-01,F,2004,5
2021-02-01,G,7575,14
2021-02-01,H,150,0
2021-02-01,I,157,0
2021-02-01,K,72,0
2021-02-01,L,38,0
2021-02-01,M,450,2
2021-02-01,N,248,6
2021-02-01,O,3,0
2021-02-01,Q,0,0
2021-02-01,R,1,0
2021-02-01,S,0,0
2021-02-01,T,0,0
2021-02-01,NA,8,0
2021-02-02,A,28590,810
2021-02-02,B,1245,399
2021-02-02,C,6238,388
2021-02-02,D,2858,9
2021-02-02,E,1355,6
2021-02-02,F,2007,10
2021-02-02,G,7678,16
2021-02-02,H,150,0
2021-02-02,I,157,0
2021-02-02,K,93,0
2021-02-02,L,76,0
2021-02-02,M,456,5
2021-02-02,N,256,9
2021-02-02,O,3,0
2021-02-02,Q,0,0
2021-02-02,R,1,0
2021-02-02,S,0,0
2021-02-02,T,0,0
2021-02-02,NA,8,0
2021-02-03,A,29924,1086
2021-02-03,B,1245,430
2021-02-03,C,6584,437
2021-02-03,D,3023,12
2021-02-03,E,1419,13
2021-02-03,F,2008,25
2021-02-03,G,7788,43
2021-02-03,H,151,0
2021-02-03,I,157,0
2021-02-03,K,93,0
2021-02-03,L,78,0
2021-02-03,M,457,9
2021-02-03,N,258,12
2021-02-03,O,3,0
2021-02-03,Q,0,0
2021-02-03,R,1,0
2021-02-03,S,0,0
2021-02-03,T,0,0
2021-02-03,NA,9,0
2021-02-04,A,30988,1373
2021-02-04,B,1248,437
2021-02-04,C,6851,457
2021-02-04,D,3293,13
2021-02-04,E,1634,14
2021-02-04,F,2008,38
2021-02-04,G,7952,43
2021-02-04,H,151,0
2021-02-04,I,157,0
2021-02-04,K,93,0
2021-02-04,L,78,0
2021-02-04,M,461,14
2021-02-04,N,264,13
2021-02-04,O,5,0
2021-02-04,Q,0,0
2021-02-04,R,1,0
2021-02-04,S,0,0
2021-02-04,T,0,0
2021-02-04,NA,10,0
2021-02-05,A,32144,1644
2021-02-05,B,1250,445
2021-02-05,C,7210,485
2021-02-05,D,3548,14
2021-02-05,E,1781,14
2021-02-05,F,2058,67
2021-02-05,G,8194,43
2021-02-05,H,159,0
2021-02-05,I,161,0
2021-02-05,K,95,0
2021-02-05,L,78,0
2021-02-05,M,472,15
2021-02-05,N,271,15
2021-02-05,O,5,0
2021-02-05,Q,0,0
2021-02-05,R,1,0
2021-02-05,S,0,0
2021-02-05,T,0,0
2021-02-05,NA,11,0
2021-02-06,A,32365,1644
2021-02-06,B,1250,445
2021-02-06,C,7317,485
2021-02-06,D,3582,14
2021-02-06,E,1795,14
2021-02-06,F,2058,67
2021-02-06,G,8272,43
2021-02-06,H,159,0
2021-02-06,I,164,0
2021-02-06,K,95,0
2021-02-06,L,78,0
2021-02-06,M,472,15
2021-02-06,N,271,15
2021-02-06,O,5,0
2021-02-06,Q,0,0
2021-02-06,R,1,0
2021-02-06,S,0,0
2021-02-06,T,0,0
2021-02-06,NA,11,0
2021-02-07,A,32380,1644
2021-02-07,B,1250,445
2021-02-07,C,7326,485
2021-02-07,D,3590,14
2021-02-07,E,1839,14
2021-02-07,F,2058,67
2021-02-07,G,8309,43
2021-02-07,H,159,0
2021-02-07,I,164,0
2021-02-07,K,95,0
2021-02-07,L,78,0
2021-02-07,M,472,15
2021-02-07,N,271,15
2021-02-07,O,5,0
2021-02-07,Q,0,0
2021-02-07,R,1,0
2021-02-07,S,0,0
2021-02-07,T,0,0
2021-02-07,NA,11,0
2021-02-08,A,32954,2001
2021-02-08,B,1251,486
2021-02-08,C,7438,532
2021-02-08,D,3681,18
2021-02-08,E,1876,15
2021-02-08,F,2058,102
2021-02-08,G,8335,107
2021-02-08,H,159,0
2021-02-08,I,164,0
2021-02-08,K,101,0
2021-02-08,L,97,0
2021-02-08,M,478,28
2021-02-08,N,277,18
2021-02-08,O,5,0
2021-02-08,Q,0,0
2021-02-08,R,1,0
2021-02-08,S,0,0
2021-02-08,T,0,0
2021-02-08,NA,11,0
2021-02-09,A,34323,2464
2021-02-09,B,1258,580
2021-02-09,C,7730,653
2021-02-09,D,3936,73
2021-02-09,E,2108,38
2021-02-09,F,2060,287
2021-02-09,G,8909,459
2021-02-09,H,166,2
2021-02-09,I,170,3
2021-02-09,K,122,0
2021-02-09,L,138,0
2021-02-09,M,480,42
2021-02-09,N,279,26
2021-02-09,O,6,0
2021-02-09,Q,0,0
2021-02-09,R,1,0
2021-02-09,S,0,0
2021-02-09,T,0,0
2021-02-09,NA,13,1
2021-02-10,A,36512,2945
2021-02-10,B,1279,660
2021-02-10,C,8199,767
2021-02-10,D,4328,135
2021-02-10,E,2511,81
2021-02-10,F,2070,612
2021-02-10,G,10562,765
2021-02-10,H,228,5
2021-02-10,I,291,5
2021-02-10,K,132,0
2021-02-10,L,145,0
2021-02-10,M,483,51
2021-02-10,N,281,32
2021-02-10,O,8,0
2021-02-10,Q,0,0
2021-02-10,R,1,0
2021-02-10,S,0,0
2021-02-10,T,0,0
2021-02-10,NA,15,1
2021-02-11,A,39118,3450
2021-02-11,B,1286,737
2021-02-11,C,8718,876
2021-02-11,D,4595,212
2021-02-11,E,2692,129
2021-02-11,F,2188,901
2021-02-11,G,11806,1408
2021-02-11,H,304,7
2021-02-11,I,350,6
2021-02-11,K,190,0
2021-02-11,L,167,0
2021-02-11,M,486,64
2021-02-11,N,287,35
2021-02-11,O,9,0
2021-02-11,Q,0,0
2021-02-11,R,2,0
2021-02-11,S,0,0
2021-02-11,T,0,0
2021-02-11,NA,17,1
2021-02-12,A,41418,3976
2021-02-12,B,1290,783
2021-02-12,C,9180,960
2021-02-12,D,4899,264
2021-02-12,E,2917,169
2021-02-12,F,2232,1176
2021-02-12,G,12789,1823
2021-02-12,H,383,8
2021-02-12,I,466,8
2021-02-12,K,217,0
2021-02-12,L,181,0
2021-02-12,M,499,81
2021-02-12,N,289,45
2021-02-12,O,9,0
2021-02-12,Q,0,0
2021-02-12,R,2,0
2021-02-12,S,0,0
2021-02-12,T,0,0
2021-02-12,NA,19,1
2021-02-13,A,42208,3978
2021-02-13,B,1292,785
2021-02-13,C,9289,969
2021-02-13,D,4944,265
2021-02-13,E,2933,170
2021-02-13,F,2235,1521
2021-02-13,G,13201,1823
2021-02-13,H,397,8
2021-02-13,I,475,8
2021-02-13,K,229,0
2021-02-13,L,183,0
2021-02-13,M,499,81
2021-02-13,N,289,45
2021-02-13,O,10,0
2021-02-13,Q,0,0
2021-02-13,R,2,0
2021-02-13,S,0,0
2021-02-13,T,0,0
2021-02-13,NA,22,1
2021-02-14,A,42210,3978
2021-02-14,B,1293,785
2021-02-14,C,9289,969
2021-02-14,D,4945,266
2021-02-14,E,2933,170
2021-02-14,F,2235,1521
2021-02-14,G,13201,1823
2021-02-14,H,397,8
2021-02-14,I,475,8
2021-02-14,K,229,0
2021-02-14,L,183,0
2021-02-14,M,499,81
2021-02-14,N,289,45
2021-02-14,O,10,0
2021-02-14,Q,0,0
2021-02-14,R,2,0
2021-02-14,S,0,0
2021-02-14,T,0,0
2021-02-14,NA,22,1
2021-02-15,A,42824,4610
2021-02-15,B,1294,843
2021-02-15,C,9417,1072
2021-02-15,D,5006,268
2021-02-15,E,2940,171
2021-02-15,F,2241,1576
2021-02-15,G,13348,1823
2021-02-15,H,412,8
2021-02-15,I,483,8
2021-02-15,K,230,0
2021-02-15,L,184,0
2021-02-15,M,503,103
2021-02-15,N,303,57
2021-02-15,O,10,0
2021-02-15,Q,0,0
2021-02-15,R,2,0
2021-02-15,S,0,0
2021-02-15,T,0,0
2021-02-15,NA,22,1
2021-02-16,A,43433,5476
2021-02-16,B,1302,934
2021-02-16,C,9596,1226
2021-02-16,D,5269,298
2021-02-16,E,3114,186
2021-02-16,F,2314,1611
2021-02-16,G,13756,1831
2021-02-16,H,430,8
2021-02-16,I,487,8
2021-02-16,K,332,0
2021-02-16,L,265,0
2021-02-16,M,507,118
2021-02-16,N,305,67
2021-02-16,O,11,0
2021-02-16,Q,0,0
2021-02-16,R,2,0
2021-02-16,S,0,0
2021-02-16,T,0,0
2021-02-16,NA,22,1
2021-02-17,A,44040,7265
2021-02-17,B,1320,1051
2021-02-17,C,9763,1637
2021-02-17,D,5377,453
2021-02-17,E,3151,252
2021-02-17,F,2375,1812
2021-02-17,G,13863,1872
2021-02-17,H,435,8
2021-02-17,I,496,9
2021-02-17,K,332,0
2021-02-17,L,267,0
2021-02-17,M,535,140
2021-02-17,N,328,83
2021-02-17,O,11,0
2021-02-17,Q,0,0
2021-02-17,R,2,0
2021-02-17,S,0,0
2021-02-17,T,0,0
2021-02-17,NA,22,1
2021-02-18,A,44506,9479
2021-02-18,B,1334,1110
2021-02-18,C,9914,2009
2021-02-18,D,5440,614
2021-02-18,E,3172,305
2021-02-18,F,2426,1848
2021-02-18,G,13988,2033
2021-02-18,H,447,9
2021-02-18,I,504,9
2021-02-18,K,332,0
2021-02-18,L,267,0
2021-02-18,M,535,168
2021-02-18,N,333,100
2021-02-18,O,11,0
2021-02-18,Q,0,0
2021-02-18,R,2,0
2021-02-18,S,0,0
2021-02-18,T,0,0
2021-02-18,NA,22,1
2021-02-19,A,44729,11476
2021-02-19,B,1354,1196
2021-02-19,C,9995,2398
2021-02-19,D,5489,758
2021-02-19,E,3192,351
2021-02-19,F,2473,1912
2021-02-19,G,14006,2075
2021-02-19,H,447,9
2021-02-19,I,504,9
2021-02-19,K,332,0
2021-02-19,L,267,0
2021-02-19,M,539,205
2021-02-19,N,333,117
2021-02-19,O,11,0
2021-02-19,Q,0,0
2021-02-19,R,2,0
2021-02-19,S,0,0
2021-02-19,T,0,0
2021-02-19,NA,22,1
2021-02-20,A,44745,12227
2021-02-20,B,1354,1199
2021-02-20,C,10014,2520
2021-02-20,D,5493,882
2021-02-20,E,3197,398
2021-02-20,F,2473,1912
2021-02-20,G,14013,2099
2021-02-20,H,447,9
2021-02-20,I,504,9
2021-02-20,K,333,0
2021-02-20,L,267,0
2021-02-20,M,539,205
2021-02-20,N,333,117
2021-02-20,O,11,0
2021-02-20,Q,0,0
2021-02-20,R,2,0
2021-02-20,S,0,0
2021-02-20,T,0,0
2021-02-20,NA,22,1
2021-02-21,A,44748,12243
2021-02-21,B,1354,1199
2021-02-21,C,10014,2522
2021-02-21,D,5493,884
2021-02-21,E,3197,398
2021-02-21,F,2474,1912
2021-02-21,G,14014,2099
2021-02-21,H,447,9
2021-02-21,I,504,9
2021-02-21,K,333,0
2021-02-21,L,267,0
2021-02-21,M,539,205
2021-02-21,N,333,117
2021-02-21,O,11,0
2021-02-21,Q,0,0
2021-02-21,R,2,0
2021-02-21,S,0,0
2021-02-21,T,0,0
2021-02-21,NA,22,1
2021-02-22,A,44979,13300
2021-02-22,B,1354,1203
2021-02-22,C,10052,2730
2021-02-22,D,5507,979
2021-02-22,E,3201,430
2021-02-22,F,2475,1913
2021-02-22,G,14028,2120
2021-02-22,H,447,9
2021-02-22,I,504,9
2021-02-22,K,333,0
2021-02-22,L,267,0
2021-02-22,M,558,253
2021-02-22,N,343,133
2021-02-22,O,11,0
2021-02-22,Q,0,0
2021-02-22,R,2,0
2021-02-22,S,0,0
2021-02-22,T,0,0
2021-02-22,NA,22,1
2021-02-23,A,45259,15010
2021-02-23,B,1354,1204
2021-02-23,C,10117,3054
2021-02-23,D,5527,1112
2021-02-23,E,3213,468
2021-02-23,F,2476,1913
2021-02-23,G,14089,2210
2021-02-23,H,447,9
2021-02-23,I,504,9
2021-02-23,K,334,0
2021-02-23,L,267,0
2021-02-23,M,580,294
2021-02-23,N,348,152
2021-02-23,O,11,0
2021-02-23,Q,0,0
2021-02-23,R,2,0
2021-02-23,S,0,0
2021-02-23,T,0,0
2021-02-23,NA,23,1
2021-02-24,A,45596,17173
2021-02-24,B,1355,1205
2021-02-24,C,10183,3531
2021-02-24,D,5556,1300
2021-02-24,E,3221,532
2021-02-24,F,2479,1914
2021-02-24,G,14140,2546
2021-02-24,H,448,12
2021-02-24,I,504,9
2021-02-24,K,336,5
2021-02-24,L,267,2
2021-02-24,M,606,335
2021-02-24,N,362,160
2021-02-24,O,11,0
2021-02-24,Q,0,0
2021-02-24,R,2,0
2021-02-24,S,0,0
2021-02-24,T,0,0
2021-02-24,NA,23,1
2021-02-25,A,45929,19531
2021-02-25,B,1355,1208
2021-02-25,C,10275,4040
2021-02-25,D,5592,1497
2021-02-25,E,3235,589
2021-02-25,F,2482,1919
2021-02-25,G,14240,3468
2021-02-25,H,450,17
2021-02-25,I,504,15
2021-02-25,K,336,6
2021-02-25,L,267,2
2021-02-25,M,623,357
2021-02-25,N,376,171
2021-02-25,O,11,0
2021-02-25,Q,0,0
2021-02-25,R,2,0
2021-02-25,S,0,0
2021-02-25,T,0,0
2021-02-25,NA,24,1
2021-02-26,A,46185,21410
2021-02-26,B,1355,1210
2021-02-26,C,10342,4508
2021-02-26,D,5604,1728
2021-02-26,E,3238,650
2021-02-26,F,2513,1921
2021-02-26,G,14489,4150
2021-02-26,H,451,25
2021-02-26,I,504,19
2021-02-26,K,384,9
2021-02-26,L,318,2
2021-02-26,M,645,369
2021-02-26,N,395,177
2021-02-26,O,11,0
2021-02-26,Q,0,0
2021-02-26,R,2,0
2021-02-26,S,0,0
2021-02-26,T,0,0
2021-02-26,NA,24,3
2021-02-27,A,46250,22040
2021-02-27,B,1355,1210
2021-02-27,C,10371,4699
2021-02-27,D,5646,1822
2021-02-27,E,3300,698
2021-02-27,F,2514,1921
2021-02-27,G,14602,4284
2021-02-27,H,451,37
2021-02-27,I,504,25
2021-02-27,K,385,11
2021-02-27,L,319,3
2021-02-27,M,645,369
2021-02-27,N,395,177
2021-02-27,O,11,0
2021-02-27,Q,0,0
2021-02-27,R,2,0
2021-02-27,S,0,0
2021-02-27,T,0,0
2021-02-27,NA,24,3
2021-02-28,A,46252,22054
2021-02-28,B,1355,1210
2021-02-28,C,10371,4702
2021-02-28,D,5646,1824
2021-02-28,E,3300,699
2021-02-28,F,2514,1921
2021-02-28,G,14610,4286
2021-02-28,H,451,37
2021-02-28,I,504,25
2021-02-28,K,385,11
2021-02-28,L,319,3
2021-02-28,M,645,369
2021-02-28,N,395,177
2021-02-28,O,11,0
2021-02-28,Q,0,0
2021-02-28,R,2,0
2021-02-28,S,0,0
2021-02-28,T,0,0
2021-02-28,NA,24,3
2021-03-01,A,46415,23219
2021-03-01,B,1356,1213
2021-03-01,C,10406,4923
2021-03-01,D,5654,1931
2021-03-01,E,3302,741
2021-03-01,F,2516,1921
2021-03-01,G,14615,4340
2021-03-01,H,451,37
2021-03-01,I,504,25
2021-03-01,K,385,12
2021-03-01,L,319,3
2021-03-01,M,683,386
2021-03-01,N,409,188
2021-03-01,O,11,0
2021-03-01,Q,0,0
2021-03-01,R,2,0
2021-03-01,S,0,0
2021-03-01,T,0,0
2021-03-01,NA,24,3
2021-03-02,A,46631,24780
2021-03-02,B,1360,1216
2021-03-02,C,10477,5248
2021-03-02,D,5669,2204
2021-03-02,E,3311,903
2021-03-02,F,2517,1922
2021-03-02,G,14725,4667
2021-03-02,H,453,45
2021-03-02,I,506,29
2021-03-02,K,388,69
2021-03-02,L,322,64
2021-03-02,M,705,393
2021-03-02,N,416,194
2021-03-02,O,11,0
2021-03-02,Q,0,0
2021-03-02,R,2,0
2021-03-02,S,0,0
2021-03-02,T,0,0
2021-03-02,NA,25,3
2021-03-03,A,47040,26990
2021-03-03,B,1362,1218
2021-03-03,C,10569,5838
2021-03-03,D,5719,2583
2021-03-03,E,3345,1105
2021-03-03,F,2743,1930
2021-03-03,G,14830,5431
2021-03-03,H,456,53
2021-03-03,I,509,35
2021-03-03,K,388,90
2021-03-03,L,325,75
2021-03-03,M,744,450
2021-03-03,N,438,245
2021-03-03,O,12,0
2021-03-03,Q,0,0
2021-03-03,R,3,0
2021-03-03,S,0,0
2021-03-03,T,0,0
2021-03-03,NA,25,4
2021-03-04,A,47375,28719
2021-03-04,B,1364,1219
2021-03-04,C,10669,6268
2021-03-04,D,5786,2855
2021-03-04,E,3376,1295
2021-03-04,F,3183,1960
2021-03-04,G,15049,6547
2021-03-04,H,464,82
2021-03-04,I,514,73
2021-03-04,K,388,101
2021-03-04,L,325,83
2021-03-04,M,760,460
2021-03-04,N,453,258
2021-03-04,O,12,1
2021-03-04,Q,0,0
2021-03-04,R,3,1
2021-03-04,S,0,0
2021-03-04,T,0,0
2021-03-04,NA,25,6
2021-03-05,A,47706,30517
2021-03-05,B,1368,1224
2021-03-05,C,10783,6752
2021-03-05,D,5813,3123
2021-03-05,E,3393,1417
2021-03-05,F,3630,1965
2021-03-05,G,15329,7456
2021-03-05,H,468,129
2021-03-05,I,523,124
2021-03-05,K,389,108
2021-03-05,L,325,86
2021-03-05,M,784,460
2021-03-05,N,469,264
2021-03-05,O,12,3
2021-03-05,Q,0,0
2021-03-05,R,3,1
2021-03-05,S,0,0
2021-03-05,T,0,0
2021-03-05,NA,25,8
2021-03-06,A,47736,30733
2021-03-06,B,1368,1225
2021-03-06,C,10792,6855
2021-03-06,D,5817,3167
2021-03-06,E,3401,1430
2021-03-06,F,3630,1965
2021-03-06,G,15340,7520
2021-03-06,H,468,129
2021-03-06,I,523,124
2021-03-06,K,389,109
2021-03-06,L,325,86
2021-03-06,M,784,460
2021-03-06,N,469,264
2021-03-06,O,12,3
2021-03-06,Q,0,0
2021-03-06,R,3,1
2021-03-06,S,0,0
2021-03-06,T,0,0
2021-03-06,NA,25,8
2021-03-07,A,47737,30742
2021-03-07,B,1368,1225
2021-03-07,C,10792,6865
2021-03-07,D,5818,3170
2021-03-07,E,3401,1430
2021-03-07,F,3630,1965
2021-03-07,G,15346,7526
2021-03-07,H,468,129
2021-03-07,I,523,124
2021-03-07,K,389,109
2021-03-07,L,325,86
2021-03-07,M,784,460
2021-03-07,N,469,264
2021-03-07,O,12,3
2021-03-07,Q,0,0
2021-03-07,R,3,1
2021-03-07,S,0,0
2021-03-07,T,0,0
2021-03-07,NA,25,8
2021-03-08,A,48505,31602
2021-03-08,B,1547,1228
2021-03-08,C,10974,7052
2021-03-08,D,5863,3290
2021-03-08,E,3417,1497
2021-03-08,F,3760,1965
2021-03-08,G,15650,7647
2021-03-08,H,476,145
2021-03-08,I,526,141
2021-03-08,K,389,121
2021-03-08,L,325,88
2021-03-08,M,813,469
2021-03-08,N,487,266
2021-03-08,O,12,3
2021-03-08,Q,0,0
2021-03-08,R,3,1
2021-03-08,S,0,0
2021-03-08,T,0,0
2021-03-08,NA,26,8
2021-03-09,A,49201,32390
2021-03-09,B,1894,1234
2021-03-09,C,11279,7263
2021-03-09,D,5997,3436
2021-03-09,E,3500,1565
2021-03-09,F,4023,1972
2021-03-09,G,16630,7757
2021-03-09,H,480,146
2021-03-09,I,531,141
2021-03-09,K,389,144
2021-03-09,L,325,127
2021-03-09,M,846,471
2021-03-09,N,503,270
2021-03-09,O,12,3
2021-03-09,Q,0,0
2021-03-09,R,3,1
2021-03-09,S,0,0
2021-03-09,T,0,0
2021-03-09,NA,26,8
2021-03-10,A,50101,33260
2021-03-10,B,2221,1240
2021-03-10,C,11656,7491
2021-03-10,D,6184,3551
2021-03-10,E,3600,1616
2021-03-10,F,4248,1974
2021-03-10,G,17711,7849
2021-03-10,H,492,146
2021-03-10,I,541,141
2021-03-10,K,389,144
2021-03-10,L,325,127
2021-03-10,M,890,471
2021-03-10,N,528,270
2021-03-10,O,13,3
2021-03-10,Q,0,0
2021-03-10,R,3,1
2021-03-10,S,0,0
2021-03-10,T,0,0
2021-03-10,NA,26,9
2021-03-11,A,51153,34226
2021-03-11,B,2473,1258
2021-03-11,C,12138,7736
2021-03-11,D,6485,3800
2021-03-11,E,3747,1823
2021-03-11,F,4501,2030
2021-03-11,G,18456,8033
2021-03-11,H,497,146
2021-03-11,I,549,141
2021-03-11,K,394,144
2021-03-11,L,332,127
2021-03-11,M,948,476
2021-03-11,N,563,272
2021-03-11,O,13,5
2021-03-11,Q,0,0
2021-03-11,R,4,1
2021-03-11,S,0,0
2021-03-11,T,0,0
2021-03-11,NA,26,10
2021-03-12,A,51950,34879
2021-03-12,B,2655,1266
2021-03-12,C,12603,7946
2021-03-12,D,6626,3982
2021-03-12,E,3815,1952
2021-03-12,F,4780,2125
2021-03-12,G,18661,8270
2021-03-12,H,498,153
2021-03-12,I,552,145
2021-03-12,K,394,145
2021-03-12,L,332,127
2021-03-12,M,1011,478
2021-03-12,N,589,273
2021-03-12,O,13,5
2021-03-12,Q,0,0
2021-03-12,R,6,1
2021-03-12,S,0,0
2021-03-12,T,0,0
2021-03-12,NA,26,11
2021-03-13,A,52106,35087
2021-03-13,B,2660,1268
2021-03-13,C,12677,8006
2021-03-13,D,6658,4001
2021-03-13,E,3826,1963
2021-03-13,F,4780,2125
2021-03-13,G,18669,8353
2021-03-13,H,498,153
2021-03-13,I,552,148
2021-03-13,K,394,145
2021-03-13,L,332,127
2021-03-13,M,1011,478
2021-03-13,N,590,273
2021-03-13,O,13,5
2021-03-13,Q,0,0
2021-03-13,R,6,1
2021-03-13,S,0,0
2021-03-13,T,0,0
2021-03-13,NA,26,11
2021-03-14,A,52118,35099
2021-03-14,B,2660,1268
2021-03-14,C,12682,8016
2021-03-14,D,6665,4009
2021-03-14,E,3828,2007
2021-03-14,F,4784,2125
2021-03-14,G,18676,8390
2021-03-14,H,498,153
2021-03-14,I,552,148
2021-03-14,K,394,145
2021-03-14,L,332,127
2021-03-14,M,1011,478
2021-03-14,N,592,273
2021-03-14,O,13,5
2021-03-14,Q,0,0
2021-03-14,R,6,1
2021-03-14,S,0,0
2021-03-14,T,0,0
2021-03-14,NA,26,11
2021-03-15,A,52526,35407
2021-03-15,B,2831,1270
2021-03-15,C,12905,8103
2021-03-15,D,6762,4056
2021-03-15,E,3894,2018
2021-03-15,F,4935,2130
2021-03-15,G,18697,8411
2021-03-15,H,499,153
2021-03-15,I,552,148
2021-03-15,K,394,150
2021-03-15,L,333,144
2021-03-15,M,1053,481
2021-03-15,N,609,283
2021-03-15,O,13,5
2021-03-15,Q,0,0
2021-03-15,R,6,1
2021-03-15,S,0,0
2021-03-15,T,0,0
2021-03-15,NA,26,11
2021-03-16,A,53088,36271
2021-03-16,B,3050,1271
2021-03-16,C,13333,8284
2021-03-16,D,6913,4224
2021-03-16,E,3970,2203
2021-03-16,F,5157,2135
2021-03-16,G,19403,8955
2021-03-16,H,514,161
2021-03-16,I,570,154
2021-03-16,K,394,171
2021-03-16,L,335,185
2021-03-16,M,1091,483
2021-03-16,N,632,283
2021-03-16,O,13,6
2021-03-16,Q,0,0
2021-03-16,R,6,1
2021-03-16,S,0,0
2021-03-16,T,0,0
2021-03-16,NA,26,13
2021-03-17,A,54032,38085
2021-03-17,B,3203,1291
2021-03-17,C,13739,8712
2021-03-17,D,7115,4589
2021-03-17,E,4102,2574
2021-03-17,F,5390,2143
2021-03-17,G,20092,10633
2021-03-17,H,526,223
2021-03-17,I,586,276
2021-03-17,K,395,180
2021-03-17,L,336,192
2021-03-17,M,1147,487
2021-03-17,N,670,287
2021-03-17,O,13,8
2021-03-17,Q,0,0
2021-03-17,R,7,1
2021-03-17,S,0,0
2021-03-17,T,0,0
2021-03-17,NA,26,15
2021-03-18,A,55087,40317
2021-03-18,B,3306,1293
2021-03-18,C,14197,9135
2021-03-18,D,7224,4787
2021-03-18,E,4183,2720
2021-03-18,F,5663,2243
2021-03-18,G,20522,11879
2021-03-18,H,538,279
2021-03-18,I,594,323
2021-03-18,K,419,236
2021-03-18,L,352,212
2021-03-18,M,1191,493
2021-03-18,N,707,292
2021-03-18,O,13,9
2021-03-18,Q,0,0
2021-03-18,R,7,1
2021-03-18,S,0,0
2021-03-18,T,0,0
2021-03-18,NA,28,17
2021-03-19,A,55850,42263
2021-03-19,B,3440,1302
2021-03-19,C,14585,9517
2021-03-19,D,7378,5045
2021-03-19,E,4259,2874
2021-03-19,F,5913,2292
2021-03-19,G,20694,12659
2021-03-19,H,569,381
2021-03-19,I,608,452
2021-03-19,K,433,259
2021-03-19,L,355,226
2021-03-19,M,1228,506
2021-03-19,N,733,300
2021-03-19,O,13,10
2021-03-19,Q,0,0
2021-03-19,R,7,1
2021-03-19,S,0,0
2021-03-19,T,0,0
2021-03-19,NA,28,19
2021-03-20,A,55987,42980
2021-03-20,B,3441,1302
2021-03-20,C,14618,9609
2021-03-20,D,7394,5069
2021-03-20,E,4270,2879
2021-03-20,F,5917,2292
2021-03-20,G,20759,13053
2021-03-20,H,574,395
2021-03-20,I,610,460
2021-03-20,K,434,271
2021-03-20,L,356,228
2021-03-20,M,1234,506
2021-03-20,N,735,300
2021-03-20,O,13,10
2021-03-20,Q,0,0
2021-03-20,R,7,1
2021-03-20,S,0,0
2021-03-20,T,0,0
2021-03-20,NA,29,22
2021-03-21,A,55991,42981
2021-03-21,B,3441,1302
2021-03-21,C,14622,9609
2021-03-21,D,7397,5071
2021-03-21,E,4273,2879
2021-03-21,F,5917,2292
2021-03-21,G,20759,13053
2021-03-21,H,574,395
2021-03-21,I,610,460
2021-03-21,K,434,271
2021-03-21,L,356,228
2021-03-21,M,1234,506
2021-03-21,N,735,300
2021-03-21,O,13,10
2021-03-21,Q,0,0
2021-03-21,R,7,1
2021-03-21,S,0,0
2021-03-21,T,0,0
2021-03-21,NA,29,22
2021-03-22,A,56525,43593
2021-03-22,B,3561,1303
2021-03-22,C,14830,9724
2021-03-22,D,7426,5125
2021-03-22,E,4295,2941
2021-03-22,F,6146,2295
2021-03-22,G,20777,13252
2021-03-22,H,579,405
2021-03-22,I,616,466
2021-03-22,K,435,272
2021-03-22,L,356,228
2021-03-22,M,1270,541
2021-03-22,N,748,312
2021-03-22,O,13,10
2021-03-22,Q,0,0
2021-03-22,R,7,1
2021-03-22,S,0,0
2021-03-22,T,0,0
2021-03-22,NA,29,22
2021-03-23,A,57202,44266
2021-03-23,B,3702,1304
2021-03-23,C,15158,9912
2021-03-23,D,7486,5385
2021-03-23,E,4331,3120
2021-03-23,F,6295,2308
2021-03-23,G,21071,13677
2021-03-23,H,584,423
2021-03-23,I,624,471
2021-03-23,K,436,374
2021-03-23,L,356,309
2021-03-23,M,1318,567
2021-03-23,N,773,329
2021-03-23,O,13,11
2021-03-23,Q,0,0
2021-03-23,R,7,1
2021-03-23,S,0,0
2021-03-23,T,0,0
2021-03-23,NA,32,22
2021-03-24,A,57892,44711
2021-03-24,B,3792,1307
2021-03-24,C,15573,9998
2021-03-24,D,7562,5449
2021-03-24,E,4374,3142
2021-03-24,F,6619,2334
2021-03-24,G,21515,13840
2021-03-24,H,591,429
2021-03-24,I,629,480
2021-03-24,K,436,375
2021-03-24,L,357,309
2021-03-24,M,1385,600
2021-03-24,N,803,355
2021-03-24,O,13,11
2021-03-24,Q,0,0
2021-03-24,R,9,1
2021-03-24,S,0,0
2021-03-24,T,0,0
2021-03-24,NA,32,22
2021-03-25,A,58639,45060
2021-03-25,B,3810,1307
2021-03-25,C,15865,10082
2021-03-25,D,7670,5488
2021-03-25,E,4416,3151
2021-03-25,F,6764,2343
2021-03-25,G,21917,14021
2021-03-25,H,594,441
2021-03-25,I,631,487
2021-03-25,K,438,375
2021-03-25,L,357,309
2021-03-25,M,1435,608
2021-03-25,N,844,357
2021-03-25,O,13,11
2021-03-25,Q,0,0
2021-03-25,R,9,1
2021-03-25,S,0,0
2021-03-25,T,0,0
2021-03-25,NA,32,23
2021-03-26,A,60129,45406
2021-03-26,B,3834,1307
2021-03-26,C,16341,10150
2021-03-26,D,7841,5501
2021-03-26,E,4500,3158
2021-03-26,F,6888,2374
2021-03-26,G,22384,14103
2021-03-26,H,598,441
2021-03-26,I,637,488
2021-03-26,K,439,375
2021-03-26,L,360,309
2021-03-26,M,1502,629
2021-03-26,N,881,375
2021-03-26,O,13,11
2021-03-26,Q,0,0
2021-03-26,R,10,1
2021-03-26,S,0,0
2021-03-26,T,0,0
2021-03-26,NA,32,23
2021-03-27,A,61499,45436
2021-03-27,B,3930,1307
2021-03-27,C,16796,10176
2021-03-27,D,8081,5539
2021-03-27,E,4589,3216
2021-03-27,F,6923,2374
2021-03-27,G,22467,14158
2021-03-27,H,600,441
2021-03-27,I,639,488
2021-03-27,K,441,375
2021-03-27,L,361,309
2021-03-27,M,1505,629
2021-03-27,N,892,375
2021-03-27,O,13,11
2021-03-27,Q,0,0
2021-03-27,R,10,1
2021-03-27,S,0,0
2021-03-27,T,0,0
2021-03-27,NA,32,23
2021-03-28,A,61625,45436
2021-03-28,B,3931,1307
2021-03-28,C,16824,10176
2021-03-28,D,8100,5539
2021-03-28,E,4592,3216
2021-03-28,F,6923,2374
2021-03-28,G,22479,14159
2021-03-28,H,601,441
2021-03-28,I,639,488
2021-03-28,K,441,375
2021-03-28,L,361,309
2021-03-28,M,1511,629
2021-03-28,N,894,375
2021-03-28,O,13,11
2021-03-28,Q,0,0
2021-03-28,R,10,1
2021-03-28,S,0,0
2021-03-28,T,0,0
2021-03-28,NA,32,23
2021-03-29,A,63595,45625
2021-03-29,B,3965,1309
2021-03-29,C,17384,10240
2021-03-29,D,8368,5549
2021-03-29,E,4673,3225
2021-03-29,F,6928,2747
2021-03-29,G,22571,14199
2021-03-29,H,602,441
2021-03-29,I,639,489
2021-03-29,K,445,375
2021-03-29,L,364,309
2021-03-29,M,1551,662
2021-03-29,N,919,387
2021-03-29,O,13,11
2021-03-29,Q,0,0
2021-03-29,R,10,1
2021-03-29,S,0,0
2021-03-29,T,0,0
2021-03-29,NA,32,23
2021-03-30,A,66187,46190
2021-03-30,B,3987,1358
2021-03-30,C,18154,10357
2021-03-30,D,8776,5583
2021-03-30,E,4817,3246
2021-03-30,F,6933,2794
2021-03-30,G,22712,14270
2021-03-30,H,603,441
2021-03-30,I,642,491
2021-03-30,K,447,378
2021-03-30,L,364,311
2021-03-30,M,1613,708
2021-03-30,N,977,416
2021-03-30,O,13,12
2021-03-30,Q,0,0
2021-03-30,R,10,2
2021-03-30,S,0,0
2021-03-30,T,0,0
2021-03-30,NA,32,23
2021-03-31,A,68269,46625
2021-03-31,B,4033,1359
2021-03-31,C,18819,10457
2021-03-31,D,9078,5609
2021-03-31,E,4936,3261
2021-03-31,F,6954,3022
2021-03-31,G,22872,14443
2021-03-31,H,608,445
2021-03-31,I,647,494
2021-03-31,K,449,378
2021-03-31,L,367,314
2021-03-31,M,1686,736
2021-03-31,N,1027,427
2021-03-31,O,13,12
2021-03-31,Q,0,0
2021-03-31,R,11,2
2021-03-31,S,0,0
2021-03-31,T,0,0
2021-03-31,NA,33,23
2021-04-01,A,70040,46968
2021-04-01,B,4055,1362
2021-04-01,C,19408,10552
2021-04-01,D,9337,5653
2021-04-01,E,5016,3282
2021-04-01,F,6985,3405
2021-04-01,G,23010,14603
2021-04-01,H,611,448
2021-04-01,I,648,495
2021-04-01,K,453,378
2021-04-01,L,371,314
2021-04-01,M,1751,759
2021-04-01,N,1064,442
2021-04-01,O,13,12
2021-04-01,Q,0,0
2021-04-01,R,11,2
2021-04-01,S,0,0
2021-04-01,T,0,0
2021-04-01,NA,34,23
2021-04-02,A,70059,46968
2021-04-02,B,4055,1362
2021-04-02,C,19446,10553
2021-04-02,D,9360,5654
2021-04-02,E,5020,3283
2021-04-02,F,6985,3405
2021-04-02,G,23011,14604
2021-04-02,H,611,448
2021-04-02,I,648,495
2021-04-02,K,453,378
2021-04-02,L,371,314
2021-04-02,M,1752,759
2021-04-02,N,1066,442
2021-04-02,O,13,12
2021-04-02,Q,0,0
2021-04-02,R,11,2
2021-04-02,S,0,0
2021-04-02,T,0,0
2021-04-02,NA,34,23
2021-04-03,A,70064,46990
2021-04-03,B,4065,1362
2021-04-03,C,19468,10561
2021-04-03,D,9373,5657
2021-04-03,E,5023,3284
2021-04-03,F,6985,3405
2021-04-03,G,23011,14604
2021-04-03,H,611,448
2021-04-03,I,648,495
2021-04-03,K,453,378
2021-04-03,L,371,314
2021-04-03,M,1753,760
2021-04-03,N,1067,442
2021-04-03,O,13,12
2021-04-03,Q,0,0
2021-04-03,R,11,2
2021-04-03,S,0,0
2021-04-03,T,0,0
2021-04-03,NA,34,23
2021-04-04,A,70065,46990
2021-04-04,B,4065,1362
2021-04-04,C,19469,10561
2021-04-04,D,9374,5657
2021-04-04,E,5023,3284
2021-04-04,F,6985,3405
2021-04-04,G,23011,14605
2021-04-04,H,611,448
2021-04-04,I,648,495
2021-04-04,K,453,378
2021-04-04,L,371,314
2021-04-04,M,1754,760
2021-04-04,N,1067,442
2021-04-04,O,13,12
2021-04-04,Q,0,0
2021-04-04,R,11,2
2021-04-04,S,0,0
2021-04-04,T,0,0
2021-04-04,NA,34,23
2021-04-05,A,70067,46994
2021-04-05,B,4065,1362
2021-04-05,C,19472,10561
2021-04-05,D,9379,5658
2021-04-05,E,5028,3292
2021-04-05,F,6986,3405
2021-04-05,G,23012,14605
2021-04-05,H,611,448
2021-04-05,I,648,495
2021-04-05,K,453,378
2021-04-05,L,371,314
2021-04-05,M,1755,760
2021-04-05,N,1070,442
2021-04-05,O,13,12
2021-04-05,Q,0,0
2021-04-05,R,11,2
2021-04-05,S,0,0
2021-04-05,T,0,0
2021-04-05,NA,34,23
2021-04-06,A,72382,47724
2021-04-06,B,4097,1707
2021-04-06,C,19860,10857
2021-04-06,D,9557,5770
2021-04-06,E,5109,3353
2021-04-06,F,7001,3677
2021-04-06,G,23059,15207
2021-04-06,H,613,455
2021-04-06,I,649,497
2021-04-06,K,461,378
2021-04-06,L,372,314
2021-04-06,M,1801,802
2021-04-06,N,1099,465
2021-04-06,O,13,12
2021-04-06,Q,0,0
2021-04-06,R,11,2
2021-04-06,S,0,0
2021-04-06,T,0,0
2021-04-06,NA,34,23
2021-04-07,A,75079,48627
2021-04-07,B,4207,2026
2021-04-07,C,20818,11217
2021-04-07,D,9860,5939
2021-04-07,E,5342,3441
2021-04-07,F,7017,3936
2021-04-07,G,23147,16093
2021-04-07,H,614,461
2021-04-07,I,651,505
2021-04-07,K,461,378
2021-04-07,L,373,314
2021-04-07,M,1841,846
2021-04-07,N,1118,490
2021-04-07,O,13,12
2021-04-07,Q,0,0
2021-04-07,R,11,2
2021-04-07,S,0,0
2021-04-07,T,0,0
2021-04-07,NA,34,23
2021-04-08,A,78551,49512
2021-04-08,B,4331,2295
2021-04-08,C,22123,11649
2021-04-08,D,10393,6181
2021-04-08,E,5663,3561
2021-04-08,F,7056,4292
2021-04-08,G,23260,16855
2021-04-08,H,618,467
2021-04-08,I,654,512
2021-04-08,K,461,378
2021-04-08,L,374,314
2021-04-08,M,1889,889
2021-04-08,N,1137,514
2021-04-08,O,14,12
2021-04-08,Q,0,0
2021-04-08,R,11,2
2021-04-08,S,0,0
2021-04-08,T,0,0
2021-04-08,NA,34,23
2021-04-09,A,81464,50086
2021-04-09,B,4457,2526
2021-04-09,C,23427,12047
2021-04-09,D,10876,6279
2021-04-09,E,5996,3607
2021-04-09,F,7090,4688
2021-04-09,G,23352,17026
2021-04-09,H,621,468
2021-04-09,I,656,515
2021-04-09,K,461,378
2021-04-09,L,376,314
2021-04-09,M,1919,954
2021-04-09,N,1176,548
2021-04-09,O,15,12
2021-04-09,Q,0,0
2021-04-09,R,11,4
2021-04-09,S,0,0
2021-04-09,T,0,0
2021-04-09,NA,34,23
2021-04-10,A,82707,50187
2021-04-10,B,4567,2585
2021-04-10,C,24276,12104
2021-04-10,D,11254,6298
2021-04-10,E,6243,3611
2021-04-10,F,7092,4688
2021-04-10,G,23422,17028
2021-04-10,H,625,468
2021-04-10,I,661,515
2021-04-10,K,461,378
2021-04-10,L,377,314
2021-04-10,M,1940,954
2021-04-10,N,1192,548
2021-04-10,O,18,12
2021-04-10,Q,0,0
2021-04-10,R,11,4
2021-04-10,S,0,0
2021-04-10,T,0,0
2021-04-10,NA,34,23
2021-04-11,A,82723,50188
2021-04-11,B,4567,2585
2021-04-11,C,24342,12106
2021-04-11,D,11302,6301
2021-04-11,E,6248,3611
2021-04-11,F,7092,4688
2021-04-11,G,23422,17028
2021-04-11,H,625,468
2021-04-11,I,661,515
2021-04-11,K,461,378
2021-04-11,L,377,314
2021-04-11,M,1941,954
2021-04-11,N,1192,548
2021-04-11,O,18,12
2021-04-11,Q,0,0
2021-04-11,R,11,4
2021-04-11,S,0,0
2021-04-11,T,0,0
2021-04-11,NA,34,23
2021-04-12,A,84762,50715
2021-04-12,B,4796,2765
2021-04-12,C,26732,12341
2021-04-12,D,12105,6409
2021-04-12,E,6759,3676
2021-04-12,F,7115,4842
2021-04-12,G,23527,17058
2021-04-12,H,631,470
2021-04-12,I,664,516
2021-04-12,K,462,378
2021-04-12,L,378,314
2021-04-12,M,1972,996
2021-04-12,N,1220,563
2021-04-12,O,19,12
2021-04-12,Q,0,0
2021-04-12,R,11,4
2021-04-12,S,0,0
2021-04-12,T,0,0
2021-04-12,NA,34,23
2021-04-13,A,86997,51300
2021-04-13,B,5039,2968
2021-04-13,C,29818,12750
2021-04-13,D,13149,6548
2021-04-13,E,7377,3749
2021-04-13,F,7139,5086
2021-04-13,G,23638,17691
2021-04-13,H,637,472
2021-04-13,I,667,518
2021-04-13,K,467,378
2021-04-13,L,380,315
2021-04-13,M,2014,1041
2021-04-13,N,1258,590
2021-04-13,O,20,12
2021-04-13,Q,0,0
2021-04-13,R,12,4
2021-04-13,S,0,0
2021-04-13,T,0,0
2021-04-13,NA,34,23
2021-04-14,A,89026,52159
2021-04-14,B,5418,3106
2021-04-14,C,33761,13120
2021-04-14,D,14649,6714
2021-04-14,E,8272,3850
2021-04-14,F,7166,5356
2021-04-14,G,23952,18299
2021-04-14,H,642,478
2021-04-14,I,670,525
2021-04-14,K,477,379
2021-04-14,L,381,315
2021-04-14,M,2077,1097
2021-04-14,N,1312,612
2021-04-14,O,20,12
2021-04-14,Q,0,0
2021-04-14,R,12,4
2021-04-14,S,0,0
2021-04-14,T,0,0
2021-04-14,NA,34,23
2021-04-15,A,91297,52984
2021-04-15,B,5733,3204
2021-04-15,C,37591,13531
2021-04-15,D,16221,6793
2021-04-15,E,9156,3884
2021-04-15,F,7187,5617
2021-04-15,G,24200,18475
2021-04-15,H,646,486
2021-04-15,I,673,530
2021-04-15,K,482,395
2021-04-15,L,381,331
2021-04-15,M,2150,1165
2021-04-15,N,1360,665
2021-04-15,O,20,12
2021-04-15,Q,0,0
2021-04-15,R,12,5
2021-04-15,S,0,0
2021-04-15,T,0,0
2021-04-15,NA,34,23
2021-04-16,A,93258,53750
2021-04-16,B,6105,3331
2021-04-16,C,41276,13884
2021-04-16,D,17969,6907
2021-04-16,E,10126,3949
2021-04-16,F,7227,5888
2021-04-16,G,24553,18519
2021-04-16,H,657,491
2021-04-16,I,677,530
2021-04-16,K,527,397
2021-04-16,L,398,332
2021-04-16,M,2224,1238
2021-04-16,N,1417,712
2021-04-16,O,21,12
2021-04-16,Q,0,0
2021-04-16,R,12,5
2021-04-16,S,1,0
2021-04-16,T,0,0
2021-04-16,NA,34,23
2021-04-17,A,94473,53849
2021-04-17,B,6426,3338
2021-04-17,C,43039,13915
2021-04-17,D,18802,6922
2021-04-17,E,10512,3959
2021-04-17,F,7235,5913
2021-04-17,G,24711,18534
2021-04-17,H,673,491
2021-04-17,I,687,530
2021-04-17,K,535,397
2021-04-17,L,401,332
2021-04-17,M,2287,1238
2021-04-17,N,1457,712
2021-04-17,O,21,12
2021-04-17,Q,0,0
2021-04-17,R,12,5
2021-04-17,S,1,0
2021-04-17,T,0,0
2021-04-17,NA,34,23
2021-04-18,A,94561,53849
2021-04-18,B,6439,3338
2021-04-18,C,43203,13915
2021-04-18,D,18858,6922
2021-04-18,E,10516,3959
2021-04-18,F,7235,5913
2021-04-18,G,24744,18535
2021-04-18,H,673,491
2021-04-18,I,688,530
2021-04-18,K,535,397
2021-04-18,L,402,332
2021-04-18,M,2294,1238
2021-04-18,N,1463,712
2021-04-18,O,21,12
2021-04-18,Q,0,0
2021-04-18,R,12,5
2021-04-18,S,1,0
2021-04-18,T,0,0
2021-04-18,NA,34,23
2021-04-19,A,95614,54317
2021-04-19,B,6877,3477
2021-04-19,C,46868,14153
2021-04-19,D,20475,6965
2021-04-19,E,11470,3985
2021-04-19,F,7371,6136
2021-04-19,G,25123,18545
2021-04-19,H,681,491
2021-04-19,I,690,531
2021-04-19,K,543,397
2021-04-19,L,405,333
2021-04-19,M,2341,1270
2021-04-19,N,1494,727
2021-04-19,O,21,12
2021-04-19,Q,0,0
2021-04-19,R,12,5
2021-04-19,S,1,0
2021-04-19,T,0,0
2021-04-19,NA,34,23
2021-04-20,A,96855,55113
2021-04-20,B,7385,3611
2021-04-20,C,51475,14499
2021-04-20,D,22405,7035
2021-04-20,E,12542,4021
2021-04-20,F,7497,6302
2021-04-20,G,25526,18759
2021-04-20,H,688,494
2021-04-20,I,694,531
2021-04-20,K,550,397
2021-04-20,L,412,334
2021-04-20,M,2414,1323
2021-04-20,N,1551,753
2021-04-20,O,22,12
2021-04-20,Q,0,0
2021-04-20,R,12,5
2021-04-20,S,1,0
2021-04-20,T,0,1
2021-04-20,NA,34,23
2021-04-21,A,98176,55709
2021-04-21,B,7930,3700
2021-04-21,C,56010,14843
2021-04-21,D,24536,7093
2021-04-21,E,13626,4051
2021-04-21,F,7665,6642
2021-04-21,G,25996,19145
2021-04-21,H,697,496
2021-04-21,I,708,531
2021-04-21,K,564,397
2021-04-21,L,417,334
2021-04-21,M,2529,1378
2021-04-21,N,1646,779
2021-04-21,O,22,12
2021-04-21,Q,0,0
2021-04-21,R,13,8
2021-04-21,S,1,0
2021-04-21,T,0,1
2021-04-21,NA,34,23
2021-04-22,A,99744,56390
2021-04-22,B,8554,3721
2021-04-22,C,60631,15118
2021-04-22,D,26957,7178
2021-04-22,E,14770,4088
2021-04-22,F,8002,6828
2021-04-22,G,26757,19508
2021-04-22,H,715,499
2021-04-22,I,737,533
2021-04-22,K,583,401
2021-04-22,L,423,336
2021-04-22,M,2629,1423
2021-04-22,N,1705,815
2021-04-22,O,25,12
2021-04-22,Q,0,0
2021-04-22,R,13,8
2021-04-22,S,1,0
2021-04-22,T,0,1
2021-04-22,NA,34,23
2021-04-23,A,100803,57407
2021-04-23,B,9142,3741
2021-04-23,C,64194,15445
2021-04-23,D,28965,7306
2021-04-23,E,15838,4153
2021-04-23,F,8160,6958
2021-04-23,G,27239,19920
2021-04-23,H,721,502
2021-04-23,I,749,538
2021-04-23,K,600,402
2021-04-23,L,428,337
2021-04-23,M,2706,1491
2021-04-23,N,1823,870
2021-04-23,O,25,12
2021-04-23,Q,0,0
2021-04-23,R,16,10
2021-04-23,S,4,0
2021-04-23,T,0,1
2021-04-23,NA,34,23
2021-04-24,A,101384,58210
2021-04-24,B,9307,3749
2021-04-24,C,65059,15626
2021-04-24,D,29603,7475
2021-04-24,E,16144,4218
2021-04-24,F,8170,6959
2021-04-24,G,27339,19964
2021-04-24,H,723,504
2021-04-24,I,750,540
2021-04-24,K,604,403
2021-04-24,L,433,337
2021-04-24,M,2729,1495
2021-04-24,N,1843,877
2021-04-24,O,25,12
2021-04-24,Q,0,0
2021-04-24,R,16,10
2021-04-24,S,4,0
2021-04-24,T,0,1
2021-04-24,NA,34,23
2021-04-25,A,101390,58323
2021-04-25,B,9335,3752
2021-04-25,C,65077,15651
2021-04-25,D,29625,7488
2021-04-25,E,16147,4219
2021-04-25,F,8170,6959
2021-04-25,G,27360,19973
2021-04-25,H,723,505
2021-04-25,I,750,540
2021-04-25,K,605,403
2021-04-25,L,434,337
2021-04-25,M,2734,1501
2021-04-25,N,1849,879
2021-04-25,O,25,12
2021-04-25,Q,0,0
2021-04-25,R,16,10
2021-04-25,S,4,0
2021-04-25,T,0,1
2021-04-25,NA,34,23
2021-04-26,A,102094,59539
2021-04-26,B,9850,3760
2021-04-26,C,67902,16010
2021-04-26,D,31473,7686
2021-04-26,E,17142,4282
2021-04-26,F,8264,6963
2021-04-26,G,27721,20030
2021-04-26,H,735,505
2021-04-26,I,755,541
2021-04-26,K,623,406
2021-04-26,L,444,339
2021-04-26,M,2794,1506
2021-04-26,N,1907,885
2021-04-26,O,25,12
2021-04-26,Q,0,0
2021-04-26,R,17,10
2021-04-26,S,4,0
2021-04-26,T,0,1
2021-04-26,NA,34,23
2021-04-27,A,103167,60942
2021-04-27,B,10544,3768
2021-04-27,C,71988,16444
2021-04-27,D,33928,7914
2021-04-27,E,18397,4348
2021-04-27,F,8646,6969
2021-04-27,G,28350,20119
2021-04-27,H,759,506
2021-04-27,I,779,544
2021-04-27,K,640,407
2021-04-27,L,456,339
2021-04-27,M,2901,1514
2021-04-27,N,2026,891
2021-04-27,O,31,12
2021-04-27,Q,0,0
2021-04-27,R,21,10
2021-04-27,S,4,0
2021-04-27,T,0,1
2021-04-27,NA,34,23
2021-04-28,A,104175,62271
2021-04-28,B,11222,3790
2021-04-28,C,75580,16843
2021-04-28,D,36195,8123
2021-04-28,E,19611,4442
2021-04-28,F,9047,6976
2021-04-28,G,29088,20212
2021-04-28,H,797,507
2021-04-28,I,818,545
2021-04-28,K,716,407
2021-04-28,L,482,339
2021-04-28,M,3053,1539
2021-04-28,N,2187,929
2021-04-28,O,41,12
2021-04-28,Q,0,0
2021-04-28,R,28,10
2021-04-28,S,4,0
2021-04-28,T,0,1
2021-04-28,NA,34,23
2021-04-29,A,105237,63528
2021-04-29,B,11912,3804
2021-04-29,C,78528,17229
2021-04-29,D,38572,8332
2021-04-29,E,20808,4500
2021-04-29,F,9416,6996
2021-04-29,G,29831,20306
2021-04-29,H,863,510
2021-04-29,I,861,545
2021-04-29,K,742,410
2021-04-29,L,508,339
2021-04-29,M,3372,1544
2021-04-29,N,2380,932
2021-04-29,O,42,12
2021-04-29,Q,0,0
2021-04-29,R,34,10
2021-04-29,S,4,0
2021-04-29,T,0,1
2021-04-29,NA,34,23
2021-04-30,A,106045,64160
2021-04-30,B,12565,3818
2021-04-30,C,80903,17448
2021-04-30,D,40598,8448
2021-04-30,E,21991,4539
2021-04-30,F,9903,7021
2021-04-30,G,30967,20347
2021-04-30,H,928,513
2021-04-30,I,897,552
2021-04-30,K,766,412
2021-04-30,L,523,343
2021-04-30,M,3864,1553
2021-04-30,N,2625,947
2021-04-30,O,46,12
2021-04-30,Q,0,0
2021-04-30,R,35,10
2021-04-30,S,4,0
2021-04-30,T,1,1
2021-04-30,NA,34,23
2021-05-01,A,106239,64198
2021-05-01,B,12693,3825
2021-05-01,C,81466,17462
2021-05-01,D,41148,8453
2021-05-01,E,22262,4541
2021-05-01,F,9915,7022
2021-05-01,G,31023,20351
2021-05-01,H,942,514
2021-05-01,I,904,552
2021-05-01,K,775,412
2021-05-01,L,525,343
2021-05-01,M,4056,1553
2021-05-01,N,2716,947
2021-05-01,O,46,12
2021-05-01,Q,0,0
2021-05-01,R,36,10
2021-05-01,S,4,0
2021-05-01,T,1,1
2021-05-01,NA,34,23
2021-05-02,A,106240,64199
2021-05-02,B,12694,3825
2021-05-02,C,81466,17463
2021-05-02,D,41150,8453
2021-05-02,E,22262,4541
2021-05-02,F,9915,7022
2021-05-02,G,31023,20352
2021-05-02,H,942,514
2021-05-02,I,904,552
2021-05-02,K,775,412
2021-05-02,L,526,343
2021-05-02,M,4060,1553
2021-05-02,N,2722,947
2021-05-02,O,46,12
2021-05-02,Q,0,0
2021-05-02,R,36,10
2021-05-02,S,4,0
2021-05-02,T,1,1
2021-05-02,NA,34,23
2021-05-03,A,107098,64621
2021-05-03,B,13451,3903
2021-05-03,C,83250,17778
2021-05-03,D,42759,8536
2021-05-03,E,23208,4574
2021-05-03,F,10886,7043
2021-05-03,G,32817,20389
2021-05-03,H,1209,514
2021-05-03,I,957,552
2021-05-03,K,839,412
2021-05-03,L,573,345
2021-05-03,M,5306,1557
2021-05-03,N,3040,956
2021-05-03,O,80,12
2021-05-03,Q,0,0
2021-05-03,R,39,10
2021-05-03,S,4,0
2021-05-03,T,1,1
2021-05-03,NA,34,23
2021-05-04,A,107826,66771
2021-05-04,B,13982,3937
2021-05-04,C,85141,18113
2021-05-04,D,44093,8710
2021-05-04,E,23862,4664
2021-05-04,F,12082,7057
2021-05-04,G,34207,20434
2021-05-04,H,1683,515
2021-05-04,I,1028,554
2021-05-04,K,902,420
2021-05-04,L,594,346
2021-05-04,M,7679,1579
2021-05-04,N,3582,967
2021-05-04,O,101,12
2021-05-04,Q,0,0
2021-05-04,R,46,10
2021-05-04,S,4,0
2021-05-04,T,2,1
2021-05-04,NA,34,23
2021-05-05,A,108381,69272
2021-05-05,B,14389,4031
2021-05-05,C,86650,18899
2021-05-05,D,45358,8961
2021-05-05,E,24537,4865
2021-05-05,F,13014,7089
2021-05-05,G,35889,20495
2021-05-05,H,2267,517
2021-05-05,I,1144,556
2021-05-05,K,985,422
2021-05-05,L,675,348
2021-05-05,M,10771,1618
2021-05-05,N,4468,984
2021-05-05,O,124,12
2021-05-05,Q,1,0
2021-05-05,R,51,10
2021-05-05,S,5,0
2021-05-05,T,2,1
2021-05-05,NA,38,23
2021-05-06,A,108903,72507
2021-05-06,B,14874,4137
2021-05-06,C,87771,19957
2021-05-06,D,46302,9337
2021-05-06,E,25057,5092
2021-05-06,F,14032,7177
2021-05-06,G,37084,20580
2021-05-06,H,3144,521
2021-05-06,I,1275,560
2021-05-06,K,1127,422
2021-05-06,L,817,355
2021-05-06,M,15133,1663
2021-05-06,N,5170,1014
2021-05-06,O,138,13
2021-05-06,Q,1,0
2021-05-06,R,55,10
2021-05-06,S,5,0
2021-05-06,T,3,1
2021-05-06,NA,46,23
2021-05-07,A,109384,75033
2021-05-07,B,15223,4277
2021-05-07,C,88710,21187
2021-05-07,D,47111,9751
2021-05-07,E,25530,5388
2021-05-07,F,14737,7201
2021-05-07,G,37790,20679
2021-05-07,H,4119,525
2021-05-07,I,1433,562
2021-05-07,K,1293,425
2021-05-07,L,917,357
2021-05-07,M,20732,1694
2021-05-07,N,6139,1044
2021-05-07,O,151,14
2021-05-07,Q,1,0
2021-05-07,R,70,10
2021-05-07,S,6,0
2021-05-07,T,3,1
2021-05-07,NA,47,23
2021-05-08,A,109511,75927
2021-05-08,B,15312,4316
2021-05-08,C,88983,21658
2021-05-08,D,47397,10064
2021-05-08,E,25680,5581
2021-05-08,F,14946,7205
2021-05-08,G,37961,20756
2021-05-08,H,4396,529
2021-05-08,I,1519,568
2021-05-08,K,1344,425
2021-05-08,L,996,358
2021-05-08,M,22460,1700
2021-05-08,N,6622,1049
2021-05-08,O,155,15
2021-05-08,Q,1,0
2021-05-08,R,76,10
2021-05-08,S,6,0
2021-05-08,T,3,1
2021-05-08,NA,47,23
2021-05-09,A,109516,75938
2021-05-09,B,15320,4316
2021-05-09,C,88989,21709
2021-05-09,D,47410,10104
2021-05-09,E,25690,5587
2021-05-09,F,14952,7205
2021-05-09,G,37970,20756
2021-05-09,H,4402,529
2021-05-09,I,1530,568
2021-05-09,K,1346,425
2021-05-09,L,996,358
2021-05-09,M,22544,1700
2021-05-09,N,6687,1049
2021-05-09,O,155,15
2021-05-09,Q,1,0
2021-05-09,R,79,10
2021-05-09,S,6,0
2021-05-09,T,3,1
2021-05-09,NA,47,23
2021-05-10,A,109761,78581
2021-05-10,B,15533,4534
2021-05-10,C,89526,23994
2021-05-10,D,47896,10856
2021-05-10,E,25955,6056
2021-05-10,F,15160,7228
2021-05-10,G,38271,20843
2021-05-10,H,5188,537
2021-05-10,I,1686,571
2021-05-10,K,1457,427
2021-05-10,L,1010,361
2021-05-10,M,27250,1753
2021-05-10,N,7669,1087
2021-05-10,O,161,16
2021-05-10,Q,1,0
2021-05-10,R,86,10
2021-05-10,S,6,0
2021-05-10,T,3,1
2021-05-10,NA,47,23
2021-05-11,A,110092,80946
2021-05-11,B,15705,4783
2021-05-11,C,90302,27275
2021-05-11,D,48545,11894
2021-05-11,E,26273,6677
2021-05-11,F,15302,7243
2021-05-11,G,38562,20949
2021-05-11,H,6096,547
2021-05-11,I,1868,574
2021-05-11,K,1617,432
2021-05-11,L,1102,365
2021-05-11,M,33275,1827
2021-05-11,N,9248,1146
2021-05-11,O,167,18
2021-05-11,Q,1,0
2021-05-11,R,103,11
2021-05-11,S,6,0
2021-05-11,T,3,1
2021-05-11,NA,47,23
2021-05-12,A,110336,82705
2021-05-12,B,15834,5145
2021-05-12,C,90861,31167
2021-05-12,D,49059,13268
2021-05-12,E,26577,7560
2021-05-12,F,15453,7278
2021-05-12,G,38807,21189
2021-05-12,H,6971,555
2021-05-12,I,2075,577
2021-05-12,K,1771,436
2021-05-12,L,1158,368
2021-05-12,M,39220,1939
2021-05-12,N,11131,1222
2021-05-12,O,172,18
2021-05-12,Q,1,0
2021-05-12,R,122,11
2021-05-12,S,6,0
2021-05-12,T,4,1
2021-05-12,NA,47,23
2021-05-13,A,110393,83132
2021-05-13,B,15908,5296
2021-05-13,C,91024,32831
2021-05-13,D,49301,13882
2021-05-13,E,26720,7962
2021-05-13,F,15514,7285
2021-05-13,G,38912,21228
2021-05-13,H,7425,557
2021-05-13,I,2130,580
2021-05-13,K,1838,436
2021-05-13,L,1184,368
2021-05-13,M,42139,1947
2021-05-13,N,11648,1228
2021-05-13,O,177,18
2021-05-13,Q,1,0
2021-05-13,R,139,11
2021-05-13,S,6,0
2021-05-13,T,4,1
2021-05-13,NA,47,23
2021-05-14,A,110586,85045
2021-05-14,B,16015,5573
2021-05-14,C,91447,36056
2021-05-14,D,49750,15134
2021-05-14,E,26970,8651
2021-05-14,F,15777,7317
2021-05-14,G,39110,21400
2021-05-14,H,8067,560
2021-05-14,I,2317,584
2021-05-14,K,1977,442
2021-05-14,L,1265,371
2021-05-14,M,46468,1976
2021-05-14,N,13237,1268
2021-05-14,O,186,18
2021-05-14,Q,1,0
2021-05-14,R,180,11
2021-05-14,S,6,0
2021-05-14,T,5,1
2021-05-14,NA,47,23
2021-05-15,A,110664,85736
2021-05-15,B,16076,5690
2021-05-15,C,91614,36931
2021-05-15,D,49926,15562
2021-05-15,E,27089,8820
2021-05-15,F,15853,7322
2021-05-15,G,39185,21506
2021-05-15,H,8282,562
2021-05-15,I,2471,589
2021-05-15,K,2021,450
2021-05-15,L,1318,373
2021-05-15,M,47946,2000
2021-05-15,N,14453,1286
2021-05-15,O,187,18
2021-05-15,Q,1,0
2021-05-15,R,198,11
2021-05-15,S,6,0
2021-05-15,T,5,1
2021-05-15,NA,47,23
2021-05-16,A,110668,85747
2021-05-16,B,16084,5701
2021-05-16,C,91629,36964
2021-05-16,D,49940,15569
2021-05-16,E,27092,8821
2021-05-16,F,15858,7323
2021-05-16,G,39194,21508
2021-05-16,H,8291,562
2021-05-16,I,2487,590
2021-05-16,K,2027,451
2021-05-16,L,1325,373
2021-05-16,M,48041,2008
2021-05-16,N,14595,1289
2021-05-16,O,188,18
2021-05-16,Q,1,0
2021-05-16,R,199,11
2021-05-16,S,6,0
2021-05-16,T,5,1
2021-05-16,NA,47,23
2021-05-17,A,110886,86962
2021-05-17,B,16196,6102
2021-05-17,C,92048,40693
2021-05-17,D,50411,17177
2021-05-17,E,27390,9810
2021-05-17,F,16103,7367
2021-05-17,G,39381,21707
2021-05-17,H,8817,571
2021-05-17,I,2698,596
2021-05-17,K,2136,453
2021-05-17,L,1457,379
2021-05-17,M,52158,2082
2021-05-17,N,16561,1339
2021-05-17,O,194,18
2021-05-17,Q,1,0
2021-05-17,R,225,11
2021-05-17,S,6,0
2021-05-17,T,6,1
2021-05-17,NA,47,23
2021-05-18,A,111064,88953
2021-05-18,B,16326,6598
2021-05-18,C,92500,45574
2021-05-18,D,50935,19248
2021-05-18,E,27733,10921
2021-05-18,F,16330,7422
2021-05-18,G,39617,22009
2021-05-18,H,9379,583
2021-05-18,I,3049,601
2021-05-18,K,2251,464
2021-05-18,L,1570,379
2021-05-18,M,56599,2138
2021-05-18,N,19701,1381
2021-05-18,O,200,19
2021-05-18,Q,1,0
2021-05-18,R,255,11
2021-05-18,S,6,0
2021-05-18,T,6,1
2021-05-18,NA,47,23
2021-05-19,A,111341,90450
2021-05-19,B,16550,7098
2021-05-19,C,93063,50127
2021-05-19,D,51643,21326
2021-05-19,E,28175,11995
2021-05-19,F,16528,7478
2021-05-19,G,39868,22433
2021-05-19,H,9886,592
2021-05-19,I,3385,610
2021-05-19,K,2366,511
2021-05-19,L,1669,393
2021-05-19,M,60825,2245
2021-05-19,N,22834,1456
2021-05-19,O,216,19
2021-05-19,Q,1,0
2021-05-19,R,294,11
2021-05-19,S,6,1
2021-05-19,T,6,1
2021-05-19,NA,47,23
2021-05-20,A,111599,92350
2021-05-20,B,16732,7655
2021-05-20,C,93639,55132
2021-05-20,D,52282,23726
2021-05-20,E,28560,13048
2021-05-20,F,16847,7731
2021-05-20,G,40123,22849
2021-05-20,H,10262,601
2021-05-20,I,3766,612
2021-05-20,K,2443,526
2021-05-20,L,1784,401
2021-05-20,M,64436,2341
2021-05-20,N,26193,1519
2021-05-20,O,227,21
2021-05-20,Q,1,0
2021-05-20,R,348,12
2021-05-20,S,6,1
2021-05-20,T,9,1
2021-05-20,NA,47,23
2021-05-21,A,111757,93831
2021-05-21,B,16857,8217
2021-05-21,C,94004,58967
2021-05-21,D,52794,25805
2021-05-21,E,28893,14136
2021-05-21,F,17016,7882
2021-05-21,G,40377,23254
2021-05-21,H,10593,609
2021-05-21,I,4224,624
2021-05-21,K,2511,555
2021-05-21,L,1945,410
2021-05-21,M,67747,2435
2021-05-21,N,30523,1652
2021-05-21,O,242,23
2021-05-21,Q,1,0
2021-05-21,R,417,16
2021-05-21,S,7,4
2021-05-21,T,10,1
2021-05-21,NA,47,23
2021-05-22,A,111835,94246
2021-05-22,B,16914,8298
2021-05-22,C,94157,59619
2021-05-22,D,52969,26212
2021-05-22,E,28995,14352
2021-05-22,F,17065,8088
2021-05-22,G,40450,23350
2021-05-22,H,10706,617
2021-05-22,I,4380,624
2021-05-22,K,2543,557
2021-05-22,L,2002,414
2021-05-22,M,68807,2454
2021-05-22,N,31864,1676
2021-05-22,O,246,23
2021-05-22,Q,1,0
2021-05-22,R,451,18
2021-05-22,S,8,4
2021-05-22,T,10,1
2021-05-22,NA,47,23
2021-05-23,A,111855,94246
2021-05-23,B,16927,8299
2021-05-23,C,94199,59624
2021-05-23,D,53000,26214
2021-05-23,E,29031,14355
2021-05-23,F,17073,8173
2021-05-23,G,40464,23362
2021-05-23,H,10726,617
2021-05-23,I,4407,624
2021-05-23,K,2550,558
2021-05-23,L,2010,414
2021-05-23,M,69056,2463
2021-05-23,N,32159,1689
2021-05-23,O,247,23
2021-05-23,Q,1,0
2021-05-23,R,457,18
2021-05-23,S,8,4
2021-05-23,T,10,1
2021-05-23,NA,47,23
2021-05-24,A,111900,94566
2021-05-24,B,16972,8541
2021-05-24,C,94304,61305
2021-05-24,D,53135,27094
2021-05-24,E,29153,14856
2021-05-24,F,17118,8208
2021-05-24,G,40514,23435
2021-05-24,H,10795,618
2021-05-24,I,5094,624
2021-05-24,K,2572,558
2021-05-24,L,2151,414
2021-05-24,M,69743,2480
2021-05-24,N,37342,1714
2021-05-24,O,249,23
2021-05-24,Q,1,0
2021-05-24,R,541,19
2021-05-24,S,8,4
2021-05-24,T,10,1
2021-05-24,NA,47,23
2021-05-25,A,111979,95978
2021-05-25,B,17005,9240
2021-05-25,C,94459,65598
2021-05-25,D,53294,29667
2021-05-25,E,29291,16159
2021-05-25,F,17191,8568
2021-05-25,G,40603,24022
2021-05-25,H,10872,630
2021-05-25,I,5788,634
2021-05-25,K,2596,575
2021-05-25,L,2351,421
2021-05-25,M,70685,2593
2021-05-25,N,43838,1816
2021-05-25,O,250,25
2021-05-25,Q,1,0
2021-05-25,R,634,21
2021-05-25,S,8,4
2021-05-25,T,10,1
2021-05-25,NA,47,23
2021-05-26,A,112067,97003
2021-05-26,B,17056,9857
2021-05-26,C,94638,69409
2021-05-26,D,53546,32108
2021-05-26,E,29521,17377
2021-05-26,F,17242,8998
2021-05-26,G,40709,24857
2021-05-26,H,10952,661
2021-05-26,I,6560,680
2021-05-26,K,2618,658
2021-05-26,L,2628,452
2021-05-26,M,71553,2783
2021-05-26,N,51061,2086
2021-05-26,O,257,33
2021-05-26,Q,1,0
2021-05-26,R,762,26
2021-05-26,S,8,4
2021-05-26,T,10,1
2021-05-26,NA,47,23
2021-05-27,A,112159,98115
2021-05-27,B,17100,10564
2021-05-27,C,94811,72553
2021-05-27,D,53677,34407
2021-05-27,E,29659,18507
2021-05-27,F,17329,9331
2021-05-27,G,40800,25638
2021-05-27,H,11024,712
2021-05-27,I,7370,708
2021-05-27,K,2645,678
2021-05-27,L,2889,484
2021-05-27,M,72319,3036
2021-05-27,N,58944,2250
2021-05-27,O,261,34
2021-05-27,Q,1,0
2021-05-27,R,936,29
2021-05-27,S,8,4
2021-05-27,T,10,1
2021-05-27,NA,47,23
2021-05-28,A,112226,99175
2021-05-28,B,17142,11251
2021-05-28,C,94962,75411
2021-05-28,D,53822,36860
2021-05-28,E,29808,19902
2021-05-28,F,17403,9650
2021-05-28,G,40881,26414
2021-05-28,H,11089,770
2021-05-28,I,8123,738
2021-05-28,K,2664,699
2021-05-28,L,3116,494
2021-05-28,M,72977,3383
2021-05-28,N,66376,2409
2021-05-28,O,262,40
2021-05-28,Q,1,0
2021-05-28,R,1104,30
2021-05-28,S,9,4
2021-05-28,T,11,1
2021-05-28,NA,47,23
2021-05-29,A,112257,99497
2021-05-29,B,17162,11383
2021-05-29,C,95029,76037
2021-05-29,D,53885,37377
2021-05-29,E,29865,20157
2021-05-29,F,17431,9665
2021-05-29,G,40908,26499
2021-05-29,H,11120,784
2021-05-29,I,8368,747
2021-05-29,K,2671,705
2021-05-29,L,3187,500
2021-05-29,M,73338,3527
2021-05-29,N,68936,2495
2021-05-29,O,265,41
2021-05-29,Q,1,0
2021-05-29,R,1174,30
2021-05-29,S,9,4
2021-05-29,T,12,1
2021-05-29,NA,47,23
2021-05-30,A,112262,99498
2021-05-30,B,17164,11384
2021-05-30,C,95045,76037
2021-05-30,D,53903,37378
2021-05-30,E,29876,20157
2021-05-30,F,17437,9665
2021-05-30,G,40914,26501
2021-05-30,H,11123,784
2021-05-30,I,8398,747
2021-05-30,K,2673,705
2021-05-30,L,3195,500
2021-05-30,M,73403,3530
2021-05-30,N,69313,2496
2021-05-30,O,265,41
2021-05-30,Q,1,0
2021-05-30,R,1174,30
2021-05-30,S,9,4
2021-05-30,T,12,1
2021-05-30,NA,47,23
2021-05-31,A,112306,100282
2021-05-31,B,17206,11962
2021-05-31,C,95161,77922
2021-05-31,D,53992,38873
2021-05-31,E,29998,20919
2021-05-31,F,17494,10483
2021-05-31,G,40988,27841
2021-05-31,H,11168,999
2021-05-31,I,9041,795
2021-05-31,K,2680,735
2021-05-31,L,3405,526
2021-05-31,M,73941,4473
2021-05-31,N,76135,2771
2021-05-31,O,268,59
2021-05-31,Q,2,0
2021-05-31,R,1298,33
2021-05-31,S,9,4
2021-05-31,T,12,2
2021-05-31,NA,47,23
2021-06-01,A,112372,101057
2021-06-01,B,17255,12443
2021-06-01,C,95307,80035
2021-06-01,D,54105,40393
2021-06-01,E,30128,21667
2021-06-01,F,17581,11316
2021-06-01,G,41046,29023
2021-06-01,H,11221,1372
2021-06-01,I,9792,848
2021-06-01,K,2689,784
2021-06-01,L,3665,550
2021-06-01,M,74522,6282
2021-06-01,N,84415,3193
2021-06-01,O,270,76
2021-06-01,Q,2,0
2021-06-01,R,1480,38
2021-06-01,S,11,4
2021-06-01,T,13,3
2021-06-01,NA,47,23
2021-06-02,A,112444,101609
2021-06-02,B,17292,12820
2021-06-02,C,95419,81467
2021-06-02,D,54215,41636
2021-06-02,E,30298,22382
2021-06-02,F,17679,12046
2021-06-02,G,41119,30209
2021-06-02,H,11269,1928
2021-06-02,I,10589,942
2021-06-02,K,2703,865
2021-06-02,L,3968,574
2021-06-02,M,75037,8958
2021-06-02,N,93737,3886
2021-06-02,O,275,99
2021-06-02,Q,2,1
2021-06-02,R,1768,48
2021-06-02,S,11,5
2021-06-02,T,13,3
2021-06-02,NA,47,23
2021-06-03,A,112548,102089
2021-06-03,B,17340,13132
2021-06-03,C,95593,82607
2021-06-03,D,54369,42709
2021-06-03,E,30434,22946
2021-06-03,F,17805,12782
2021-06-03,G,41208,31091
2021-06-03,H,11322,2693
2021-06-03,I,11517,1065
2021-06-03,K,2719,996
2021-06-03,L,4292,757
2021-06-03,M,75761,12682
2021-06-03,N,103440,4563
2021-06-03,O,278,118
2021-06-03,Q,2,1
2021-06-03,R,2066,52
2021-06-03,S,11,5
2021-06-03,T,13,4
2021-06-03,NA,47,23
2021-06-04,A,112660,102518
2021-06-04,B,17399,13383
2021-06-04,C,95823,83543
2021-06-04,D,54548,43494
2021-06-04,E,30626,23443
2021-06-04,F,17930,13277
2021-06-04,G,41299,31917
2021-06-04,H,11388,3362
2021-06-04,I,12367,1192
2021-06-04,K,2749,1117
2021-06-04,L,4644,842
2021-06-04,M,76575,16506
2021-06-04,N,113451,5274
2021-06-04,O,283,140
2021-06-04,Q,2,1
2021-06-04,R,2396,64
2021-06-04,S,14,6
2021-06-04,T,13,4
2021-06-04,NA,47,23
2021-06-05,A,112767,102630
2021-06-05,B,17454,13463
2021-06-05,C,96032,83771
2021-06-05,D,54744,43762
2021-06-05,E,30887,23577
2021-06-05,F,18048,13440
2021-06-05,G,41398,32068
2021-06-05,H,11469,3560
2021-06-05,I,13368,1252
2021-06-05,K,2770,1162
2021-06-05,L,5048,911
2021-06-05,M,77538,17686
2021-06-05,N,124524,5590
2021-06-05,O,287,143
2021-06-05,Q,2,1
2021-06-05,R,2979,70
2021-06-05,S,14,6
2021-06-05,T,13,4
2021-06-05,NA,47,23
2021-06-06,A,112772,102631
2021-06-06,B,17457,13471
2021-06-06,C,96049,83772
2021-06-06,D,54761,43770
2021-06-06,E,30907,23583
2021-06-06,F,18057,13441
2021-06-06,G,41406,32069
2021-06-06,H,11476,3562
2021-06-06,I,13400,1254
2021-06-06,K,2773,1162
2021-06-06,L,5063,911
2021-06-06,M,77633,17728
2021-06-06,N,124879,5613
2021-06-06,O,287,143
2021-06-06,Q,2,1
2021-06-06,R,2985,70
2021-06-06,S,15,6
2021-06-06,T,14,4
2021-06-06,NA,47,23
2021-06-07,A,112849,102909
2021-06-07,B,17519,13653
2021-06-07,C,96214,84373
2021-06-07,D,54927,44331
2021-06-07,E,31125,23935
2021-06-07,F,18146,13926
2021-06-07,G,41500,32375
2021-06-07,H,11558,4310
2021-06-07,I,14285,1399
2021-06-07,K,2788,1277
2021-06-07,L,5406,955
2021-06-07,M,78475,22256
2021-06-07,N,135156,6549
2021-06-07,O,298,152
2021-06-07,Q,2,1
2021-06-07,R,3300,81
2021-06-07,S,16,6
2021-06-07,T,15,4
2021-06-07,NA,47,23
2021-06-08,A,112914,103214
2021-06-08,B,17578,13919
2021-06-08,C,96365,85221
2021-06-08,D,55076,44976
2021-06-08,E,31342,24260
2021-06-08,F,18231,14505
2021-06-08,G,41587,32691
2021-06-08,H,11614,5341
2021-06-08,I,15044,1599
2021-06-08,K,2810,1436
2021-06-08,L,5817,1042
2021-06-08,M,79212,28397
2021-06-08,N,144143,7983
2021-06-08,O,301,156
2021-06-08,Q,2,1
2021-06-08,R,3598,94
2021-06-08,S,16,6
2021-06-08,T,16,4
2021-06-08,NA,47,23
2021-06-09,A,112989,103577
2021-06-09,B,17648,14116
2021-06-09,C,96516,85968
2021-06-09,D,55249,45609
2021-06-09,E,31561,24595
2021-06-09,F,18314,15042
2021-06-09,G,41680,33020
2021-06-09,H,11671,6235
2021-06-09,I,15783,1786
2021-06-09,K,2846,1605
2021-06-09,L,6179,1165
2021-06-09,M,80039,34285
2021-06-09,N,153012,9585
2021-06-09,O,312,160
2021-06-09,Q,2,1
2021-06-09,R,3941,113
2021-06-09,S,18,6
2021-06-09,T,16,5
2021-06-09,NA,47,23
2021-06-10,A,113120,103734
2021-06-10,B,17723,14247
2021-06-10,C,96750,86364
2021-06-10,D,55484,46040
2021-06-10,E,31816,24809
2021-06-10,F,18441,15432
2021-06-10,G,41811,33219
2021-06-10,H,11763,6789
2021-06-10,I,16578,1857
2021-06-10,K,2872,1714
2021-06-10,L,6547,1217
2021-06-10,M,81102,38117
2021-06-10,N,162972,10328
2021-06-10,O,319,166
2021-06-10,Q,2,1
2021-06-10,R,4381,138
2021-06-10,S,19,6
2021-06-10,T,16,5
2021-06-10,NA,47,23
2021-06-11,A,113225,104028
2021-06-11,B,17795,14399
2021-06-11,C,96955,86884
2021-06-11,D,55707,46517
2021-06-11,E,32075,25063
2021-06-11,F,18553,15589
2021-06-11,G,41950,33426
2021-06-11,H,11841,7500
2021-06-11,I,17344,2024
2021-06-11,K,2908,1847
2021-06-11,L,6889,1261
2021-06-11,M,82078,42826
2021-06-11,N,172267,11717
2021-06-11,O,327,174
2021-06-11,Q,2,1
2021-06-11,R,4839,157
2021-06-11,S,25,6
2021-06-11,T,16,6
2021-06-11,NA,47,23
2021-06-12,A,113325,104110
2021-06-12,B,17924,14438
2021-06-12,C,97177,87062
2021-06-12,D,55966,46672
2021-06-12,E,32366,25150
2021-06-12,F,18696,15633
2021-06-12,G,42076,33490
2021-06-12,H,11935,7671
2021-06-12,I,18175,2143
2021-06-12,K,2954,1882
2021-06-12,L,7270,1300
2021-06-12,M,83165,44017
2021-06-12,N,181945,12690
2021-06-12,O,342,175
2021-06-12,Q,2,1
2021-06-12,R,5502,172
2021-06-12,S,25,6
2021-06-12,T,16,6
2021-06-12,NA,47,23
2021-06-13,A,113328,104114
2021-06-13,B,17928,14445
2021-06-13,C,97188,87078
2021-06-13,D,55970,46686
2021-06-13,E,32371,25153
2021-06-13,F,18699,15637
2021-06-13,G,42084,33501
2021-06-13,H,11937,7680
2021-06-13,I,18185,2164
2021-06-13,K,2956,1886
2021-06-13,L,7274,1309
2021-06-13,M,83213,44115
2021-06-13,N,182098,12839
2021-06-13,O,342,175
2021-06-13,Q,2,1
2021-06-13,R,5503,173
2021-06-13,S,25,6
2021-06-13,T,16,6
2021-06-13,NA,47,23
2021-06-14,A,113414,104319
2021-06-14,B,18034,14555
2021-06-14,C,97406,87502
2021-06-14,D,56185,47134
2021-06-14,E,32658,25442
2021-06-14,F,18836,15736
2021-06-14,G,42207,33674
2021-06-14,H,12020,8240
2021-06-14,I,18857,2315
2021-06-14,K,2986,1987
2021-06-14,L,7595,1374
2021-06-14,M,84318,48318
2021-06-14,N,191377,14126
2021-06-14,O,356,183
2021-06-14,Q,2,1
2021-06-14,R,5956,186
2021-06-14,S,25,6
2021-06-14,T,16,6
2021-06-14,NA,47,23
