week_from,week_until,calendar_week,bfsNumber,residence,ncumul_firstvacc,ncumul_secondvacc
2021-01-01,2021-01-24,3,101,Bezirk Affoltern,784,0
2021-01-01,2021-01-24,3,102,Bezirk Andelfingen,571,0
2021-01-01,2021-01-24,3,103,Bezirk Bulach,2289,0
2021-01-01,2021-01-24,3,104,Bezirk Dielsdorf,1111,0
2021-01-01,2021-01-24,3,105,Bezirk Hinwil,882,0
2021-01-01,2021-01-24,3,106,Bezirk Horgen,1851,0
2021-01-01,2021-01-24,3,107,Bezirk Meilen,2488,0
2021-01-01,2021-01-24,3,108,Bezirk Pfaffikon,766,0
2021-01-01,2021-01-24,3,109,Bezirk Uster,1962,0
2021-01-01,2021-01-24,3,110,Bezirk Winterthur,2692,0
2021-01-01,2021-01-24,3,111,Bezirk Dietikon,1243,0
2021-01-01,2021-01-24,3,112,Bezirk Zurich,7610,0
2021-01-01,2021-01-24,3,NA,andere Kantone,352,0
2021-01-01,2021-01-24,3,NA,Nachbarkantone,1373,0
2021-01-01,2021-01-24,3,NA,unbekannt,217,0
2021-01-01,2021-01-24,3,NA,ZH aber ausserkantonal geimpft,1026,97
2021-01-25,2021-01-31,4,101,Bezirk Affoltern,1626,26
2021-01-25,2021-01-31,4,102,Bezirk Andelfingen,1483,5
2021-01-25,2021-01-31,4,103,Bezirk Bulach,4275,70
2021-01-25,2021-01-31,4,104,Bezirk Dielsdorf,2058,40
2021-01-25,2021-01-31,4,105,Bezirk Hinwil,2327,21
2021-01-25,2021-01-31,4,106,Bezirk Horgen,3088,84
2021-01-25,2021-01-31,4,107,Bezirk Meilen,3967,139
2021-01-25,2021-01-31,4,108,Bezirk Pfaffikon,1621,20
2021-01-25,2021-01-31,4,109,Bezirk Uster,3537,95
2021-01-25,2021-01-31,4,110,Bezirk Winterthur,5134,35
2021-01-25,2021-01-31,4,111,Bezirk Dietikon,2027,43
2021-01-25,2021-01-31,4,112,Bezirk Zurich,14298,358
2021-01-25,2021-01-31,4,NA,andere Kantone,506,55
2021-01-25,2021-01-31,4,NA,Nachbarkantone,2210,142
2021-01-25,2021-01-31,4,NA,unbekannt,485,5
2021-01-25,2021-01-31,4,NA,ZH aber ausserkantonal geimpft,1413,215
2021-02-01,2021-02-07,5,101,Bezirk Affoltern,1983,70
2021-02-01,2021-02-07,5,102,Bezirk Andelfingen,1637,20
2021-02-01,2021-02-07,5,103,Bezirk Bulach,4851,176
2021-02-01,2021-02-07,5,104,Bezirk Dielsdorf,2633,97
2021-02-01,2021-02-07,5,105,Bezirk Hinwil,3320,73
2021-02-01,2021-02-07,5,106,Bezirk Horgen,4195,242
2021-02-01,2021-02-07,5,107,Bezirk Meilen,5151,313
2021-02-01,2021-02-07,5,108,Bezirk Pfaffikon,2095,60
2021-02-01,2021-02-07,5,109,Bezirk Uster,4428,227
2021-02-01,2021-02-07,5,110,Bezirk Winterthur,6196,84
2021-02-01,2021-02-07,5,111,Bezirk Dietikon,2817,117
2021-02-01,2021-02-07,5,112,Bezirk Zurich,17015,946
2021-02-01,2021-02-07,5,NA,andere Kantone,568,89
2021-02-01,2021-02-07,5,NA,Nachbarkantone,2583,238
2021-02-01,2021-02-07,5,NA,unbekannt,520,56
2021-02-01,2021-02-07,5,NA,ZH aber ausserkantonal geimpft,1706,315
2021-02-08,2021-02-14,6,101,Bezirk Affoltern,2367,288
2021-02-08,2021-02-14,6,102,Bezirk Andelfingen,1861,71
2021-02-08,2021-02-14,6,103,Bezirk Bulach,5712,543
2021-02-08,2021-02-14,6,104,Bezirk Dielsdorf,3524,339
2021-02-08,2021-02-14,6,105,Bezirk Hinwil,4763,308
2021-02-08,2021-02-14,6,106,Bezirk Horgen,5864,680
2021-02-08,2021-02-14,6,107,Bezirk Meilen,7605,909
2021-02-08,2021-02-14,6,108,Bezirk Pfaffikon,2979,199
2021-02-08,2021-02-14,6,109,Bezirk Uster,6796,733
2021-02-08,2021-02-14,6,110,Bezirk Winterthur,8921,513
2021-02-08,2021-02-14,6,111,Bezirk Dietikon,3808,495
2021-02-08,2021-02-14,6,112,Bezirk Zurich,22467,3588
2021-02-08,2021-02-14,6,NA,andere Kantone,706,246
2021-02-08,2021-02-14,6,NA,Nachbarkantone,3514,797
2021-02-08,2021-02-14,6,NA,unbekannt,616,141
2021-02-08,2021-02-14,6,NA,ZH aber ausserkantonal geimpft,2104,553
2021-02-15,2021-02-21,7,101,Bezirk Affoltern,2567,657
2021-02-15,2021-02-21,7,102,Bezirk Andelfingen,1941,467
2021-02-15,2021-02-21,7,103,Bezirk Bulach,6457,1497
2021-02-15,2021-02-21,7,104,Bezirk Dielsdorf,3836,875
2021-02-15,2021-02-21,7,105,Bezirk Hinwil,5155,699
2021-02-15,2021-02-21,7,106,Bezirk Horgen,6382,1723
2021-02-15,2021-02-21,7,107,Bezirk Meilen,7942,2185
2021-02-15,2021-02-21,7,108,Bezirk Pfaffikon,3051,681
2021-02-15,2021-02-21,7,109,Bezirk Uster,7094,1727
2021-02-15,2021-02-21,7,110,Bezirk Winterthur,9289,2035
2021-02-15,2021-02-21,7,111,Bezirk Dietikon,4183,1060
2021-02-15,2021-02-21,7,112,Bezirk Zurich,23836,6716
2021-02-15,2021-02-21,7,NA,andere Kantone,739,335
2021-02-15,2021-02-21,7,NA,Nachbarkantone,3790,1178
2021-02-15,2021-02-21,7,NA,unbekannt,660,195
2021-02-15,2021-02-21,7,NA,ZH aber ausserkantonal geimpft,2459,941
2021-02-22,2021-02-28,8,101,Bezirk Affoltern,2669,1208
2021-02-22,2021-02-28,8,102,Bezirk Andelfingen,1969,969
2021-02-22,2021-02-28,8,103,Bezirk Bulach,6675,3151
2021-02-22,2021-02-28,8,104,Bezirk Dielsdorf,4055,1627
2021-02-22,2021-02-28,8,105,Bezirk Hinwil,5281,1472
2021-02-22,2021-02-28,8,106,Bezirk Horgen,6618,2627
2021-02-22,2021-02-28,8,107,Bezirk Meilen,8205,3508
2021-02-22,2021-02-28,8,108,Bezirk Pfaffikon,3253,1403
2021-02-22,2021-02-28,8,109,Bezirk Uster,7263,3138
2021-02-22,2021-02-28,8,110,Bezirk Winterthur,9567,4085
2021-02-22,2021-02-28,8,111,Bezirk Dietikon,4294,1805
2021-02-22,2021-02-28,8,112,Bezirk Zurich,24571,11025
2021-02-22,2021-02-28,8,NA,andere Kantone,762,402
2021-02-22,2021-02-28,8,NA,Nachbarkantone,3906,1653
2021-02-22,2021-02-28,8,NA,unbekannt,669,253
2021-02-22,2021-02-28,8,NA,ZH aber ausserkantonal geimpft,2786,1197
2021-03-01,2021-03-07,9,101,Bezirk Affoltern,2836,1822
2021-03-01,2021-03-07,9,102,Bezirk Andelfingen,2031,1602
2021-03-01,2021-03-07,9,103,Bezirk Bulach,7069,4659
2021-03-01,2021-03-07,9,104,Bezirk Dielsdorf,4181,2491
2021-03-01,2021-03-07,9,105,Bezirk Hinwil,5493,2611
2021-03-01,2021-03-07,9,106,Bezirk Horgen,6948,3755
2021-03-01,2021-03-07,9,107,Bezirk Meilen,8629,4594
2021-03-01,2021-03-07,9,108,Bezirk Pfaffikon,3355,1779
2021-03-01,2021-03-07,9,109,Bezirk Uster,7532,4040
2021-03-01,2021-03-07,9,110,Bezirk Winterthur,9877,5900
2021-03-01,2021-03-07,9,111,Bezirk Dietikon,4487,2606
2021-03-01,2021-03-07,9,112,Bezirk Zurich,25986,16454
2021-03-01,2021-03-07,9,NA,andere Kantone,829,540
2021-03-01,2021-03-07,9,NA,Nachbarkantone,4175,2388
2021-03-01,2021-03-07,9,NA,unbekannt,700,508
2021-03-01,2021-03-07,9,NA,ZH aber ausserkantonal geimpft,3185,1512
2021-03-08,2021-03-14,10,101,Bezirk Affoltern,3291,2194
2021-03-08,2021-03-14,10,102,Bezirk Andelfingen,2214,1695
2021-03-08,2021-03-14,10,103,Bezirk Bulach,8134,5170
2021-03-08,2021-03-14,10,104,Bezirk Dielsdorf,4622,2906
2021-03-08,2021-03-14,10,105,Bezirk Hinwil,6565,3595
2021-03-08,2021-03-14,10,106,Bezirk Horgen,8035,4486
2021-03-08,2021-03-14,10,107,Bezirk Meilen,10335,5505
2021-03-08,2021-03-14,10,108,Bezirk Pfaffikon,3837,2252
2021-03-08,2021-03-14,10,109,Bezirk Uster,8754,4760
2021-03-08,2021-03-14,10,110,Bezirk Winterthur,11711,6557
2021-03-08,2021-03-14,10,111,Bezirk Dietikon,5179,3054
2021-03-08,2021-03-14,10,112,Bezirk Zurich,29990,18106
2021-03-08,2021-03-14,10,NA,andere Kantone,1012,597
2021-03-08,2021-03-14,10,NA,Nachbarkantone,5243,2691
2021-03-08,2021-03-14,10,NA,unbekannt,841,532
2021-03-08,2021-03-14,10,NA,ZH aber ausserkantonal geimpft,3607,1998
2021-03-15,2021-03-21,11,101,Bezirk Affoltern,3517,2484
2021-03-15,2021-03-21,11,102,Bezirk Andelfingen,2424,1919
2021-03-15,2021-03-21,11,103,Bezirk Bulach,9124,5824
2021-03-15,2021-03-21,11,104,Bezirk Dielsdorf,5059,3498
2021-03-15,2021-03-21,11,105,Bezirk Hinwil,7123,4960
2021-03-15,2021-03-21,11,106,Bezirk Horgen,8805,5967
2021-03-15,2021-03-21,11,107,Bezirk Meilen,11529,7707
2021-03-15,2021-03-21,11,108,Bezirk Pfaffikon,4326,3004
2021-03-15,2021-03-21,11,109,Bezirk Uster,9887,6938
2021-03-15,2021-03-21,11,110,Bezirk Winterthur,13343,8945
2021-03-15,2021-03-21,11,111,Bezirk Dietikon,5739,3809
2021-03-15,2021-03-21,11,112,Bezirk Zurich,33025,22573
2021-03-15,2021-03-21,11,NA,andere Kantone,1154,713
2021-03-15,2021-03-21,11,NA,Nachbarkantone,5891,3532
2021-03-15,2021-03-21,11,NA,unbekannt,926,616
2021-03-15,2021-03-21,11,NA,ZH aber ausserkantonal geimpft,4051,2334
2021-03-22,2021-03-28,12,101,Bezirk Affoltern,3841,2609
2021-03-22,2021-03-28,12,102,Bezirk Andelfingen,2609,1950
2021-03-22,2021-03-28,12,103,Bezirk Bulach,10298,6544
2021-03-22,2021-03-28,12,104,Bezirk Dielsdorf,5552,3862
2021-03-22,2021-03-28,12,105,Bezirk Hinwil,7933,5119
2021-03-22,2021-03-28,12,106,Bezirk Horgen,9967,6453
2021-03-22,2021-03-28,12,107,Bezirk Meilen,13019,8131
2021-03-22,2021-03-28,12,108,Bezirk Pfaffikon,4969,3206
2021-03-22,2021-03-28,12,109,Bezirk Uster,10940,7142
2021-03-22,2021-03-28,12,110,Bezirk Winterthur,14507,9299
2021-03-22,2021-03-28,12,111,Bezirk Dietikon,6506,4217
2021-03-22,2021-03-28,12,112,Bezirk Zurich,36619,24122
2021-03-22,2021-03-28,12,NA,andere Kantone,1336,749
2021-03-22,2021-03-28,12,NA,Nachbarkantone,6490,3816
2021-03-22,2021-03-28,12,NA,unbekannt,992,642
2021-03-22,2021-03-28,12,NA,ZH aber ausserkantonal geimpft,4665,2760
2021-03-29,2021-04-04,13,101,Bezirk Affoltern,4043,2728
2021-03-29,2021-04-04,13,102,Bezirk Andelfingen,2862,1999
2021-03-29,2021-04-04,13,103,Bezirk Bulach,12030,6927
2021-03-29,2021-04-04,13,104,Bezirk Dielsdorf,6558,4013
2021-03-29,2021-04-04,13,105,Bezirk Hinwil,8862,5272
2021-03-29,2021-04-04,13,106,Bezirk Horgen,11592,6791
2021-03-29,2021-04-04,13,107,Bezirk Meilen,13970,8468
2021-03-29,2021-04-04,13,108,Bezirk Pfaffikon,5626,3313
2021-03-29,2021-04-04,13,109,Bezirk Uster,12642,7421
2021-03-29,2021-04-04,13,110,Bezirk Winterthur,16146,9528
2021-03-29,2021-04-04,13,111,Bezirk Dietikon,7364,4401
2021-03-29,2021-04-04,13,112,Bezirk Zurich,40481,25459
2021-03-29,2021-04-04,13,NA,andere Kantone,1434,804
2021-03-29,2021-04-04,13,NA,Nachbarkantone,6887,4039
2021-03-29,2021-04-04,13,NA,unbekannt,1044,665
2021-03-29,2021-04-04,13,NA,ZH aber ausserkantonal geimpft,5082,3096
2021-04-05,2021-04-11,14,101,Bezirk Affoltern,4787,3200
2021-04-05,2021-04-11,14,102,Bezirk Andelfingen,3248,2187
2021-04-05,2021-04-11,14,103,Bezirk Bulach,14425,7931
2021-04-05,2021-04-11,14,104,Bezirk Dielsdorf,7668,4425
2021-04-05,2021-04-11,14,105,Bezirk Hinwil,9881,6081
2021-04-05,2021-04-11,14,106,Bezirk Horgen,13190,7760
2021-04-05,2021-04-11,14,107,Bezirk Meilen,15499,10062
2021-04-05,2021-04-11,14,108,Bezirk Pfaffikon,6388,3749
2021-04-05,2021-04-11,14,109,Bezirk Uster,14668,8540
2021-04-05,2021-04-11,14,110,Bezirk Winterthur,18643,11275
2021-04-05,2021-04-11,14,111,Bezirk Dietikon,9458,5033
2021-04-05,2021-04-11,14,112,Bezirk Zurich,46697,28954
2021-04-05,2021-04-11,14,NA,andere Kantone,1518,977
2021-04-05,2021-04-11,14,NA,Nachbarkantone,7234,5054
2021-04-05,2021-04-11,14,NA,unbekannt,1163,790
2021-04-05,2021-04-11,14,NA,ZH aber ausserkantonal geimpft,5565,3535
2021-04-12,2021-04-18,15,101,Bezirk Affoltern,6726,3436
2021-04-12,2021-04-18,15,102,Bezirk Andelfingen,4204,2370
2021-04-12,2021-04-18,15,103,Bezirk Bulach,18855,8933
2021-04-12,2021-04-18,15,104,Bezirk Dielsdorf,10077,4849
2021-04-12,2021-04-18,15,105,Bezirk Hinwil,12054,6916
2021-04-12,2021-04-18,15,106,Bezirk Horgen,17150,8573
2021-04-12,2021-04-18,15,107,Bezirk Meilen,19379,11363
2021-04-12,2021-04-18,15,108,Bezirk Pfaffikon,8443,4271
2021-04-12,2021-04-18,15,109,Bezirk Uster,18554,9730
2021-04-12,2021-04-18,15,110,Bezirk Winterthur,24606,13155
2021-04-12,2021-04-18,15,111,Bezirk Dietikon,12338,5622
2021-04-12,2021-04-18,15,112,Bezirk Zurich,59422,32318
2021-04-12,2021-04-18,15,NA,andere Kantone,1702,1128
2021-04-12,2021-04-18,15,NA,Nachbarkantone,7966,5768
2021-04-12,2021-04-18,15,NA,unbekannt,1350,894
2021-04-12,2021-04-18,15,NA,ZH aber ausserkantonal geimpft,6349,4003
2021-04-19,2021-04-25,16,101,Bezirk Affoltern,8968,3723
2021-04-19,2021-04-25,16,102,Bezirk Andelfingen,5259,2568
2021-04-19,2021-04-25,16,103,Bezirk Bulach,24298,9960
2021-04-19,2021-04-25,16,104,Bezirk Dielsdorf,13234,5272
2021-04-19,2021-04-25,16,105,Bezirk Hinwil,15328,7643
2021-04-19,2021-04-25,16,106,Bezirk Horgen,21764,9460
2021-04-19,2021-04-25,16,107,Bezirk Meilen,23862,12741
2021-04-19,2021-04-25,16,108,Bezirk Pfaffikon,10495,4744
2021-04-19,2021-04-25,16,109,Bezirk Uster,23250,10709
2021-04-19,2021-04-25,16,110,Bezirk Winterthur,30422,14346
2021-04-19,2021-04-25,16,111,Bezirk Dietikon,15152,6179
2021-04-19,2021-04-25,16,112,Bezirk Zurich,71880,35381
2021-04-19,2021-04-25,16,NA,andere Kantone,1946,1302
2021-04-19,2021-04-25,16,NA,Nachbarkantone,8968,6338
2021-04-19,2021-04-25,16,NA,unbekannt,1579,952
2021-04-19,2021-04-25,16,NA,ZH aber ausserkantonal geimpft,7172,4564
2021-04-26,2021-05-02,17,101,Bezirk Affoltern,10945,3901
2021-04-26,2021-05-02,17,102,Bezirk Andelfingen,6301,2818
2021-04-26,2021-05-02,17,103,Bezirk Bulach,29587,11546
2021-04-26,2021-05-02,17,104,Bezirk Dielsdorf,16512,5996
2021-04-26,2021-05-02,17,105,Bezirk Hinwil,18147,8490
2021-04-26,2021-05-02,17,106,Bezirk Horgen,26431,11053
2021-04-26,2021-05-02,17,107,Bezirk Meilen,28035,13701
2021-04-26,2021-05-02,17,108,Bezirk Pfaffikon,12728,5308
2021-04-26,2021-05-02,17,109,Bezirk Uster,28484,12002
2021-04-26,2021-05-02,17,110,Bezirk Winterthur,35870,15524
2021-04-26,2021-05-02,17,111,Bezirk Dietikon,17676,7077
2021-04-26,2021-05-02,17,112,Bezirk Zurich,83547,38618
2021-04-26,2021-05-02,17,NA,andere Kantone,2240,1390
2021-04-26,2021-05-02,17,NA,Nachbarkantone,10056,6735
2021-04-26,2021-05-02,17,NA,unbekannt,1852,997
2021-04-26,2021-05-02,17,NA,ZH aber ausserkantonal geimpft,8142,4981
2021-05-03,2021-05-09,18,101,Bezirk Affoltern,12990,4590
2021-05-03,2021-05-09,18,102,Bezirk Andelfingen,7806,3147
2021-05-03,2021-05-09,18,103,Bezirk Bulach,35103,13580
2021-05-03,2021-05-09,18,104,Bezirk Dielsdorf,20062,7161
2021-05-03,2021-05-09,18,105,Bezirk Hinwil,22809,9472
2021-05-03,2021-05-09,18,106,Bezirk Horgen,32213,12742
2021-05-03,2021-05-09,18,107,Bezirk Meilen,32852,15198
2021-05-03,2021-05-09,18,108,Bezirk Pfaffikon,15396,5964
2021-05-03,2021-05-09,18,109,Bezirk Uster,33923,14010
2021-05-03,2021-05-09,18,110,Bezirk Winterthur,43273,18083
2021-05-03,2021-05-09,18,111,Bezirk Dietikon,21689,8857
2021-05-03,2021-05-09,18,112,Bezirk Zurich,98480,45084
2021-05-03,2021-05-09,18,NA,andere Kantone,2766,1464
2021-05-03,2021-05-09,18,NA,Nachbarkantone,12239,7070
2021-05-03,2021-05-09,18,NA,unbekannt,2244,1073
2021-05-03,2021-05-09,18,NA,ZH aber ausserkantonal geimpft,9455,5458
2021-05-10,2021-05-16,19,101,Bezirk Affoltern,15114,6182
2021-05-10,2021-05-16,19,102,Bezirk Andelfingen,8599,3845
2021-05-10,2021-05-16,19,103,Bezirk Bulach,39627,17081
2021-05-10,2021-05-16,19,104,Bezirk Dielsdorf,23036,8972
2021-05-10,2021-05-16,19,105,Bezirk Hinwil,26024,11177
2021-05-10,2021-05-16,19,106,Bezirk Horgen,36909,15672
2021-05-10,2021-05-16,19,107,Bezirk Meilen,37108,17984
2021-05-10,2021-05-16,19,108,Bezirk Pfaffikon,17306,7688
2021-05-10,2021-05-16,19,109,Bezirk Uster,38166,17577
2021-05-10,2021-05-16,19,110,Bezirk Winterthur,48147,22597
2021-05-10,2021-05-16,19,111,Bezirk Dietikon,23806,11210
2021-05-10,2021-05-16,19,112,Bezirk Zurich,112496,55507
2021-05-10,2021-05-16,19,NA,andere Kantone,3042,1596
2021-05-10,2021-05-16,19,NA,Nachbarkantone,13435,7587
2021-05-10,2021-05-16,19,NA,unbekannt,2525,1213
2021-05-10,2021-05-16,19,NA,ZH aber ausserkantonal geimpft,10803,6143
2021-05-17,2021-05-23,20,101,Bezirk Affoltern,17236,8494
2021-05-17,2021-05-23,20,102,Bezirk Andelfingen,9572,4940
2021-05-17,2021-05-23,20,103,Bezirk Bulach,45014,23275
2021-05-17,2021-05-23,20,104,Bezirk Dielsdorf,26581,12332
2021-05-17,2021-05-23,20,105,Bezirk Hinwil,29280,14539
2021-05-17,2021-05-23,20,106,Bezirk Horgen,41862,20494
2021-05-17,2021-05-23,20,107,Bezirk Meilen,41533,22771
2021-05-17,2021-05-23,20,108,Bezirk Pfaffikon,19271,10032
2021-05-17,2021-05-23,20,109,Bezirk Uster,42772,22135
2021-05-17,2021-05-23,20,110,Bezirk Winterthur,52886,29080
2021-05-17,2021-05-23,20,111,Bezirk Dietikon,26981,13980
2021-05-17,2021-05-23,20,112,Bezirk Zurich,129659,68177
2021-05-17,2021-05-23,20,NA,andere Kantone,3489,1832
2021-05-17,2021-05-23,20,NA,Nachbarkantone,15262,8532
2021-05-17,2021-05-23,20,NA,unbekannt,2873,1442
2021-05-17,2021-05-23,20,NA,ZH aber ausserkantonal geimpft,12040,7004
2021-05-24,2021-05-30,21,101,Bezirk Affoltern,18913,10338
2021-05-24,2021-05-30,21,102,Bezirk Andelfingen,10267,5981
2021-05-24,2021-05-30,21,103,Bezirk Bulach,49666,28372
2021-05-24,2021-05-30,21,104,Bezirk Dielsdorf,28719,15356
2021-05-24,2021-05-30,21,105,Bezirk Hinwil,31910,17243
2021-05-24,2021-05-30,21,106,Bezirk Horgen,46474,25238
2021-05-24,2021-05-30,21,107,Bezirk Meilen,45099,27222
2021-05-24,2021-05-30,21,108,Bezirk Pfaffikon,20682,12038
2021-05-24,2021-05-30,21,109,Bezirk Uster,46669,27006
2021-05-24,2021-05-30,21,110,Bezirk Winterthur,58428,34261
2021-05-24,2021-05-30,21,111,Bezirk Dietikon,29272,16647
2021-05-24,2021-05-30,21,112,Bezirk Zurich,147136,79529
2021-05-24,2021-05-30,21,NA,andere Kantone,3954,2135
2021-05-24,2021-05-30,21,NA,Nachbarkantone,16898,9670
2021-05-24,2021-05-30,21,NA,unbekannt,3132,1710
2021-05-24,2021-05-30,21,NA,ZH aber ausserkantonal geimpft,12910,7869
2021-05-31,2021-06-06,22,101,Bezirk Affoltern,20672,12347
2021-05-31,2021-06-06,22,102,Bezirk Andelfingen,11261,7259
2021-05-31,2021-06-06,22,103,Bezirk Bulach,56001,33129
2021-05-31,2021-06-06,22,104,Bezirk Dielsdorf,31873,18619
2021-05-31,2021-06-06,22,105,Bezirk Hinwil,34744,20467
2021-05-31,2021-06-06,22,106,Bezirk Horgen,50913,30405
2021-05-31,2021-06-06,22,107,Bezirk Meilen,49837,31096
2021-05-31,2021-06-06,22,108,Bezirk Pfaffikon,22759,14245
2021-05-31,2021-06-06,22,109,Bezirk Uster,53530,31741
2021-05-31,2021-06-06,22,110,Bezirk Winterthur,65190,40329
2021-05-31,2021-06-06,22,111,Bezirk Dietikon,32605,20211
2021-05-31,2021-06-06,22,112,Bezirk Zurich,176129,92922
2021-05-31,2021-06-06,22,NA,andere Kantone,4653,2520
2021-05-31,2021-06-06,22,NA,Nachbarkantone,19150,11161
2021-05-31,2021-06-06,22,NA,unbekannt,3520,2017
2021-05-31,2021-06-06,22,NA,ZH aber ausserkantonal geimpft,13884,9118
2021-06-07,2021-06-13,23,101,Bezirk Affoltern,22933,14520
2021-06-07,2021-06-13,23,102,Bezirk Andelfingen,12546,8286
2021-06-07,2021-06-13,23,103,Bezirk Bulach,62598,37992
2021-06-07,2021-06-13,23,104,Bezirk Dielsdorf,35196,21978
2021-06-07,2021-06-13,23,105,Bezirk Hinwil,38769,24697
2021-06-07,2021-06-13,23,106,Bezirk Horgen,57028,35194
2021-06-07,2021-06-13,23,107,Bezirk Meilen,54655,35588
2021-06-07,2021-06-13,23,108,Bezirk Pfaffikon,25097,16376
2021-06-07,2021-06-13,23,109,Bezirk Uster,59023,36431
2021-06-07,2021-06-13,23,110,Bezirk Winterthur,72483,45797
2021-06-07,2021-06-13,23,111,Bezirk Dietikon,36338,22617
2021-06-07,2021-06-13,23,112,Bezirk Zurich,206430,107790
2021-06-07,2021-06-13,23,NA,andere Kantone,5465,2953
2021-06-07,2021-06-13,23,NA,Nachbarkantone,21145,12877
2021-06-07,2021-06-13,23,NA,unbekannt,3982,2349
2021-06-07,2021-06-13,23,NA,ZH aber ausserkantonal geimpft,14807,10385
2021-06-14,2021-06-20,24,101,Bezirk Affoltern,25295,16542
2021-06-14,2021-06-20,24,102,Bezirk Andelfingen,13712,9194
2021-06-14,2021-06-20,24,103,Bezirk Bulach,69809,42973
2021-06-14,2021-06-20,24,104,Bezirk Dielsdorf,39357,25042
2021-06-14,2021-06-20,24,105,Bezirk Hinwil,41845,27806
2021-06-14,2021-06-20,24,106,Bezirk Horgen,61408,39758
2021-06-14,2021-06-20,24,107,Bezirk Meilen,58742,39742
2021-06-14,2021-06-20,24,108,Bezirk Pfaffikon,27448,18385
2021-06-14,2021-06-20,24,109,Bezirk Uster,65580,40667
2021-06-14,2021-06-20,24,110,Bezirk Winterthur,79724,50434
2021-06-14,2021-06-20,24,111,Bezirk Dietikon,40694,25450
2021-06-14,2021-06-20,24,112,Bezirk Zurich,228789,123019
2021-06-14,2021-06-20,24,NA,andere Kantone,6107,3281
2021-06-14,2021-06-20,24,NA,Nachbarkantone,22594,14382
2021-06-14,2021-06-20,24,NA,unbekannt,4400,2645
2021-06-14,2021-06-20,24,NA,ZH aber ausserkantonal geimpft,15499,11539
2021-06-21,2021-06-27,25,101,Bezirk Affoltern,27630,18218
2021-06-21,2021-06-27,25,102,Bezirk Andelfingen,14919,9836
2021-06-21,2021-06-27,25,103,Bezirk Bulach,76789,47445
2021-06-21,2021-06-27,25,104,Bezirk Dielsdorf,43396,27380
2021-06-21,2021-06-27,25,105,Bezirk Hinwil,44793,30311
2021-06-21,2021-06-27,25,106,Bezirk Horgen,66521,44382
2021-06-21,2021-06-27,25,107,Bezirk Meilen,62213,43358
2021-06-21,2021-06-27,25,108,Bezirk Pfaffikon,29644,19792
2021-06-21,2021-06-27,25,109,Bezirk Uster,70879,44380
2021-06-21,2021-06-27,25,110,Bezirk Winterthur,86659,55515
2021-06-21,2021-06-27,25,111,Bezirk Dietikon,45360,27793
2021-06-21,2021-06-27,25,112,Bezirk Zurich,247296,139530
2021-06-21,2021-06-27,25,NA,andere Kantone,6593,3760
2021-06-21,2021-06-27,25,NA,Nachbarkantone,24031,16061
2021-06-21,2021-06-27,25,NA,unbekannt,4869,2891
2021-06-21,2021-06-27,25,NA,ZH aber ausserkantonal geimpft,15886,12363
2021-06-28,2021-07-04,26,101,Bezirk Affoltern,28527,19798
2021-06-28,2021-07-04,26,102,Bezirk Andelfingen,15383,10726
2021-06-28,2021-07-04,26,103,Bezirk Bulach,79588,53362
2021-06-28,2021-07-04,26,104,Bezirk Dielsdorf,44937,30264
2021-06-28,2021-07-04,26,105,Bezirk Hinwil,45645,33069
2021-06-28,2021-07-04,26,106,Bezirk Horgen,68679,48578
2021-06-28,2021-07-04,26,107,Bezirk Meilen,63423,47748
2021-06-28,2021-07-04,26,108,Bezirk Pfaffikon,30324,21752
2021-06-28,2021-07-04,26,109,Bezirk Uster,72521,50688
2021-06-28,2021-07-04,26,110,Bezirk Winterthur,89398,61336
2021-06-28,2021-07-04,26,111,Bezirk Dietikon,46863,30754
2021-06-28,2021-07-04,26,112,Bezirk Zurich,253319,166089
2021-06-28,2021-07-04,26,NA,andere Kantone,6760,4345
2021-06-28,2021-07-04,26,NA,Nachbarkantone,24665,18076
2021-06-28,2021-07-04,26,NA,unbekannt,5026,3232
2021-06-28,2021-07-04,26,NA,ZH aber ausserkantonal geimpft,16146,13130
2021-07-05,2021-07-11,27,101,Bezirk Affoltern,29131,21861
2021-07-05,2021-07-11,27,102,Bezirk Andelfingen,15628,11849
2021-07-05,2021-07-11,27,103,Bezirk Bulach,81177,59455
2021-07-05,2021-07-11,27,104,Bezirk Dielsdorf,45820,33440
2021-07-05,2021-07-11,27,105,Bezirk Hinwil,46460,36523
2021-07-05,2021-07-11,27,106,Bezirk Horgen,70126,54392
2021-07-05,2021-07-11,27,107,Bezirk Meilen,64381,52306
2021-07-05,2021-07-11,27,108,Bezirk Pfaffikon,30781,23898
2021-07-05,2021-07-11,27,109,Bezirk Uster,73679,56026
2021-07-05,2021-07-11,27,110,Bezirk Winterthur,90935,67939
2021-07-05,2021-07-11,27,111,Bezirk Dietikon,47741,34345
2021-07-05,2021-07-11,27,112,Bezirk Zurich,257788,195367
2021-07-05,2021-07-11,27,NA,andere Kantone,6882,5097
2021-07-05,2021-07-11,27,NA,Nachbarkantone,25123,19968
2021-07-05,2021-07-11,27,NA,unbekannt,5120,3669
2021-07-05,2021-07-11,27,NA,ZH aber ausserkantonal geimpft,16535,14111
2021-07-12,2021-07-18,28,101,Bezirk Affoltern,29666,23999
2021-07-12,2021-07-18,28,102,Bezirk Andelfingen,15886,12939
2021-07-12,2021-07-18,28,103,Bezirk Bulach,82448,66224
2021-07-12,2021-07-18,28,104,Bezirk Dielsdorf,46623,37303
2021-07-12,2021-07-18,28,105,Bezirk Hinwil,47152,39579
2021-07-12,2021-07-18,28,106,Bezirk Horgen,71295,58670
2021-07-12,2021-07-18,28,107,Bezirk Meilen,65475,56218
2021-07-12,2021-07-18,28,108,Bezirk Pfaffikon,31246,26099
2021-07-12,2021-07-18,28,109,Bezirk Uster,74900,62158
2021-07-12,2021-07-18,28,110,Bezirk Winterthur,92612,74763
2021-07-12,2021-07-18,28,111,Bezirk Dietikon,48542,38347
2021-07-12,2021-07-18,28,112,Bezirk Zurich,261714,217033
2021-07-12,2021-07-18,28,NA,andere Kantone,7000,5731
2021-07-12,2021-07-18,28,NA,Nachbarkantone,25500,21333
2021-07-12,2021-07-18,28,NA,unbekannt,5202,4069
2021-07-12,2021-07-18,28,NA,ZH aber ausserkantonal geimpft,17216,14985
2021-07-19,2021-07-25,29,101,Bezirk Affoltern,30000,26084
2021-07-19,2021-07-25,29,102,Bezirk Andelfingen,16058,14077
2021-07-19,2021-07-25,29,103,Bezirk Bulach,83491,72491
2021-07-19,2021-07-25,29,104,Bezirk Dielsdorf,47253,40954
2021-07-19,2021-07-25,29,105,Bezirk Hinwil,47789,42347
2021-07-19,2021-07-25,29,106,Bezirk Horgen,72190,63322
2021-07-19,2021-07-25,29,107,Bezirk Meilen,66086,59379
2021-07-19,2021-07-25,29,108,Bezirk Pfaffikon,31620,27978
2021-07-19,2021-07-25,29,109,Bezirk Uster,75763,66569
2021-07-19,2021-07-25,29,110,Bezirk Winterthur,93832,81087
2021-07-19,2021-07-25,29,111,Bezirk Dietikon,49157,42418
2021-07-19,2021-07-25,29,112,Bezirk Zurich,264583,233940
2021-07-19,2021-07-25,29,NA,andere Kantone,7109,6174
2021-07-19,2021-07-25,29,NA,Nachbarkantone,25802,22607
2021-07-19,2021-07-25,29,NA,unbekannt,5251,4492
2021-07-19,2021-07-25,29,NA,ZH aber ausserkantonal geimpft,17420,15329
2021-07-26,2021-08-01,30,101,Bezirk Affoltern,30372,27248
2021-07-26,2021-08-01,30,102,Bezirk Andelfingen,16281,14658
2021-07-26,2021-08-01,30,103,Bezirk Bulach,84523,75374
2021-07-26,2021-08-01,30,104,Bezirk Dielsdorf,47890,42437
2021-07-26,2021-08-01,30,105,Bezirk Hinwil,48291,42971
2021-07-26,2021-08-01,30,106,Bezirk Horgen,73064,65429
2021-07-26,2021-08-01,30,107,Bezirk Meilen,66603,60620
2021-07-26,2021-08-01,30,108,Bezirk Pfaffikon,31971,28771
2021-07-26,2021-08-01,30,109,Bezirk Uster,76568,68712
2021-07-26,2021-08-01,30,110,Bezirk Winterthur,95073,84415
2021-07-26,2021-08-01,30,111,Bezirk Dietikon,49797,43958
2021-07-26,2021-08-01,30,112,Bezirk Zurich,267096,240315
2021-07-26,2021-08-01,30,NA,andere Kantone,7229,6384
2021-07-26,2021-08-01,30,NA,Nachbarkantone,26130,23295
2021-07-26,2021-08-01,30,NA,unbekannt,5307,4670
2021-07-26,2021-08-01,30,NA,ZH aber ausserkantonal geimpft,17635,15592
2021-08-02,2021-08-08,31,101,Bezirk Affoltern,30639,27786
2021-08-02,2021-08-08,31,102,Bezirk Andelfingen,16426,14902
2021-08-02,2021-08-08,31,103,Bezirk Bulach,85301,76916
2021-08-02,2021-08-08,31,104,Bezirk Dielsdorf,48313,43278
2021-08-02,2021-08-08,31,105,Bezirk Hinwil,48666,43818
2021-08-02,2021-08-08,31,106,Bezirk Horgen,73481,66677
2021-08-02,2021-08-08,31,107,Bezirk Meilen,66919,61389
2021-08-02,2021-08-08,31,108,Bezirk Pfaffikon,32186,29185
2021-08-02,2021-08-08,31,109,Bezirk Uster,77015,69528
2021-08-02,2021-08-08,31,110,Bezirk Winterthur,96007,85947
2021-08-02,2021-08-08,31,111,Bezirk Dietikon,50242,44801
2021-08-02,2021-08-08,31,112,Bezirk Zurich,268632,244462
2021-08-02,2021-08-08,31,NA,andere Kantone,7294,6509
2021-08-02,2021-08-08,31,NA,Nachbarkantone,26418,23691
2021-08-02,2021-08-08,31,NA,unbekannt,5336,4767
2021-08-02,2021-08-08,31,NA,ZH aber ausserkantonal geimpft,17864,15802
2021-08-09,2021-08-15,32,101,Bezirk Affoltern,30923,28268
2021-08-09,2021-08-15,32,102,Bezirk Andelfingen,16546,15160
2021-08-09,2021-08-15,32,103,Bezirk Bulach,86123,78119
2021-08-09,2021-08-15,32,104,Bezirk Dielsdorf,48822,44019
2021-08-09,2021-08-15,32,105,Bezirk Hinwil,49119,44418
2021-08-09,2021-08-15,32,106,Bezirk Horgen,74004,67764
2021-08-09,2021-08-15,32,107,Bezirk Meilen,67332,62336
2021-08-09,2021-08-15,32,108,Bezirk Pfaffikon,32460,29554
2021-08-09,2021-08-15,32,109,Bezirk Uster,77679,70578
2021-08-09,2021-08-15,32,110,Bezirk Winterthur,96899,87423
2021-08-09,2021-08-15,32,111,Bezirk Dietikon,50799,45519
2021-08-09,2021-08-15,32,112,Bezirk Zurich,270305,247503
2021-08-09,2021-08-15,32,NA,andere Kantone,7366,6593
2021-08-09,2021-08-15,32,NA,Nachbarkantone,26655,24051
2021-08-09,2021-08-15,32,NA,unbekannt,5385,4835
2021-08-09,2021-08-15,32,NA,ZH aber ausserkantonal geimpft,18134,16418
2021-08-16,2021-08-22,33,101,Bezirk Affoltern,31272,28663
2021-08-16,2021-08-22,33,102,Bezirk Andelfingen,16724,15316
2021-08-16,2021-08-22,33,103,Bezirk Bulach,87299,79154
2021-08-16,2021-08-22,33,104,Bezirk Dielsdorf,49502,44648
2021-08-16,2021-08-22,33,105,Bezirk Hinwil,49690,44997
2021-08-16,2021-08-22,33,106,Bezirk Horgen,74668,68735
2021-08-16,2021-08-22,33,107,Bezirk Meilen,67853,63095
2021-08-16,2021-08-22,33,108,Bezirk Pfaffikon,32833,29920
2021-08-16,2021-08-22,33,109,Bezirk Uster,78310,71527
2021-08-16,2021-08-22,33,110,Bezirk Winterthur,98189,88610
2021-08-16,2021-08-22,33,111,Bezirk Dietikon,51458,46198
2021-08-16,2021-08-22,33,112,Bezirk Zurich,272465,250874
2021-08-16,2021-08-22,33,NA,andere Kantone,7435,6681
2021-08-16,2021-08-22,33,NA,Nachbarkantone,26961,24341
2021-08-16,2021-08-22,33,NA,unbekannt,5425,4880
2021-08-16,2021-08-22,33,NA,ZH aber ausserkantonal geimpft,18595,16795
2021-08-23,2021-08-29,34,101,Bezirk Affoltern,31718,29039
2021-08-23,2021-08-29,34,102,Bezirk Andelfingen,16968,15507
2021-08-23,2021-08-29,34,103,Bezirk Bulach,89017,80160
2021-08-23,2021-08-29,34,104,Bezirk Dielsdorf,50549,45275
2021-08-23,2021-08-29,34,105,Bezirk Hinwil,50556,45537
2021-08-23,2021-08-29,34,106,Bezirk Horgen,75774,69722
2021-08-23,2021-08-29,34,107,Bezirk Meilen,68704,63671
2021-08-23,2021-08-29,34,108,Bezirk Pfaffikon,33464,30302
2021-08-23,2021-08-29,34,109,Bezirk Uster,79678,72467
2021-08-23,2021-08-29,34,110,Bezirk Winterthur,100081,89902
2021-08-23,2021-08-29,34,111,Bezirk Dietikon,52472,46817
2021-08-23,2021-08-29,34,112,Bezirk Zurich,275388,253387
2021-08-23,2021-08-29,34,NA,andere Kantone,7521,6792
2021-08-23,2021-08-29,34,NA,Nachbarkantone,27351,24665
2021-08-23,2021-08-29,34,NA,unbekannt,5489,4932
2021-08-23,2021-08-29,34,NA,ZH aber ausserkantonal geimpft,19240,17027
2021-08-30,2021-09-05,35,101,Bezirk Affoltern,32351,29276
2021-08-30,2021-09-05,35,102,Bezirk Andelfingen,17207,15661
2021-08-30,2021-09-05,35,103,Bezirk Bulach,90562,80884
2021-08-30,2021-09-05,35,104,Bezirk Dielsdorf,51364,45633
2021-08-30,2021-09-05,35,105,Bezirk Hinwil,51983,45902
2021-08-30,2021-09-05,35,106,Bezirk Horgen,76705,70011
2021-08-30,2021-09-05,35,107,Bezirk Meilen,69956,64042
2021-08-30,2021-09-05,35,108,Bezirk Pfaffikon,34209,30555
2021-08-30,2021-09-05,35,109,Bezirk Uster,81355,73058
2021-08-30,2021-09-05,35,110,Bezirk Winterthur,102467,90752
2021-08-30,2021-09-05,35,111,Bezirk Dietikon,53417,47176
2021-08-30,2021-09-05,35,112,Bezirk Zurich,278994,254796
2021-08-30,2021-09-05,35,NA,andere Kantone,7641,6860
2021-08-30,2021-09-05,35,NA,Nachbarkantone,27793,24884
2021-08-30,2021-09-05,35,NA,unbekannt,5583,4961
2021-08-30,2021-09-05,35,NA,ZH aber ausserkantonal geimpft,20044,17234
2021-09-06,2021-09-12,36,101,Bezirk Affoltern,33164,29529
2021-09-06,2021-09-12,36,102,Bezirk Andelfingen,17497,15781
2021-09-06,2021-09-12,36,103,Bezirk Bulach,92990,81662
2021-09-06,2021-09-12,36,104,Bezirk Dielsdorf,52927,46104
2021-09-06,2021-09-12,36,105,Bezirk Hinwil,53598,46350
2021-09-06,2021-09-12,36,106,Bezirk Horgen,78153,70456
2021-09-06,2021-09-12,36,107,Bezirk Meilen,71136,64414
2021-09-06,2021-09-12,36,108,Bezirk Pfaffikon,35223,30837
2021-09-06,2021-09-12,36,109,Bezirk Uster,83163,73690
2021-09-06,2021-09-12,36,110,Bezirk Winterthur,105237,91621
2021-09-06,2021-09-12,36,111,Bezirk Dietikon,54724,47613
2021-09-06,2021-09-12,36,112,Bezirk Zurich,284579,256381
2021-09-06,2021-09-12,36,NA,andere Kantone,7827,6922
2021-09-06,2021-09-12,36,NA,Nachbarkantone,28508,25073
2021-09-06,2021-09-12,36,NA,unbekannt,5697,5001
2021-09-06,2021-09-12,36,NA,ZH aber ausserkantonal geimpft,21085,17513
2021-09-13,2021-09-19,37,101,Bezirk Affoltern,33748,29873
2021-09-13,2021-09-19,37,102,Bezirk Andelfingen,17995,15957
2021-09-13,2021-09-19,37,103,Bezirk Bulach,95802,82723
2021-09-13,2021-09-19,37,104,Bezirk Dielsdorf,54459,46748
2021-09-13,2021-09-19,37,105,Bezirk Hinwil,55160,46794
2021-09-13,2021-09-19,37,106,Bezirk Horgen,79598,71086
2021-09-13,2021-09-19,37,107,Bezirk Meilen,72385,64929
2021-09-13,2021-09-19,37,108,Bezirk Pfaffikon,36339,31171
2021-09-13,2021-09-19,37,109,Bezirk Uster,85312,74337
2021-09-13,2021-09-19,37,110,Bezirk Winterthur,108107,92842
2021-09-13,2021-09-19,37,111,Bezirk Dietikon,56215,48166
2021-09-13,2021-09-19,37,112,Bezirk Zurich,290176,258531
2021-09-13,2021-09-19,37,NA,andere Kantone,8014,7003
2021-09-13,2021-09-19,37,NA,Nachbarkantone,29220,25323
2021-09-13,2021-09-19,37,NA,unbekannt,5823,5044
2021-09-13,2021-09-19,37,NA,ZH aber ausserkantonal geimpft,22086,17971
2021-09-20,2021-09-26,38,101,Bezirk Affoltern,34214,30241
2021-09-20,2021-09-26,38,102,Bezirk Andelfingen,18339,16167
2021-09-20,2021-09-26,38,103,Bezirk Bulach,97612,84190
2021-09-20,2021-09-26,38,104,Bezirk Dielsdorf,55692,47601
2021-09-20,2021-09-26,38,105,Bezirk Hinwil,56120,47567
2021-09-20,2021-09-26,38,106,Bezirk Horgen,81023,71873
2021-09-20,2021-09-26,38,107,Bezirk Meilen,73087,65599
2021-09-20,2021-09-26,38,108,Bezirk Pfaffikon,36976,31660
2021-09-20,2021-09-26,38,109,Bezirk Uster,86772,75389
2021-09-20,2021-09-26,38,110,Bezirk Winterthur,109895,94356
2021-09-20,2021-09-26,38,111,Bezirk Dietikon,57292,48954
2021-09-20,2021-09-26,38,112,Bezirk Zurich,294788,260817
2021-09-20,2021-09-26,38,NA,andere Kantone,8191,7069
2021-09-20,2021-09-26,38,NA,Nachbarkantone,29766,25632
2021-09-20,2021-09-26,38,NA,unbekannt,5922,5090
2021-09-20,2021-09-26,38,NA,ZH aber ausserkantonal geimpft,22832,18647
