date,ageclass,gender,ncumul_firstvacc,ncumul_secondvacc
2021-01-04,0-19,d,0,0
2021-01-04,0-19,f,0,0
2021-01-04,0-19,m,0,0
2021-01-04,20-29,d,0,0
2021-01-04,20-29,f,0,0
2021-01-04,20-29,m,1,0
2021-01-04,30-39,d,0,0
2021-01-04,30-39,f,0,0
2021-01-04,30-39,m,0,0
2021-01-04,40-49,d,0,0
2021-01-04,40-49,f,2,0
2021-01-04,40-49,m,1,0
2021-01-04,50-59,d,0,0
2021-01-04,50-59,f,3,0
2021-01-04,50-59,m,0,0
2021-01-04,60-69,d,0,0
2021-01-04,60-69,f,4,0
2021-01-04,60-69,m,3,0
2021-01-04,70-79,d,0,0
2021-01-04,70-79,f,4,0
2021-01-04,70-79,m,6,0
2021-01-04,80+,d,0,0
2021-01-04,80+,f,31,0
2021-01-04,80+,m,26,0
2021-01-05,0-19,d,0,0
2021-01-05,0-19,f,2,0
2021-01-05,0-19,m,0,0
2021-01-05,20-29,d,0,0
2021-01-05,20-29,f,2,0
2021-01-05,20-29,m,5,0
2021-01-05,30-39,d,0,0
2021-01-05,30-39,f,6,0
2021-01-05,30-39,m,9,0
2021-01-05,40-49,d,0,0
2021-01-05,40-49,f,15,0
2021-01-05,40-49,m,13,0
2021-01-05,50-59,d,0,0
2021-01-05,50-59,f,12,0
2021-01-05,50-59,m,17,0
2021-01-05,60-69,d,0,0
2021-01-05,60-69,f,27,0
2021-01-05,60-69,m,48,0
2021-01-05,70-79,d,0,0
2021-01-05,70-79,f,41,0
2021-01-05,70-79,m,82,0
2021-01-05,80+,d,0,0
2021-01-05,80+,f,98,0
2021-01-05,80+,m,102,0
2021-01-06,0-19,d,0,0
2021-01-06,0-19,f,2,0
2021-01-06,0-19,m,0,0
2021-01-06,20-29,d,0,0
2021-01-06,20-29,f,4,0
2021-01-06,20-29,m,12,0
2021-01-06,30-39,d,0,0
2021-01-06,30-39,f,13,0
2021-01-06,30-39,m,16,0
2021-01-06,40-49,d,0,0
2021-01-06,40-49,f,27,0
2021-01-06,40-49,m,22,0
2021-01-06,50-59,d,0,0
2021-01-06,50-59,f,19,0
2021-01-06,50-59,m,42,0
2021-01-06,60-69,d,0,0
2021-01-06,60-69,f,48,0
2021-01-06,60-69,m,69,0
2021-01-06,70-79,d,0,0
2021-01-06,70-79,f,85,0
2021-01-06,70-79,m,155,0
2021-01-06,80+,d,0,0
2021-01-06,80+,f,187,0
2021-01-06,80+,m,182,0
2021-01-07,0-19,d,0,0
2021-01-07,0-19,f,2,0
2021-01-07,0-19,m,0,0
2021-01-07,20-29,d,0,0
2021-01-07,20-29,f,8,0
2021-01-07,20-29,m,12,0
2021-01-07,30-39,d,0,0
2021-01-07,30-39,f,21,0
2021-01-07,30-39,m,21,0
2021-01-07,40-49,d,0,0
2021-01-07,40-49,f,34,0
2021-01-07,40-49,m,38,0
2021-01-07,50-59,d,0,0
2021-01-07,50-59,f,29,0
2021-01-07,50-59,m,56,0
2021-01-07,60-69,d,0,0
2021-01-07,60-69,f,62,0
2021-01-07,60-69,m,103,0
2021-01-07,70-79,d,0,0
2021-01-07,70-79,f,140,0
2021-01-07,70-79,m,218,0
2021-01-07,80+,d,0,0
2021-01-07,80+,f,265,0
2021-01-07,80+,m,273,0
2021-01-08,0-19,d,0,0
2021-01-08,0-19,f,2,0
2021-01-08,0-19,m,0,0
2021-01-08,20-29,d,0,0
2021-01-08,20-29,f,12,0
2021-01-08,20-29,m,14,0
2021-01-08,30-39,d,0,0
2021-01-08,30-39,f,28,0
2021-01-08,30-39,m,25,0
2021-01-08,40-49,d,0,0
2021-01-08,40-49,f,41,0
2021-01-08,40-49,m,44,0
2021-01-08,50-59,d,0,0
2021-01-08,50-59,f,43,0
2021-01-08,50-59,m,71,0
2021-01-08,60-69,d,0,0
2021-01-08,60-69,f,83,0
2021-01-08,60-69,m,137,0
2021-01-08,70-79,d,0,0
2021-01-08,70-79,f,188,0
2021-01-08,70-79,m,273,0
2021-01-08,80+,d,0,0
2021-01-08,80+,f,362,0
2021-01-08,80+,m,355,0
2021-01-09,0-19,d,0,0
2021-01-09,0-19,f,2,0
2021-01-09,0-19,m,0,0
2021-01-09,20-29,d,0,0
2021-01-09,20-29,f,14,0
2021-01-09,20-29,m,15,0
2021-01-09,30-39,d,0,0
2021-01-09,30-39,f,33,0
2021-01-09,30-39,m,27,0
2021-01-09,40-49,d,0,0
2021-01-09,40-49,f,43,0
2021-01-09,40-49,m,47,0
2021-01-09,50-59,d,0,0
2021-01-09,50-59,f,55,0
2021-01-09,50-59,m,86,0
2021-01-09,60-69,d,0,0
2021-01-09,60-69,f,93,0
2021-01-09,60-69,m,154,0
2021-01-09,70-79,d,0,0
2021-01-09,70-79,f,242,0
2021-01-09,70-79,m,342,0
2021-01-09,80+,d,0,0
2021-01-09,80+,f,398,0
2021-01-09,80+,m,392,0
2021-01-10,0-19,d,0,0
2021-01-10,0-19,f,2,0
2021-01-10,0-19,m,0,0
2021-01-10,20-29,d,0,0
2021-01-10,20-29,f,14,0
2021-01-10,20-29,m,15,0
2021-01-10,30-39,d,0,0
2021-01-10,30-39,f,33,0
2021-01-10,30-39,m,27,0
2021-01-10,40-49,d,0,0
2021-01-10,40-49,f,43,0
2021-01-10,40-49,m,47,0
2021-01-10,50-59,d,0,0
2021-01-10,50-59,f,55,0
2021-01-10,50-59,m,86,0
2021-01-10,60-69,d,0,0
2021-01-10,60-69,f,93,0
2021-01-10,60-69,m,154,0
2021-01-10,70-79,d,0,0
2021-01-10,70-79,f,242,0
2021-01-10,70-79,m,342,0
2021-01-10,80+,d,0,0
2021-01-10,80+,f,398,0
2021-01-10,80+,m,392,0
2021-01-11,0-19,d,0,0
2021-01-11,0-19,f,3,0
2021-01-11,0-19,m,1,0
2021-01-11,20-29,d,0,0
2021-01-11,20-29,f,19,0
2021-01-11,20-29,m,19,0
2021-01-11,30-39,d,0,0
2021-01-11,30-39,f,39,0
2021-01-11,30-39,m,35,0
2021-01-11,40-49,d,0,0
2021-01-11,40-49,f,62,0
2021-01-11,40-49,m,57,0
2021-01-11,50-59,d,0,0
2021-01-11,50-59,f,69,0
2021-01-11,50-59,m,112,0
2021-01-11,60-69,d,0,0
2021-01-11,60-69,f,123,0
2021-01-11,60-69,m,202,0
2021-01-11,70-79,d,0,0
2021-01-11,70-79,f,297,0
2021-01-11,70-79,m,418,0
2021-01-11,80+,d,0,0
2021-01-11,80+,f,526,0
2021-01-11,80+,m,537,0
2021-01-12,0-19,d,0,0
2021-01-12,0-19,f,3,0
2021-01-12,0-19,m,1,0
2021-01-12,20-29,d,0,0
2021-01-12,20-29,f,31,0
2021-01-12,20-29,m,31,0
2021-01-12,30-39,d,0,0
2021-01-12,30-39,f,66,0
2021-01-12,30-39,m,70,0
2021-01-12,40-49,d,0,0
2021-01-12,40-49,f,85,0
2021-01-12,40-49,m,80,0
2021-01-12,50-59,d,0,0
2021-01-12,50-59,f,87,0
2021-01-12,50-59,m,134,0
2021-01-12,60-69,d,0,0
2021-01-12,60-69,f,152,0
2021-01-12,60-69,m,238,0
2021-01-12,70-79,d,0,0
2021-01-12,70-79,f,351,0
2021-01-12,70-79,m,522,0
2021-01-12,80+,d,0,0
2021-01-12,80+,f,647,0
2021-01-12,80+,m,672,0
2021-01-13,0-19,d,0,0
2021-01-13,0-19,f,3,0
2021-01-13,0-19,m,1,0
2021-01-13,20-29,d,0,0
2021-01-13,20-29,f,59,0
2021-01-13,20-29,m,58,0
2021-01-13,30-39,d,0,0
2021-01-13,30-39,f,105,0
2021-01-13,30-39,m,119,0
2021-01-13,40-49,d,0,0
2021-01-13,40-49,f,114,0
2021-01-13,40-49,m,125,0
2021-01-13,50-59,d,0,0
2021-01-13,50-59,f,110,0
2021-01-13,50-59,m,170,0
2021-01-13,60-69,d,0,0
2021-01-13,60-69,f,178,0
2021-01-13,60-69,m,268,0
2021-01-13,70-79,d,0,0
2021-01-13,70-79,f,417,0
2021-01-13,70-79,m,617,0
2021-01-13,80+,d,0,0
2021-01-13,80+,f,759,0
2021-01-13,80+,m,832,0
2021-01-14,0-19,d,0,0
2021-01-14,0-19,f,4,0
2021-01-14,0-19,m,2,0
2021-01-14,20-29,d,0,0
2021-01-14,20-29,f,86,0
2021-01-14,20-29,m,79,0
2021-01-14,30-39,d,0,0
2021-01-14,30-39,f,151,0
2021-01-14,30-39,m,167,0
2021-01-14,40-49,d,0,0
2021-01-14,40-49,f,139,0
2021-01-14,40-49,m,143,0
2021-01-14,50-59,d,0,0
2021-01-14,50-59,f,128,0
2021-01-14,50-59,m,191,0
2021-01-14,60-69,d,0,0
2021-01-14,60-69,f,188,0
2021-01-14,60-69,m,288,0
2021-01-14,70-79,d,0,0
2021-01-14,70-79,f,496,0
2021-01-14,70-79,m,715,0
2021-01-14,80+,d,0,0
2021-01-14,80+,f,886,0
2021-01-14,80+,m,978,0
2021-01-15,0-19,d,0,0
2021-01-15,0-19,f,4,0
2021-01-15,0-19,m,2,0
2021-01-15,20-29,d,0,0
2021-01-15,20-29,f,119,0
2021-01-15,20-29,m,93,0
2021-01-15,30-39,d,0,0
2021-01-15,30-39,f,192,0
2021-01-15,30-39,m,210,0
2021-01-15,40-49,d,0,0
2021-01-15,40-49,f,166,0
2021-01-15,40-49,m,166,0
2021-01-15,50-59,d,0,0
2021-01-15,50-59,f,158,0
2021-01-15,50-59,m,210,0
2021-01-15,60-69,d,0,0
2021-01-15,60-69,f,206,0
2021-01-15,60-69,m,307,0
2021-01-15,70-79,d,0,0
2021-01-15,70-79,f,564,0
2021-01-15,70-79,m,790,0
2021-01-15,80+,d,0,0
2021-01-15,80+,f,1026,0
2021-01-15,80+,m,1137,0
2021-01-16,0-19,d,0,0
2021-01-16,0-19,f,5,0
2021-01-16,0-19,m,2,0
2021-01-16,20-29,d,0,0
2021-01-16,20-29,f,179,0
2021-01-16,20-29,m,119,0
2021-01-16,30-39,d,0,0
2021-01-16,30-39,f,284,0
2021-01-16,30-39,m,262,0
2021-01-16,40-49,d,0,0
2021-01-16,40-49,f,212,0
2021-01-16,40-49,m,193,0
2021-01-16,50-59,d,0,0
2021-01-16,50-59,f,186,0
2021-01-16,50-59,m,238,0
2021-01-16,60-69,d,0,0
2021-01-16,60-69,f,226,0
2021-01-16,60-69,m,318,0
2021-01-16,70-79,d,0,0
2021-01-16,70-79,f,565,0
2021-01-16,70-79,m,792,0
2021-01-16,80+,d,0,0
2021-01-16,80+,f,1029,0
2021-01-16,80+,m,1140,0
2021-01-17,0-19,d,0,0
2021-01-17,0-19,f,5,0
2021-01-17,0-19,m,2,0
2021-01-17,20-29,d,0,0
2021-01-17,20-29,f,179,0
2021-01-17,20-29,m,119,0
2021-01-17,30-39,d,0,0
2021-01-17,30-39,f,284,0
2021-01-17,30-39,m,262,0
2021-01-17,40-49,d,0,0
2021-01-17,40-49,f,212,0
2021-01-17,40-49,m,193,0
2021-01-17,50-59,d,0,0
2021-01-17,50-59,f,186,0
2021-01-17,50-59,m,238,0
2021-01-17,60-69,d,0,0
2021-01-17,60-69,f,226,0
2021-01-17,60-69,m,318,0
2021-01-17,70-79,d,0,0
2021-01-17,70-79,f,566,0
2021-01-17,70-79,m,792,0
2021-01-17,80+,d,0,0
2021-01-17,80+,f,1029,0
2021-01-17,80+,m,1140,0
2021-01-18,0-19,d,0,0
2021-01-18,0-19,f,6,0
2021-01-18,0-19,m,2,0
2021-01-18,20-29,d,0,0
2021-01-18,20-29,f,200,0
2021-01-18,20-29,m,135,0
2021-01-18,30-39,d,0,0
2021-01-18,30-39,f,319,0
2021-01-18,30-39,m,294,0
2021-01-18,40-49,d,0,0
2021-01-18,40-49,f,259,0
2021-01-18,40-49,m,235,0
2021-01-18,50-59,d,0,0
2021-01-18,50-59,f,235,0
2021-01-18,50-59,m,284,0
2021-01-18,60-69,d,0,0
2021-01-18,60-69,f,275,0
2021-01-18,60-69,m,366,0
2021-01-18,70-79,d,0,0
2021-01-18,70-79,f,682,0
2021-01-18,70-79,m,946,0
2021-01-18,80+,d,0,0
2021-01-18,80+,f,1191,0
2021-01-18,80+,m,1341,0
2021-01-19,0-19,d,0,0
2021-01-19,0-19,f,13,0
2021-01-19,0-19,m,5,0
2021-01-19,20-29,d,0,0
2021-01-19,20-29,f,292,0
2021-01-19,20-29,m,187,0
2021-01-19,30-39,d,0,0
2021-01-19,30-39,f,464,0
2021-01-19,30-39,m,382,0
2021-01-19,40-49,d,0,0
2021-01-19,40-49,f,424,0
2021-01-19,40-49,m,340,0
2021-01-19,50-59,d,0,0
2021-01-19,50-59,f,392,0
2021-01-19,50-59,m,407,0
2021-01-19,60-69,d,0,0
2021-01-19,60-69,f,399,0
2021-01-19,60-69,m,519,0
2021-01-19,70-79,d,0,0
2021-01-19,70-79,f,925,0
2021-01-19,70-79,m,1264,0
2021-01-19,80+,d,0,0
2021-01-19,80+,f,1539,0
2021-01-19,80+,m,1679,0
2021-01-20,0-19,d,0,0
2021-01-20,0-19,f,31,0
2021-01-20,0-19,m,10,0
2021-01-20,20-29,d,0,0
2021-01-20,20-29,f,446,0
2021-01-20,20-29,m,243,0
2021-01-20,30-39,d,0,0
2021-01-20,30-39,f,668,0
2021-01-20,30-39,m,521,0
2021-01-20,40-49,d,0,0
2021-01-20,40-49,f,635,0
2021-01-20,40-49,m,495,0
2021-01-20,50-59,d,0,0
2021-01-20,50-59,f,676,0
2021-01-20,50-59,m,613,0
2021-01-20,60-69,d,0,0
2021-01-20,60-69,f,662,0
2021-01-20,60-69,m,760,0
2021-01-20,70-79,d,0,0
2021-01-20,70-79,f,1508,0
2021-01-20,70-79,m,1887,0
2021-01-20,80+,d,0,0
2021-01-20,80+,f,2463,0
2021-01-20,80+,m,2370,0
2021-01-21,0-19,d,0,0
2021-01-21,0-19,f,55,0
2021-01-21,0-19,m,23,0
2021-01-21,20-29,d,0,0
2021-01-21,20-29,f,596,0
2021-01-21,20-29,m,313,0
2021-01-21,30-39,d,0,0
2021-01-21,30-39,f,913,0
2021-01-21,30-39,m,661,0
2021-01-21,40-49,d,0,0
2021-01-21,40-49,f,948,0
2021-01-21,40-49,m,657,0
2021-01-21,50-59,d,0,0
2021-01-21,50-59,f,1196,0
2021-01-21,50-59,m,889,0
2021-01-21,60-69,d,0,0
2021-01-21,60-69,f,995,0
2021-01-21,60-69,m,1054,0
2021-01-21,70-79,d,0,0
2021-01-21,70-79,f,2232,0
2021-01-21,70-79,m,2592,0
2021-01-21,80+,d,0,0
2021-01-21,80+,f,3525,0
2021-01-21,80+,m,3123,0
2021-01-22,0-19,d,0,0
2021-01-22,0-19,f,75,0
2021-01-22,0-19,m,31,0
2021-01-22,20-29,d,0,0
2021-01-22,20-29,f,744,0
2021-01-22,20-29,m,365,0
2021-01-22,30-39,d,0,0
2021-01-22,30-39,f,1097,0
2021-01-22,30-39,m,763,0
2021-01-22,40-49,d,0,0
2021-01-22,40-49,f,1174,0
2021-01-22,40-49,m,782,0
2021-01-22,50-59,d,0,0
2021-01-22,50-59,f,1525,0
2021-01-22,50-59,m,1111,0
2021-01-22,60-69,d,0,0
2021-01-22,60-69,f,1222,0
2021-01-22,60-69,m,1258,0
2021-01-22,70-79,d,0,0
2021-01-22,70-79,f,2854,0
2021-01-22,70-79,m,3182,0
2021-01-22,80+,d,0,0
2021-01-22,80+,f,4312,0
2021-01-22,80+,m,3757,0
2021-01-23,0-19,d,0,0
2021-01-23,0-19,f,80,0
2021-01-23,0-19,m,33,0
2021-01-23,20-29,d,0,0
2021-01-23,20-29,f,760,0
2021-01-23,20-29,m,367,0
2021-01-23,30-39,d,0,0
2021-01-23,30-39,f,1134,0
2021-01-23,30-39,m,773,0
2021-01-23,40-49,d,0,0
2021-01-23,40-49,f,1215,0
2021-01-23,40-49,m,804,0
2021-01-23,50-59,d,0,0
2021-01-23,50-59,f,1604,0
2021-01-23,50-59,m,1155,0
2021-01-23,60-69,d,0,0
2021-01-23,60-69,f,1288,0
2021-01-23,60-69,m,1323,0
2021-01-23,70-79,d,0,0
2021-01-23,70-79,f,3062,0
2021-01-23,70-79,m,3339,0
2021-01-23,80+,d,0,0
2021-01-23,80+,f,4547,0
2021-01-23,80+,m,3932,0
2021-01-24,0-19,d,0,0
2021-01-24,0-19,f,80,0
2021-01-24,0-19,m,33,0
2021-01-24,20-29,d,0,0
2021-01-24,20-29,f,760,0
2021-01-24,20-29,m,367,0
2021-01-24,30-39,d,0,0
2021-01-24,30-39,f,1134,0
2021-01-24,30-39,m,773,0
2021-01-24,40-49,d,0,0
2021-01-24,40-49,f,1215,0
2021-01-24,40-49,m,805,0
2021-01-24,50-59,d,0,0
2021-01-24,50-59,f,1605,0
2021-01-24,50-59,m,1156,0
2021-01-24,60-69,d,0,0
2021-01-24,60-69,f,1288,0
2021-01-24,60-69,m,1326,0
2021-01-24,70-79,d,0,0
2021-01-24,70-79,f,3065,0
2021-01-24,70-79,m,3344,0
2021-01-24,80+,d,0,0
2021-01-24,80+,f,4553,0
2021-01-24,80+,m,3937,0
2021-01-25,0-19,d,0,0
2021-01-25,0-19,f,81,0
2021-01-25,0-19,m,33,0
2021-01-25,20-29,d,0,0
2021-01-25,20-29,f,772,0
2021-01-25,20-29,m,368,0
2021-01-25,30-39,d,0,0
2021-01-25,30-39,f,1147,0
2021-01-25,30-39,m,791,0
2021-01-25,40-49,d,0,0
2021-01-25,40-49,f,1247,0
2021-01-25,40-49,m,825,0
2021-01-25,50-59,d,0,0
2021-01-25,50-59,f,1655,0
2021-01-25,50-59,m,1212,0
2021-01-25,60-69,d,0,0
2021-01-25,60-69,f,1367,0
2021-01-25,60-69,m,1432,0
2021-01-25,70-79,d,0,0
2021-01-25,70-79,f,3418,0
2021-01-25,70-79,m,3672,1
2021-01-25,80+,d,0,0
2021-01-25,80+,f,4918,0
2021-01-25,80+,m,4286,0
2021-01-26,0-19,d,0,0
2021-01-26,0-19,f,92,2
2021-01-26,0-19,m,38,0
2021-01-26,20-29,d,0,0
2021-01-26,20-29,f,816,2
2021-01-26,20-29,m,402,4
2021-01-26,30-39,d,0,0
2021-01-26,30-39,f,1202,2
2021-01-26,30-39,m,836,8
2021-01-26,40-49,d,0,0
2021-01-26,40-49,f,1340,8
2021-01-26,40-49,m,917,10
2021-01-26,50-59,d,0,0
2021-01-26,50-59,f,1826,6
2021-01-26,50-59,m,1372,17
2021-01-26,60-69,d,1,0
2021-01-26,60-69,f,1541,20
2021-01-26,60-69,m,1614,36
2021-01-26,70-79,d,0,0
2021-01-26,70-79,f,3900,23
2021-01-26,70-79,m,4158,45
2021-01-26,80+,d,0,0
2021-01-26,80+,f,5563,11
2021-01-26,80+,m,4826,20
2021-01-27,0-19,d,0,0
2021-01-27,0-19,f,107,2
2021-01-27,0-19,m,48,0
2021-01-27,20-29,d,0,0
2021-01-27,20-29,f,901,3
2021-01-27,20-29,m,463,10
2021-01-27,30-39,d,0,0
2021-01-27,30-39,f,1337,10
2021-01-27,30-39,m,917,13
2021-01-27,40-49,d,0,0
2021-01-27,40-49,f,1499,14
2021-01-27,40-49,m,1049,18
2021-01-27,50-59,d,0,0
2021-01-27,50-59,f,2127,12
2021-01-27,50-59,m,1607,38
2021-01-27,60-69,d,1,0
2021-01-27,60-69,f,1833,37
2021-01-27,60-69,m,1893,53
2021-01-27,70-79,d,1,0
2021-01-27,70-79,f,4535,47
2021-01-27,70-79,m,4772,94
2021-01-27,80+,d,0,0
2021-01-27,80+,f,6657,22
2021-01-27,80+,m,5441,32
2021-01-28,0-19,d,0,0
2021-01-28,0-19,f,149,2
2021-01-28,0-19,m,73,0
2021-01-28,20-29,d,0,0
2021-01-28,20-29,f,1064,7
2021-01-28,20-29,m,550,10
2021-01-28,30-39,d,0,0
2021-01-28,30-39,f,1540,16
2021-01-28,30-39,m,1042,18
2021-01-28,40-49,d,0,0
2021-01-28,40-49,f,1766,19
2021-01-28,40-49,m,1213,33
2021-01-28,50-59,d,0,0
2021-01-28,50-59,f,2480,20
2021-01-28,50-59,m,1878,52
2021-01-28,60-69,d,1,0
2021-01-28,60-69,f,2104,45
2021-01-28,60-69,m,2156,80
2021-01-28,70-79,d,1,0
2021-01-28,70-79,f,5127,90
2021-01-28,70-79,m,5345,139
2021-01-28,80+,d,1,0
2021-01-28,80+,f,7625,36
2021-01-28,80+,m,6058,51
2021-01-29,0-19,d,0,0
2021-01-29,0-19,f,184,2
2021-01-29,0-19,m,82,0
2021-01-29,20-29,d,0,0
2021-01-29,20-29,f,1186,11
2021-01-29,20-29,m,605,12
2021-01-29,30-39,d,0,0
2021-01-29,30-39,f,1682,24
2021-01-29,30-39,m,1146,22
2021-01-29,40-49,d,0,0
2021-01-29,40-49,f,1981,24
2021-01-29,40-49,m,1367,40
2021-01-29,50-59,d,0,0
2021-01-29,50-59,f,2844,29
2021-01-29,50-59,m,2118,61
2021-01-29,60-69,d,1,0
2021-01-29,60-69,f,2438,61
2021-01-29,60-69,m,2417,106
2021-01-29,70-79,d,5,0
2021-01-29,70-79,f,5809,123
2021-01-29,70-79,m,6004,175
2021-01-29,80+,d,1,0
2021-01-29,80+,f,8614,62
2021-01-29,80+,m,6660,80
2021-01-30,0-19,d,0,0
2021-01-30,0-19,f,187,2
2021-01-30,0-19,m,83,0
2021-01-30,20-29,d,0,0
2021-01-30,20-29,f,1202,13
2021-01-30,20-29,m,611,13
2021-01-30,30-39,d,0,0
2021-01-30,30-39,f,1696,29
2021-01-30,30-39,m,1158,24
2021-01-30,40-49,d,0,0
2021-01-30,40-49,f,2015,26
2021-01-30,40-49,m,1384,43
2021-01-30,50-59,d,0,0
2021-01-30,50-59,f,2906,41
2021-01-30,50-59,m,2155,75
2021-01-30,60-69,d,1,0
2021-01-30,60-69,f,2504,70
2021-01-30,60-69,m,2484,123
2021-01-30,70-79,d,5,0
2021-01-30,70-79,f,6025,175
2021-01-30,70-79,m,6176,244
2021-01-30,80+,d,1,0
2021-01-30,80+,f,8889,96
2021-01-30,80+,m,6830,116
2021-01-31,0-19,d,0,0
2021-01-31,0-19,f,187,2
2021-01-31,0-19,m,83,0
2021-01-31,20-29,d,0,0
2021-01-31,20-29,f,1203,13
2021-01-31,20-29,m,611,13
2021-01-31,30-39,d,0,0
2021-01-31,30-39,f,1697,29
2021-01-31,30-39,m,1159,24
2021-01-31,40-49,d,0,0
2021-01-31,40-49,f,2017,26
2021-01-31,40-49,m,1384,43
2021-01-31,50-59,d,0,0
2021-01-31,50-59,f,2908,41
2021-01-31,50-59,m,2156,75
2021-01-31,60-69,d,1,0
2021-01-31,60-69,f,2505,70
2021-01-31,60-69,m,2488,123
2021-01-31,70-79,d,5,0
2021-01-31,70-79,f,6027,175
2021-01-31,70-79,m,6180,244
2021-01-31,80+,d,1,0
2021-01-31,80+,f,8895,96
2021-01-31,80+,m,6836,116
2021-02-01,0-19,d,0,0
2021-02-01,0-19,f,191,3
2021-02-01,0-19,m,85,0
2021-02-01,20-29,d,0,0
2021-02-01,20-29,f,1215,17
2021-02-01,20-29,m,621,18
2021-02-01,30-39,d,0,0
2021-02-01,30-39,f,1744,33
2021-02-01,30-39,m,1190,29
2021-02-01,40-49,d,0,0
2021-02-01,40-49,f,2074,35
2021-02-01,40-49,m,1439,50
2021-02-01,50-59,d,0,0
2021-02-01,50-59,f,2992,49
2021-02-01,50-59,m,2236,92
2021-02-01,60-69,d,1,0
2021-02-01,60-69,f,2619,84
2021-02-01,60-69,m,2595,154
2021-02-01,70-79,d,5,0
2021-02-01,70-79,f,6332,201
2021-02-01,70-79,m,6484,286
2021-02-01,80+,d,1,0
2021-02-01,80+,f,9311,137
2021-02-01,80+,m,7138,151
2021-02-02,0-19,d,0,0
2021-02-02,0-19,f,194,3
2021-02-02,0-19,m,87,0
2021-02-02,20-29,d,0,0
2021-02-02,20-29,f,1231,19
2021-02-02,20-29,m,641,21
2021-02-02,30-39,d,0,0
2021-02-02,30-39,f,1776,36
2021-02-02,30-39,m,1218,34
2021-02-02,40-49,d,0,0
2021-02-02,40-49,f,2126,43
2021-02-02,40-49,m,1493,57
2021-02-02,50-59,d,0,0
2021-02-02,50-59,f,3081,55
2021-02-02,50-59,m,2331,99
2021-02-02,60-69,d,1,0
2021-02-02,60-69,f,2726,104
2021-02-02,60-69,m,2742,189
2021-02-02,70-79,d,5,0
2021-02-02,70-79,f,6728,239
2021-02-02,70-79,m,6799,363
2021-02-02,80+,d,2,0
2021-02-02,80+,f,9704,180
2021-02-02,80+,m,7480,206
2021-02-03,0-19,d,0,0
2021-02-03,0-19,f,198,3
2021-02-03,0-19,m,87,1
2021-02-03,20-29,d,0,0
2021-02-03,20-29,f,1238,21
2021-02-03,20-29,m,645,24
2021-02-03,30-39,d,0,0
2021-02-03,30-39,f,1799,41
2021-02-03,30-39,m,1230,38
2021-02-03,40-49,d,0,0
2021-02-03,40-49,f,2164,63
2021-02-03,40-49,m,1524,66
2021-02-03,50-59,d,0,0
2021-02-03,50-59,f,3151,67
2021-02-03,50-59,m,2397,114
2021-02-03,60-69,d,1,0
2021-02-03,60-69,f,2860,128
2021-02-03,60-69,m,2864,210
2021-02-03,70-79,d,6,0
2021-02-03,70-79,f,7148,297
2021-02-03,70-79,m,7149,440
2021-02-03,80+,d,2,0
2021-02-03,80+,f,10125,261
2021-02-03,80+,m,7787,289
2021-02-04,0-19,d,0,0
2021-02-04,0-19,f,209,3
2021-02-04,0-19,m,93,1
2021-02-04,20-29,d,0,0
2021-02-04,20-29,f,1288,21
2021-02-04,20-29,m,677,25
2021-02-04,30-39,d,0,0
2021-02-04,30-39,f,1855,44
2021-02-04,30-39,m,1277,40
2021-02-04,40-49,d,0,0
2021-02-04,40-49,f,2236,66
2021-02-04,40-49,m,1592,72
2021-02-04,50-59,d,0,0
2021-02-04,50-59,f,3279,69
2021-02-04,50-59,m,2493,120
2021-02-04,60-69,d,1,0
2021-02-04,60-69,f,2984,131
2021-02-04,60-69,m,2974,220
2021-02-04,70-79,d,6,0
2021-02-04,70-79,f,7484,355
2021-02-04,70-79,m,7440,514
2021-02-04,80+,d,2,0
2021-02-04,80+,f,10464,343
2021-02-04,80+,m,8003,374
2021-02-05,0-19,d,0,0
2021-02-05,0-19,f,220,3
2021-02-05,0-19,m,96,1
2021-02-05,20-29,d,0,0
2021-02-05,20-29,f,1320,24
2021-02-05,20-29,m,702,25
2021-02-05,30-39,d,0,0
2021-02-05,30-39,f,1895,53
2021-02-05,30-39,m,1308,47
2021-02-05,40-49,d,0,0
2021-02-05,40-49,f,2320,70
2021-02-05,40-49,m,1652,77
2021-02-05,50-59,d,0,0
2021-02-05,50-59,f,3417,72
2021-02-05,50-59,m,2623,123
2021-02-05,60-69,d,1,0
2021-02-05,60-69,f,3126,138
2021-02-05,60-69,m,3120,237
2021-02-05,70-79,d,6,0
2021-02-05,70-79,f,7832,413
2021-02-05,70-79,m,7751,570
2021-02-05,80+,d,2,0
2021-02-05,80+,f,10859,419
2021-02-05,80+,m,8272,465
2021-02-06,0-19,d,0,0
2021-02-06,0-19,f,222,3
2021-02-06,0-19,m,97,1
2021-02-06,20-29,d,0,0
2021-02-06,20-29,f,1328,24
2021-02-06,20-29,m,708,25
2021-02-06,30-39,d,0,0
2021-02-06,30-39,f,1907,53
2021-02-06,30-39,m,1324,47
2021-02-06,40-49,d,0,0
2021-02-06,40-49,f,2338,70
2021-02-06,40-49,m,1663,77
2021-02-06,50-59,d,0,0
2021-02-06,50-59,f,3461,72
2021-02-06,50-59,m,2647,123
2021-02-06,60-69,d,1,0
2021-02-06,60-69,f,3173,138
2021-02-06,60-69,m,3165,237
2021-02-06,70-79,d,6,0
2021-02-06,70-79,f,7892,413
2021-02-06,70-79,m,7801,570
2021-02-06,80+,d,2,0
2021-02-06,80+,f,10937,419
2021-02-06,80+,m,8307,465
2021-02-07,0-19,d,0,0
2021-02-07,0-19,f,226,3
2021-02-07,0-19,m,98,1
2021-02-07,20-29,d,0,0
2021-02-07,20-29,f,1338,24
2021-02-07,20-29,m,716,25
2021-02-07,30-39,d,0,0
2021-02-07,30-39,f,1913,53
2021-02-07,30-39,m,1332,47
2021-02-07,40-49,d,0,0
2021-02-07,40-49,f,2361,70
2021-02-07,40-49,m,1673,77
2021-02-07,50-59,d,0,0
2021-02-07,50-59,f,3470,72
2021-02-07,50-59,m,2658,123
2021-02-07,60-69,d,1,0
2021-02-07,60-69,f,3179,138
2021-02-07,60-69,m,3173,237
2021-02-07,70-79,d,6,0
2021-02-07,70-79,f,7894,413
2021-02-07,70-79,m,7804,570
2021-02-07,80+,d,2,0
2021-02-07,80+,f,10940,419
2021-02-07,80+,m,8308,465
2021-02-08,0-19,d,0,0
2021-02-08,0-19,f,228,3
2021-02-08,0-19,m,99,1
2021-02-08,20-29,d,0,0
2021-02-08,20-29,f,1351,33
2021-02-08,20-29,m,723,30
2021-02-08,30-39,d,0,0
2021-02-08,30-39,f,1928,68
2021-02-08,30-39,m,1342,60
2021-02-08,40-49,d,0,0
2021-02-08,40-49,f,2380,89
2021-02-08,40-49,m,1686,100
2021-02-08,50-59,d,0,0
2021-02-08,50-59,f,3503,85
2021-02-08,50-59,m,2699,143
2021-02-08,60-69,d,1,0
2021-02-08,60-69,f,3228,158
2021-02-08,60-69,m,3224,261
2021-02-08,70-79,d,6,0
2021-02-08,70-79,f,8058,474
2021-02-08,70-79,m,7958,650
2021-02-08,80+,d,2,0
2021-02-08,80+,f,11121,524
2021-02-08,80+,m,8432,600
2021-02-09,0-19,d,0,0
2021-02-09,0-19,f,256,6
2021-02-09,0-19,m,107,2
2021-02-09,20-29,d,1,0
2021-02-09,20-29,f,1430,111
2021-02-09,20-29,m,795,80
2021-02-09,30-39,d,0,0
2021-02-09,30-39,f,2040,192
2021-02-09,30-39,m,1430,142
2021-02-09,40-49,d,0,0
2021-02-09,40-49,f,2531,199
2021-02-09,40-49,m,1783,158
2021-02-09,50-59,d,0,0
2021-02-09,50-59,f,3746,180
2021-02-09,50-59,m,2863,217
2021-02-09,60-69,d,1,0
2021-02-09,60-69,f,3375,218
2021-02-09,60-69,m,3376,332
2021-02-09,70-79,d,7,0
2021-02-09,70-79,f,8343,557
2021-02-09,70-79,m,8227,781
2021-02-09,80+,d,2,0
2021-02-09,80+,f,11708,669
2021-02-09,80+,m,8757,755
2021-02-10,0-19,d,0,0
2021-02-10,0-19,f,296,11
2021-02-10,0-19,m,139,3
2021-02-10,20-29,d,1,0
2021-02-10,20-29,f,1619,188
2021-02-10,20-29,m,917,135
2021-02-10,30-39,d,0,0
2021-02-10,30-39,f,2320,311
2021-02-10,30-39,m,1633,237
2021-02-10,40-49,d,0,0
2021-02-10,40-49,f,2903,303
2021-02-10,40-49,m,2020,254
2021-02-10,50-59,d,0,0
2021-02-10,50-59,f,4319,279
2021-02-10,50-59,m,3190,309
2021-02-10,60-69,d,1,0
2021-02-10,60-69,f,3720,283
2021-02-10,60-69,m,3619,403
2021-02-10,70-79,d,7,0
2021-02-10,70-79,f,8764,654
2021-02-10,70-79,m,8535,911
2021-02-10,80+,d,2,0
2021-02-10,80+,f,12731,816
2021-02-10,80+,m,9264,906
2021-02-11,0-19,d,0,0
2021-02-11,0-19,f,333,17
2021-02-11,0-19,m,158,7
2021-02-11,20-29,d,1,0
2021-02-11,20-29,f,1742,323
2021-02-11,20-29,m,999,196
2021-02-11,30-39,d,1,0
2021-02-11,30-39,f,2519,495
2021-02-11,30-39,m,1744,373
2021-02-11,40-49,d,0,0
2021-02-11,40-49,f,3183,461
2021-02-11,40-49,m,2162,359
2021-02-11,50-59,d,0,0
2021-02-11,50-59,f,4857,436
2021-02-11,50-59,m,3451,423
2021-02-11,60-69,d,1,0
2021-02-11,60-69,f,4089,361
2021-02-11,60-69,m,3806,478
2021-02-11,70-79,d,7,0
2021-02-11,70-79,f,9263,765
2021-02-11,70-79,m,8918,1044
2021-02-11,80+,d,2,0
2021-02-11,80+,f,13986,958
2021-02-11,80+,m,9792,1071
2021-02-12,0-19,d,0,0
2021-02-12,0-19,f,351,22
2021-02-12,0-19,m,178,8
2021-02-12,20-29,d,1,0
2021-02-12,20-29,f,1871,418
2021-02-12,20-29,m,1096,243
2021-02-12,30-39,d,1,0
2021-02-12,30-39,f,2702,626
2021-02-12,30-39,m,1887,479
2021-02-12,40-49,d,0,0
2021-02-12,40-49,f,3441,574
2021-02-12,40-49,m,2330,451
2021-02-12,50-59,d,0,0
2021-02-12,50-59,f,5261,569
2021-02-12,50-59,m,3697,510
2021-02-12,60-69,d,1,0
2021-02-12,60-69,f,4351,421
2021-02-12,60-69,m,4042,529
2021-02-12,70-79,d,9,0
2021-02-12,70-79,f,9633,881
2021-02-12,70-79,m,9242,1154
2021-02-12,80+,d,6,0
2021-02-12,80+,f,15104,1109
2021-02-12,80+,m,10245,1252
2021-02-13,0-19,d,0,0
2021-02-13,0-19,f,359,23
2021-02-13,0-19,m,185,8
2021-02-13,20-29,d,1,0
2021-02-13,20-29,f,1900,477
2021-02-13,20-29,m,1112,269
2021-02-13,30-39,d,1,0
2021-02-13,30-39,f,2755,704
2021-02-13,30-39,m,1916,523
2021-02-13,40-49,d,0,0
2021-02-13,40-49,f,3518,617
2021-02-13,40-49,m,2370,476
2021-02-13,50-59,d,0,0
2021-02-13,50-59,f,5388,597
2021-02-13,50-59,m,3779,536
2021-02-13,60-69,d,1,0
2021-02-13,60-69,f,4436,439
2021-02-13,60-69,m,4100,539
2021-02-13,70-79,d,9,0
2021-02-13,70-79,f,9738,881
2021-02-13,70-79,m,9318,1155
2021-02-13,80+,d,6,0
2021-02-13,80+,f,15547,1110
2021-02-13,80+,m,10425,1252
2021-02-14,0-19,d,0,0
2021-02-14,0-19,f,359,23
2021-02-14,0-19,m,185,8
2021-02-14,20-29,d,1,0
2021-02-14,20-29,f,1900,477
2021-02-14,20-29,m,1112,269
2021-02-14,30-39,d,1,0
2021-02-14,30-39,f,2755,704
2021-02-14,30-39,m,1916,523
2021-02-14,40-49,d,0,0
2021-02-14,40-49,f,3518,617
2021-02-14,40-49,m,2370,476
2021-02-14,50-59,d,0,0
2021-02-14,50-59,f,5388,597
2021-02-14,50-59,m,3781,536
2021-02-14,60-69,d,1,0
2021-02-14,60-69,f,4436,439
2021-02-14,60-69,m,4100,539
2021-02-14,70-79,d,9,0
2021-02-14,70-79,f,9738,881
2021-02-14,70-79,m,9318,1155
2021-02-14,80+,d,6,0
2021-02-14,80+,f,15548,1110
2021-02-14,80+,m,10426,1252
2021-02-15,0-19,d,0,0
2021-02-15,0-19,f,361,24
2021-02-15,0-19,m,186,8
2021-02-15,20-29,d,1,0
2021-02-15,20-29,f,1919,488
2021-02-15,20-29,m,1120,276
2021-02-15,30-39,d,1,0
2021-02-15,30-39,f,2789,723
2021-02-15,30-39,m,1927,539
2021-02-15,40-49,d,0,0
2021-02-15,40-49,f,3550,633
2021-02-15,40-49,m,2391,496
2021-02-15,50-59,d,0,0
2021-02-15,50-59,f,5456,612
2021-02-15,50-59,m,3819,563
2021-02-15,60-69,d,1,0
2021-02-15,60-69,f,4496,469
2021-02-15,60-69,m,4157,579
2021-02-15,70-79,d,9,0
2021-02-15,70-79,f,9866,1004
2021-02-15,70-79,m,9422,1333
2021-02-15,80+,d,6,0
2021-02-15,80+,f,15822,1279
2021-02-15,80+,m,10571,1465
2021-02-16,0-19,d,0,0
2021-02-16,0-19,f,369,24
2021-02-16,0-19,m,209,8
2021-02-16,20-29,d,1,0
2021-02-16,20-29,f,1991,493
2021-02-16,20-29,m,1175,283
2021-02-16,30-39,d,1,0
2021-02-16,30-39,f,2854,744
2021-02-16,30-39,m,2026,554
2021-02-16,40-49,d,0,0
2021-02-16,40-49,f,3680,659
2021-02-16,40-49,m,2516,513
2021-02-16,50-59,d,0,0
2021-02-16,50-59,f,5708,647
2021-02-16,50-59,m,4017,601
2021-02-16,60-69,d,1,0
2021-02-16,60-69,f,4629,518
2021-02-16,60-69,m,4265,648
2021-02-16,70-79,d,9,0
2021-02-16,70-79,f,9997,1198
2021-02-16,70-79,m,9526,1527
2021-02-16,80+,d,6,0
2021-02-16,80+,f,16073,1539
2021-02-16,80+,m,10709,1756
2021-02-17,0-19,d,0,0
2021-02-17,0-19,f,372,25
2021-02-17,0-19,m,209,12
2021-02-17,20-29,d,1,0
2021-02-17,20-29,f,2009,547
2021-02-17,20-29,m,1184,302
2021-02-17,30-39,d,1,0
2021-02-17,30-39,f,2886,803
2021-02-17,30-39,m,2045,611
2021-02-17,40-49,d,0,0
2021-02-17,40-49,f,3722,723
2021-02-17,40-49,m,2543,557
2021-02-17,50-59,d,0,0
2021-02-17,50-59,f,5783,724
2021-02-17,50-59,m,4064,707
2021-02-17,60-69,d,1,0
2021-02-17,60-69,f,4702,693
2021-02-17,60-69,m,4330,814
2021-02-17,70-79,d,9,0
2021-02-17,70-79,f,10130,1625
2021-02-17,70-79,m,9633,1977
2021-02-17,80+,d,6,0
2021-02-17,80+,f,16277,2100
2021-02-17,80+,m,10820,2241
2021-02-18,0-19,d,0,0
2021-02-18,0-19,f,378,29
2021-02-18,0-19,m,212,15
2021-02-18,20-29,d,1,0
2021-02-18,20-29,f,2035,570
2021-02-18,20-29,m,1197,309
2021-02-18,30-39,d,1,0
2021-02-18,30-39,f,2910,844
2021-02-18,30-39,m,2058,633
2021-02-18,40-49,d,0,0
2021-02-18,40-49,f,3789,778
2021-02-18,40-49,m,2569,596
2021-02-18,50-59,d,0,0
2021-02-18,50-59,f,5864,840
2021-02-18,50-59,m,4111,795
2021-02-18,60-69,d,2,0
2021-02-18,60-69,f,4765,850
2021-02-18,60-69,m,4394,970
2021-02-18,70-79,d,9,0
2021-02-18,70-79,f,10258,2176
2021-02-18,70-79,m,9728,2523
2021-02-18,80+,d,6,0
2021-02-18,80+,f,16448,2801
2021-02-18,80+,m,10902,2810
2021-02-19,0-19,d,0,0
2021-02-19,0-19,f,379,32
2021-02-19,0-19,m,212,16
2021-02-19,20-29,d,1,0
2021-02-19,20-29,f,2055,593
2021-02-19,20-29,m,1209,322
2021-02-19,30-39,d,1,0
2021-02-19,30-39,f,2926,887
2021-02-19,30-39,m,2067,653
2021-02-19,40-49,d,0,0
2021-02-19,40-49,f,3805,822
2021-02-19,40-49,m,2578,636
2021-02-19,50-59,d,0,0
2021-02-19,50-59,f,5896,920
2021-02-19,50-59,m,4138,885
2021-02-19,60-69,d,2,0
2021-02-19,60-69,f,4799,957
2021-02-19,60-69,m,4424,1121
2021-02-19,70-79,d,9,0
2021-02-19,70-79,f,10329,2699
2021-02-19,70-79,m,9803,3090
2021-02-19,80+,d,6,0
2021-02-19,80+,f,16527,3367
2021-02-19,80+,m,10950,3334
2021-02-20,0-19,d,0,0
2021-02-20,0-19,f,380,34
2021-02-20,0-19,m,212,17
2021-02-20,20-29,d,1,0
2021-02-20,20-29,f,2056,599
2021-02-20,20-29,m,1210,322
2021-02-20,30-39,d,1,0
2021-02-20,30-39,f,2926,897
2021-02-20,30-39,m,2067,660
2021-02-20,40-49,d,0,0
2021-02-20,40-49,f,3807,844
2021-02-20,40-49,m,2581,655
2021-02-20,50-59,d,0,0
2021-02-20,50-59,f,5899,963
2021-02-20,50-59,m,4142,923
2021-02-20,60-69,d,2,0
2021-02-20,60-69,f,4803,1008
2021-02-20,60-69,m,4432,1182
2021-02-20,70-79,d,9,0
2021-02-20,70-79,f,10335,2921
2021-02-20,70-79,m,9814,3257
2021-02-20,80+,d,6,0
2021-02-20,80+,f,16532,3602
2021-02-20,80+,m,10953,3519
2021-02-21,0-19,d,0,0
2021-02-21,0-19,f,380,34
2021-02-21,0-19,m,212,17
2021-02-21,20-29,d,1,0
2021-02-21,20-29,f,2056,599
2021-02-21,20-29,m,1210,322
2021-02-21,30-39,d,1,0
2021-02-21,30-39,f,2926,897
2021-02-21,30-39,m,2067,660
2021-02-21,40-49,d,0,0
2021-02-21,40-49,f,3807,844
2021-02-21,40-49,m,2582,655
2021-02-21,50-59,d,0,0
2021-02-21,50-59,f,5899,964
2021-02-21,50-59,m,4143,923
2021-02-21,60-69,d,2,0
2021-02-21,60-69,f,4803,1008
2021-02-21,60-69,m,4432,1184
2021-02-21,70-79,d,9,0
2021-02-21,70-79,f,10335,2924
2021-02-21,70-79,m,9814,3262
2021-02-21,80+,d,6,0
2021-02-21,80+,f,16533,3607
2021-02-21,80+,m,10954,3523
2021-02-22,0-19,d,0,0
2021-02-22,0-19,f,380,34
2021-02-22,0-19,m,213,17
2021-02-22,20-29,d,1,0
2021-02-22,20-29,f,2058,603
2021-02-22,20-29,m,1213,324
2021-02-22,30-39,d,1,0
2021-02-22,30-39,f,2930,905
2021-02-22,30-39,m,2072,676
2021-02-22,40-49,d,0,0
2021-02-22,40-49,f,3815,867
2021-02-22,40-49,m,2588,668
2021-02-22,50-59,d,0,0
2021-02-22,50-59,f,5911,1011
2021-02-22,50-59,m,4156,974
2021-02-22,60-69,d,2,0
2021-02-22,60-69,f,4814,1069
2021-02-22,60-69,m,4449,1263
2021-02-22,70-79,d,9,0
2021-02-22,70-79,f,10379,3198
2021-02-22,70-79,m,9883,3532
2021-02-22,80+,d,6,0
2021-02-22,80+,f,16602,3903
2021-02-22,80+,m,11024,3833
2021-02-23,0-19,d,0,0
2021-02-23,0-19,f,383,37
2021-02-23,0-19,m,214,17
2021-02-23,20-29,d,1,0
2021-02-23,20-29,f,2068,611
2021-02-23,20-29,m,1216,325
2021-02-23,30-39,d,1,0
2021-02-23,30-39,f,2939,916
2021-02-23,30-39,m,2078,684
2021-02-23,40-49,d,0,0
2021-02-23,40-49,f,3831,900
2021-02-23,40-49,m,2601,702
2021-02-23,50-59,d,0,0
2021-02-23,50-59,f,5941,1066
2021-02-23,50-59,m,4175,1052
2021-02-23,60-69,d,2,1
2021-02-23,60-69,f,4839,1177
2021-02-23,60-69,m,4483,1396
2021-02-23,70-79,d,9,0
2021-02-23,70-79,f,10429,3612
2021-02-23,70-79,m,9939,3950
2021-02-23,80+,d,6,0
2021-02-23,80+,f,16709,4443
2021-02-23,80+,m,11118,4316
2021-02-24,0-19,d,0,0
2021-02-24,0-19,f,384,46
2021-02-24,0-19,m,215,19
2021-02-24,20-29,d,1,0
2021-02-24,20-29,f,2083,647
2021-02-24,20-29,m,1217,332
2021-02-24,30-39,d,1,0
2021-02-24,30-39,f,2953,963
2021-02-24,30-39,m,2081,703
2021-02-24,40-49,d,0,0
2021-02-24,40-49,f,3845,994
2021-02-24,40-49,m,2616,742
2021-02-24,50-59,d,0,0
2021-02-24,50-59,f,5971,1236
2021-02-24,50-59,m,4196,1146
2021-02-24,60-69,d,2,1
2021-02-24,60-69,f,4870,1351
2021-02-24,60-69,m,4508,1565
2021-02-24,70-79,d,9,1
2021-02-24,70-79,f,10505,4156
2021-02-24,70-79,m,10012,4426
2021-02-24,80+,d,6,0
2021-02-24,80+,f,16825,5270
2021-02-24,80+,m,11218,4847
2021-02-25,0-19,d,0,0
2021-02-25,0-19,f,391,67
2021-02-25,0-19,m,216,26
2021-02-25,20-29,d,1,0
2021-02-25,20-29,f,2093,711
2021-02-25,20-29,m,1220,363
2021-02-25,30-39,d,1,0
2021-02-25,30-39,f,2966,1066
2021-02-25,30-39,m,2088,754
2021-02-25,40-49,d,0,0
2021-02-25,40-49,f,3881,1166
2021-02-25,40-49,m,2627,837
2021-02-25,50-59,d,0,0
2021-02-25,50-59,f,6013,1536
2021-02-25,50-59,m,4228,1332
2021-02-25,60-69,d,2,1
2021-02-25,60-69,f,4908,1580
2021-02-25,60-69,m,4547,1792
2021-02-25,70-79,d,10,1
2021-02-25,70-79,f,10577,4682
2021-02-25,70-79,m,10087,4941
2021-02-25,80+,d,6,0
2021-02-25,80+,f,16955,6168
2021-02-25,80+,m,11316,5477
2021-02-26,0-19,d,0,0
2021-02-26,0-19,f,409,82
2021-02-26,0-19,m,228,34
2021-02-26,20-29,d,1,0
2021-02-26,20-29,f,2136,774
2021-02-26,20-29,m,1252,386
2021-02-26,30-39,d,1,0
2021-02-26,30-39,f,3026,1144
2021-02-26,30-39,m,2124,803
2021-02-26,40-49,d,0,0
2021-02-26,40-49,f,3934,1312
2021-02-26,40-49,m,2664,905
2021-02-26,50-59,d,0,0
2021-02-26,50-59,f,6079,1791
2021-02-26,50-59,m,4295,1468
2021-02-26,60-69,d,2,1
2021-02-26,60-69,f,4952,1808
2021-02-26,60-69,m,4584,1980
2021-02-26,70-79,d,10,1
2021-02-26,70-79,f,10624,5180
2021-02-26,70-79,m,10146,5413
2021-02-26,80+,d,6,0
2021-02-26,80+,f,17024,6818
2021-02-26,80+,m,11387,5929
2021-02-27,0-19,d,0,0
2021-02-27,0-19,f,416,86
2021-02-27,0-19,m,232,35
2021-02-27,20-29,d,1,0
2021-02-27,20-29,f,2150,791
2021-02-27,20-29,m,1278,389
2021-02-27,30-39,d,1,0
2021-02-27,30-39,f,3049,1180
2021-02-27,30-39,m,2135,817
2021-02-27,40-49,d,0,0
2021-02-27,40-49,f,3968,1360
2021-02-27,40-49,m,2681,925
2021-02-27,50-59,d,0,0
2021-02-27,50-59,f,6118,1864
2021-02-27,50-59,m,4322,1512
2021-02-27,60-69,d,2,1
2021-02-27,60-69,f,4970,1877
2021-02-27,60-69,m,4602,2038
2021-02-27,70-79,d,10,1
2021-02-27,70-79,f,10641,5384
2021-02-27,70-79,m,10156,5578
2021-02-27,80+,d,6,0
2021-02-27,80+,f,17056,7029
2021-02-27,80+,m,11404,6079
2021-02-28,0-19,d,0,0
2021-02-28,0-19,f,416,86
2021-02-28,0-19,m,232,35
2021-02-28,20-29,d,1,0
2021-02-28,20-29,f,2150,791
2021-02-28,20-29,m,1278,389
2021-02-28,30-39,d,1,0
2021-02-28,30-39,f,3049,1180
2021-02-28,30-39,m,2138,817
2021-02-28,40-49,d,0,0
2021-02-28,40-49,f,3968,1361
2021-02-28,40-49,m,2681,925
2021-02-28,50-59,d,0,0
2021-02-28,50-59,f,6119,1866
2021-02-28,50-59,m,4325,1512
2021-02-28,60-69,d,2,1
2021-02-28,60-69,f,4970,1878
2021-02-28,60-69,m,4603,2042
2021-02-28,70-79,d,10,1
2021-02-28,70-79,f,10641,5386
2021-02-28,70-79,m,10156,5580
2021-02-28,80+,d,6,0
2021-02-28,80+,f,17057,7034
2021-02-28,80+,m,11405,6084
2021-03-01,0-19,d,0,0
2021-03-01,0-19,f,417,88
2021-03-01,0-19,m,232,36
2021-03-01,20-29,d,1,0
2021-03-01,20-29,f,2151,798
2021-03-01,20-29,m,1278,393
2021-03-01,30-39,d,1,0
2021-03-01,30-39,f,3050,1189
2021-03-01,30-39,m,2141,824
2021-03-01,40-49,d,0,0
2021-03-01,40-49,f,3972,1389
2021-03-01,40-49,m,2692,947
2021-03-01,50-59,d,0,0
2021-03-01,50-59,f,6133,1910
2021-03-01,50-59,m,4345,1570
2021-03-01,60-69,d,2,1
2021-03-01,60-69,f,4982,1952
2021-03-01,60-69,m,4628,2119
2021-03-01,70-79,d,10,4
2021-03-01,70-79,f,10666,5689
2021-03-01,70-79,m,10194,5869
2021-03-01,80+,d,6,1
2021-03-01,80+,f,17108,7400
2021-03-01,80+,m,11460,6380
2021-03-02,0-19,d,0,0
2021-03-02,0-19,f,420,93
2021-03-02,0-19,m,233,44
2021-03-02,20-29,d,1,0
2021-03-02,20-29,f,2165,840
2021-03-02,20-29,m,1289,438
2021-03-02,30-39,d,1,0
2021-03-02,30-39,f,3066,1261
2021-03-02,30-39,m,2147,896
2021-03-02,40-49,d,0,0
2021-03-02,40-49,f,4000,1491
2021-03-02,40-49,m,2706,1051
2021-03-02,50-59,d,0,0
2021-03-02,50-59,f,6168,2078
2021-03-02,50-59,m,4375,1741
2021-03-02,60-69,d,2,1
2021-03-02,60-69,f,5010,2094
2021-03-02,60-69,m,4677,2273
2021-03-02,70-79,d,10,4
2021-03-02,70-79,f,10716,6114
2021-03-02,70-79,m,10239,6232
2021-03-02,80+,d,6,2
2021-03-02,80+,f,17171,7908
2021-03-02,80+,m,11531,6772
2021-03-03,0-19,d,0,0
2021-03-03,0-19,f,429,112
2021-03-03,0-19,m,237,52
2021-03-03,20-29,d,1,0
2021-03-03,20-29,f,2213,926
2021-03-03,20-29,m,1316,497
2021-03-03,30-39,d,1,0
2021-03-03,30-39,f,3139,1400
2021-03-03,30-39,m,2187,977
2021-03-03,40-49,d,0,0
2021-03-03,40-49,f,4071,1660
2021-03-03,40-49,m,2738,1191
2021-03-03,50-59,d,0,0
2021-03-03,50-59,f,6229,2379
2021-03-03,50-59,m,4420,1952
2021-03-03,60-69,d,2,1
2021-03-03,60-69,f,5057,2384
2021-03-03,60-69,m,4713,2522
2021-03-03,70-79,d,10,5
2021-03-03,70-79,f,10794,6622
2021-03-03,70-79,m,10311,6667
2021-03-03,80+,d,6,2
2021-03-03,80+,f,17336,8786
2021-03-03,80+,m,11646,7219
2021-03-04,0-19,d,0,0
2021-03-04,0-19,f,442,152
2021-03-04,0-19,m,246,76
2021-03-04,20-29,d,1,0
2021-03-04,20-29,f,2317,1091
2021-03-04,20-29,m,1351,586
2021-03-04,30-39,d,1,0
2021-03-04,30-39,f,3266,1597
2021-03-04,30-39,m,2258,1098
2021-03-04,40-49,d,0,0
2021-03-04,40-49,f,4177,1906
2021-03-04,40-49,m,2803,1358
2021-03-04,50-59,d,0,0
2021-03-04,50-59,f,6371,2720
2021-03-04,50-59,m,4486,2205
2021-03-04,60-69,d,2,1
2021-03-04,60-69,f,5126,2608
2021-03-04,60-69,m,4762,2722
2021-03-04,70-79,d,10,5
2021-03-04,70-79,f,10874,7023
2021-03-04,70-79,m,10387,7023
2021-03-04,80+,d,6,2
2021-03-04,80+,f,17435,9453
2021-03-04,80+,m,11740,7529
2021-03-05,0-19,d,0,0
2021-03-05,0-19,f,455,187
2021-03-05,0-19,m,252,85
2021-03-05,20-29,d,1,0
2021-03-05,20-29,f,2440,1204
2021-03-05,20-29,m,1391,627
2021-03-05,30-39,d,1,0
2021-03-05,30-39,f,3401,1726
2021-03-05,30-39,m,2308,1190
2021-03-05,40-49,d,0,0
2021-03-05,40-49,f,4304,2094
2021-03-05,40-49,m,2855,1502
2021-03-05,50-59,d,0,0
2021-03-05,50-59,f,6488,3051
2021-03-05,50-59,m,4537,2400
2021-03-05,60-69,d,2,1
2021-03-05,60-69,f,5211,2855
2021-03-05,60-69,m,4813,2931
2021-03-05,70-79,d,11,6
2021-03-05,70-79,f,10957,7471
2021-03-05,70-79,m,10472,7409
2021-03-05,80+,d,6,2
2021-03-05,80+,f,17542,10202
2021-03-05,80+,m,11823,7896
2021-03-06,0-19,d,0,0
2021-03-06,0-19,f,456,189
2021-03-06,0-19,m,253,85
2021-03-06,20-29,d,1,0
2021-03-06,20-29,f,2441,1213
2021-03-06,20-29,m,1396,633
2021-03-06,30-39,d,1,0
2021-03-06,30-39,f,3404,1733
2021-03-06,30-39,m,2308,1199
2021-03-06,40-49,d,0,0
2021-03-06,40-49,f,4306,2113
2021-03-06,40-49,m,2857,1507
2021-03-06,50-59,d,0,0
2021-03-06,50-59,f,6493,3083
2021-03-06,50-59,m,4543,2419
2021-03-06,60-69,d,2,1
2021-03-06,60-69,f,5214,2891
2021-03-06,60-69,m,4816,2972
2021-03-06,70-79,d,11,6
2021-03-06,70-79,f,10967,7538
2021-03-06,70-79,m,10483,7455
2021-03-06,80+,d,6,2
2021-03-06,80+,f,17545,10308
2021-03-06,80+,m,11828,7932
2021-03-07,0-19,d,0,0
2021-03-07,0-19,f,456,189
2021-03-07,0-19,m,253,85
2021-03-07,20-29,d,1,0
2021-03-07,20-29,f,2441,1213
2021-03-07,20-29,m,1396,633
2021-03-07,30-39,d,1,0
2021-03-07,30-39,f,3404,1733
2021-03-07,30-39,m,2308,1199
2021-03-07,40-49,d,0,0
2021-03-07,40-49,f,4306,2113
2021-03-07,40-49,m,2858,1508
2021-03-07,50-59,d,0,0
2021-03-07,50-59,f,6493,3083
2021-03-07,50-59,m,4544,2420
2021-03-07,60-69,d,2,1
2021-03-07,60-69,f,5214,2891
2021-03-07,60-69,m,4816,2973
2021-03-07,70-79,d,11,6
2021-03-07,70-79,f,10967,7538
2021-03-07,70-79,m,10483,7455
2021-03-07,80+,d,6,2
2021-03-07,80+,f,17546,10308
2021-03-07,80+,m,11828,7932
2021-03-08,0-19,d,0,0
2021-03-08,0-19,f,464,192
2021-03-08,0-19,m,255,86
2021-03-08,20-29,d,1,0
2021-03-08,20-29,f,2499,1219
2021-03-08,20-29,m,1416,642
2021-03-08,30-39,d,1,0
2021-03-08,30-39,f,3484,1775
2021-03-08,30-39,m,2350,1227
2021-03-08,40-49,d,0,0
2021-03-08,40-49,f,4412,2163
2021-03-08,40-49,m,2922,1549
2021-03-08,50-59,d,0,0
2021-03-08,50-59,f,6639,3169
2021-03-08,50-59,m,4628,2497
2021-03-08,60-69,d,2,1
2021-03-08,60-69,f,5308,2992
2021-03-08,60-69,m,4913,3057
2021-03-08,70-79,d,11,6
2021-03-08,70-79,f,11210,7743
2021-03-08,70-79,m,10700,7650
2021-03-08,80+,d,6,2
2021-03-08,80+,f,17741,10605
2021-03-08,80+,m,12022,8121
2021-03-09,0-19,d,0,0
2021-03-09,0-19,f,479,196
2021-03-09,0-19,m,258,90
2021-03-09,20-29,d,1,0
2021-03-09,20-29,f,2689,1232
2021-03-09,20-29,m,1491,661
2021-03-09,30-39,d,1,0
2021-03-09,30-39,f,3745,1809
2021-03-09,30-39,m,2512,1254
2021-03-09,40-49,d,0,0
2021-03-09,40-49,f,4681,2214
2021-03-09,40-49,m,3095,1586
2021-03-09,50-59,d,0,0
2021-03-09,50-59,f,6964,3259
2021-03-09,50-59,m,4837,2572
2021-03-09,60-69,d,2,1
2021-03-09,60-69,f,5491,3071
2021-03-09,60-69,m,5057,3146
2021-03-09,70-79,d,11,7
2021-03-09,70-79,f,11427,7972
2021-03-09,70-79,m,10920,7876
2021-03-09,80+,d,6,2
2021-03-09,80+,f,17960,10837
2021-03-09,80+,m,12208,8315
2021-03-10,0-19,d,0,0
2021-03-10,0-19,f,509,200
2021-03-10,0-19,m,266,90
2021-03-10,20-29,d,1,0
2021-03-10,20-29,f,2904,1238
2021-03-10,20-29,m,1556,667
2021-03-10,30-39,d,1,0
2021-03-10,30-39,f,4017,1826
2021-03-10,30-39,m,2653,1265
2021-03-10,40-49,d,0,0
2021-03-10,40-49,f,5008,2245
2021-03-10,40-49,m,3255,1610
2021-03-10,50-59,d,0,0
2021-03-10,50-59,f,7318,3322
2021-03-10,50-59,m,5037,2618
2021-03-10,60-69,d,2,1
2021-03-10,60-69,f,5738,3164
2021-03-10,60-69,m,5245,3225
2021-03-10,70-79,d,11,7
2021-03-10,70-79,f,11692,8226
2021-03-10,70-79,m,11160,8094
2021-03-10,80+,d,6,2
2021-03-10,80+,f,18223,11133
2021-03-10,80+,m,12415,8519
2021-03-11,0-19,d,0,0
2021-03-11,0-19,f,534,215
2021-03-11,0-19,m,278,97
2021-03-11,20-29,d,1,0
2021-03-11,20-29,f,3096,1309
2021-03-11,20-29,m,1635,702
2021-03-11,30-39,d,1,0
2021-03-11,30-39,f,4248,1890
2021-03-11,30-39,m,2770,1313
2021-03-11,40-49,d,0,0
2021-03-11,40-49,f,5243,2321
2021-03-11,40-49,m,3381,1675
2021-03-11,50-59,d,0,0
2021-03-11,50-59,f,7657,3470
2021-03-11,50-59,m,5270,2712
2021-03-11,60-69,d,2,1
2021-03-11,60-69,f,5980,3301
2021-03-11,60-69,m,5479,3315
2021-03-11,70-79,d,11,7
2021-03-11,70-79,f,12007,8543
2021-03-11,70-79,m,11467,8326
2021-03-11,80+,d,7,2
2021-03-11,80+,f,18606,11463
2021-03-11,80+,m,12669,8728
2021-03-12,0-19,d,0,0
2021-03-12,0-19,f,551,226
2021-03-12,0-19,m,285,100
2021-03-12,20-29,d,1,0
2021-03-12,20-29,f,3198,1345
2021-03-12,20-29,m,1674,728
2021-03-12,30-39,d,1,0
2021-03-12,30-39,f,4350,1950
2021-03-12,30-39,m,2829,1351
2021-03-12,40-49,d,0,0
2021-03-12,40-49,f,5348,2402
2021-03-12,40-49,m,3457,1723
2021-03-12,50-59,d,0,0
2021-03-12,50-59,f,7810,3587
2021-03-12,50-59,m,5403,2828
2021-03-12,60-69,d,2,1
2021-03-12,60-69,f,6154,3396
2021-03-12,60-69,m,5659,3401
2021-03-12,70-79,d,11,8
2021-03-12,70-79,f,12292,8739
2021-03-12,70-79,m,11705,8529
2021-03-12,80+,d,7,2
2021-03-12,80+,f,18868,11659
2021-03-12,80+,m,12887,8865
2021-03-13,0-19,d,0,0
2021-03-13,0-19,f,551,229
2021-03-13,0-19,m,285,101
2021-03-13,20-29,d,1,0
2021-03-13,20-29,f,3200,1353
2021-03-13,20-29,m,1675,734
2021-03-13,30-39,d,1,0
2021-03-13,30-39,f,4354,1958
2021-03-13,30-39,m,2834,1363
2021-03-13,40-49,d,0,0
2021-03-13,40-49,f,5352,2422
2021-03-13,40-49,m,3463,1736
2021-03-13,50-59,d,0,0
2021-03-13,50-59,f,7823,3625
2021-03-13,50-59,m,5415,2847
2021-03-13,60-69,d,2,1
2021-03-13,60-69,f,6185,3429
2021-03-13,60-69,m,5690,3423
2021-03-13,70-79,d,11,8
2021-03-13,70-79,f,12339,8772
2021-03-13,70-79,m,11739,8550
2021-03-13,80+,d,7,2
2021-03-13,80+,f,18921,11724
2021-03-13,80+,m,12927,8897
2021-03-14,0-19,d,0,0
2021-03-14,0-19,f,551,233
2021-03-14,0-19,m,285,102
2021-03-14,20-29,d,1,0
2021-03-14,20-29,f,3202,1363
2021-03-14,20-29,m,1675,742
2021-03-14,30-39,d,1,0
2021-03-14,30-39,f,4359,1964
2021-03-14,30-39,m,2839,1371
2021-03-14,40-49,d,0,0
2021-03-14,40-49,f,5353,2445
2021-03-14,40-49,m,3465,1746
2021-03-14,50-59,d,0,0
2021-03-14,50-59,f,7830,3634
2021-03-14,50-59,m,5418,2858
2021-03-14,60-69,d,2,1
2021-03-14,60-69,f,6189,3435
2021-03-14,60-69,m,5693,3431
2021-03-14,70-79,d,11,8
2021-03-14,70-79,f,12341,8774
2021-03-14,70-79,m,11743,8553
2021-03-14,80+,d,7,2
2021-03-14,80+,f,18922,11725
2021-03-14,80+,m,12927,8898
2021-03-15,0-19,d,0,0
2021-03-15,0-19,f,557,234
2021-03-15,0-19,m,289,102
2021-03-15,20-29,d,1,0
2021-03-15,20-29,f,3253,1371
2021-03-15,20-29,m,1693,749
2021-03-15,30-39,d,1,0
2021-03-15,30-39,f,4428,1977
2021-03-15,30-39,m,2879,1380
2021-03-15,40-49,d,0,0
2021-03-15,40-49,f,5418,2456
2021-03-15,40-49,m,3518,1755
2021-03-15,50-59,d,0,0
2021-03-15,50-59,f,7925,3651
2021-03-15,50-59,m,5504,2877
2021-03-15,60-69,d,2,1
2021-03-15,60-69,f,6306,3469
2021-03-15,60-69,m,5780,3471
2021-03-15,70-79,d,11,8
2021-03-15,70-79,f,12480,8870
2021-03-15,70-79,m,11875,8638
2021-03-15,80+,d,7,2
2021-03-15,80+,f,19044,11817
2021-03-15,80+,m,13041,8972
2021-03-16,0-19,d,0,0
2021-03-16,0-19,f,568,264
2021-03-16,0-19,m,293,110
2021-03-16,20-29,d,1,0
2021-03-16,20-29,f,3388,1444
2021-03-16,20-29,m,1739,809
2021-03-16,30-39,d,1,0
2021-03-16,30-39,f,4617,2081
2021-03-16,30-39,m,2984,1460
2021-03-16,40-49,d,0,0
2021-03-16,40-49,f,5672,2584
2021-03-16,40-49,m,3651,1835
2021-03-16,50-59,d,0,0
2021-03-16,50-59,f,8179,3862
2021-03-16,50-59,m,5694,3009
2021-03-16,60-69,d,2,1
2021-03-16,60-69,f,6503,3577
2021-03-16,60-69,m,5976,3575
2021-03-16,70-79,d,11,8
2021-03-16,70-79,f,12677,9022
2021-03-16,70-79,m,12123,8776
2021-03-16,80+,d,7,2
2021-03-16,80+,f,19218,12240
2021-03-16,80+,m,13170,9169
2021-03-17,0-19,d,0,0
2021-03-17,0-19,f,591,303
2021-03-17,0-19,m,299,142
2021-03-17,20-29,d,1,0
2021-03-17,20-29,f,3524,1641
2021-03-17,20-29,m,1797,938
2021-03-17,30-39,d,1,0
2021-03-17,30-39,f,4825,2346
2021-03-17,30-39,m,3083,1659
2021-03-17,40-49,d,0,0
2021-03-17,40-49,f,5907,2947
2021-03-17,40-49,m,3780,2071
2021-03-17,50-59,d,0,0
2021-03-17,50-59,f,8447,4435
2021-03-17,50-59,m,5884,3328
2021-03-17,60-69,d,2,1
2021-03-17,60-69,f,6734,3903
2021-03-17,60-69,m,6177,3797
2021-03-17,70-79,d,11,8
2021-03-17,70-79,f,12971,9324
2021-03-17,70-79,m,12405,8983
2021-03-17,80+,d,7,2
2021-03-17,80+,f,19499,13148
2021-03-17,80+,m,13380,9581
2021-03-18,0-19,d,0,0
2021-03-18,0-19,f,614,337
2021-03-18,0-19,m,307,160
2021-03-18,20-29,d,1,0
2021-03-18,20-29,f,3607,1734
2021-03-18,20-29,m,1828,1016
2021-03-18,30-39,d,1,1
2021-03-18,30-39,f,5007,2543
2021-03-18,30-39,m,3147,1770
2021-03-18,40-49,d,0,0
2021-03-18,40-49,f,6114,3231
2021-03-18,40-49,m,3872,2193
2021-03-18,50-59,d,0,0
2021-03-18,50-59,f,8654,4942
2021-03-18,50-59,m,6015,3563
2021-03-18,60-69,d,2,2
2021-03-18,60-69,f,6939,4200
2021-03-18,60-69,m,6367,3968
2021-03-18,70-79,d,11,9
2021-03-18,70-79,f,13294,9663
2021-03-18,70-79,m,12718,9252
2021-03-18,80+,d,7,2
2021-03-18,80+,f,19815,14324
2021-03-18,80+,m,13619,10045
2021-03-19,0-19,d,0,0
2021-03-19,0-19,f,629,357
2021-03-19,0-19,m,311,181
2021-03-19,20-29,d,1,0
2021-03-19,20-29,f,3681,1843
2021-03-19,20-29,m,1858,1102
2021-03-19,30-39,d,1,1
2021-03-19,30-39,f,5121,2689
2021-03-19,30-39,m,3203,1875
2021-03-19,40-49,d,0,0
2021-03-19,40-49,f,6245,3446
2021-03-19,40-49,m,3968,2330
2021-03-19,50-59,d,0,0
2021-03-19,50-59,f,8837,5305
2021-03-19,50-59,m,6154,3768
2021-03-19,60-69,d,2,2
2021-03-19,60-69,f,7093,4447
2021-03-19,60-69,m,6558,4163
2021-03-19,70-79,d,11,9
2021-03-19,70-79,f,13539,9966
2021-03-19,70-79,m,12938,9497
2021-03-19,80+,d,7,5
2021-03-19,80+,f,20053,15275
2021-03-19,80+,m,13803,10414
2021-03-20,0-19,d,0,0
2021-03-20,0-19,f,630,363
2021-03-20,0-19,m,313,186
2021-03-20,20-29,d,1,0
2021-03-20,20-29,f,3683,1867
2021-03-20,20-29,m,1862,1116
2021-03-20,30-39,d,1,1
2021-03-20,30-39,f,5131,2741
2021-03-20,30-39,m,3211,1894
2021-03-20,40-49,d,0,0
2021-03-20,40-49,f,6266,3523
2021-03-20,40-49,m,3985,2363
2021-03-20,50-59,d,0,0
2021-03-20,50-59,f,8859,5430
2021-03-20,50-59,m,6172,3834
2021-03-20,60-69,d,2,2
2021-03-20,60-69,f,7115,4519
2021-03-20,60-69,m,6569,4212
2021-03-20,70-79,d,11,9
2021-03-20,70-79,f,13576,10054
2021-03-20,70-79,m,12972,9559
2021-03-20,80+,d,8,5
2021-03-20,80+,f,20096,15695
2021-03-20,80+,m,13826,10573
2021-03-21,0-19,d,0,0
2021-03-21,0-19,f,630,363
2021-03-21,0-19,m,313,186
2021-03-21,20-29,d,1,0
2021-03-21,20-29,f,3683,1867
2021-03-21,20-29,m,1862,1116
2021-03-21,30-39,d,1,1
2021-03-21,30-39,f,5132,2741
2021-03-21,30-39,m,3212,1894
2021-03-21,40-49,d,0,0
2021-03-21,40-49,f,6266,3523
2021-03-21,40-49,m,3986,2363
2021-03-21,50-59,d,0,0
2021-03-21,50-59,f,8860,5430
2021-03-21,50-59,m,6172,3835
2021-03-21,60-69,d,2,2
2021-03-21,60-69,f,7118,4520
2021-03-21,60-69,m,6572,4212
2021-03-21,70-79,d,11,9
2021-03-21,70-79,f,13577,10054
2021-03-21,70-79,m,12972,9559
2021-03-21,80+,d,8,5
2021-03-21,80+,f,20099,15696
2021-03-21,80+,m,13826,10573
2021-03-22,0-19,d,0,0
2021-03-22,0-19,f,638,364
2021-03-22,0-19,m,314,188
2021-03-22,20-29,d,1,0
2021-03-22,20-29,f,3723,1891
2021-03-22,20-29,m,1879,1131
2021-03-22,30-39,d,1,1
2021-03-22,30-39,f,5181,2780
2021-03-22,30-39,m,3246,1929
2021-03-22,40-49,d,0,0
2021-03-22,40-49,f,6312,3564
2021-03-22,40-49,m,4016,2409
2021-03-22,50-59,d,0,0
2021-03-22,50-59,f,8945,5520
2021-03-22,50-59,m,6267,3896
2021-03-22,60-69,d,2,2
2021-03-22,60-69,f,7214,4566
2021-03-22,60-69,m,6672,4275
2021-03-22,70-79,d,11,9
2021-03-22,70-79,f,13737,10131
2021-03-22,70-79,m,13127,9666
2021-03-22,80+,d,8,5
2021-03-22,80+,f,20266,15974
2021-03-22,80+,m,13967,10752
2021-03-23,0-19,d,0,0
2021-03-23,0-19,f,650,371
2021-03-23,0-19,m,317,208
2021-03-23,20-29,d,1,0
2021-03-23,20-29,f,3782,1955
2021-03-23,20-29,m,1900,1188
2021-03-23,30-39,d,1,1
2021-03-23,30-39,f,5263,2838
2021-03-23,30-39,m,3288,2032
2021-03-23,40-49,d,0,0
2021-03-23,40-49,f,6407,3698
2021-03-23,40-49,m,4062,2535
2021-03-23,50-59,d,0,0
2021-03-23,50-59,f,9091,5766
2021-03-23,50-59,m,6388,4094
2021-03-23,60-69,d,2,2
2021-03-23,60-69,f,7376,4707
2021-03-23,60-69,m,6810,4398
2021-03-23,70-79,d,11,9
2021-03-23,70-79,f,13961,10252
2021-03-23,70-79,m,13358,9775
2021-03-23,80+,d,8,5
2021-03-23,80+,f,20475,16254
2021-03-23,80+,m,14127,10932
2021-03-24,0-19,d,0,0
2021-03-24,0-19,f,661,382
2021-03-24,0-19,m,321,213
2021-03-24,20-29,d,1,0
2021-03-24,20-29,f,3903,1978
2021-03-24,20-29,m,1958,1194
2021-03-24,30-39,d,1,1
2021-03-24,30-39,f,5393,2862
2021-03-24,30-39,m,3379,2041
2021-03-24,40-49,d,0,0
2021-03-24,40-49,f,6557,3739
2021-03-24,40-49,m,4124,2560
2021-03-24,50-59,d,0,0
2021-03-24,50-59,f,9295,5820
2021-03-24,50-59,m,6490,4137
2021-03-24,60-69,d,2,2
2021-03-24,60-69,f,7548,4761
2021-03-24,60-69,m,6948,4425
2021-03-24,70-79,d,11,9
2021-03-24,70-79,f,14219,10313
2021-03-24,70-79,m,13562,9829
2021-03-24,80+,d,8,5
2021-03-24,80+,f,20681,16410
2021-03-24,80+,m,14286,11013
2021-03-25,0-19,d,0,0
2021-03-25,0-19,f,667,388
2021-03-25,0-19,m,326,215
2021-03-25,20-29,d,1,0
2021-03-25,20-29,f,3995,1995
2021-03-25,20-29,m,2001,1204
2021-03-25,30-39,d,1,1
2021-03-25,30-39,f,5506,2886
2021-03-25,30-39,m,3455,2050
2021-03-25,40-49,d,0,0
2021-03-25,40-49,f,6660,3796
2021-03-25,40-49,m,4186,2578
2021-03-25,50-59,d,0,0
2021-03-25,50-59,f,9409,5892
2021-03-25,50-59,m,6559,4180
2021-03-25,60-69,d,2,2
2021-03-25,60-69,f,7683,4815
2021-03-25,60-69,m,7059,4462
2021-03-25,70-79,d,12,10
2021-03-25,70-79,f,14442,10388
2021-03-25,70-79,m,13760,9892
2021-03-25,80+,d,8,5
2021-03-25,80+,f,20922,16543
2021-03-25,80+,m,14463,11080
2021-03-26,0-19,d,0,0
2021-03-26,0-19,f,682,391
2021-03-26,0-19,m,329,217
2021-03-26,20-29,d,1,0
2021-03-26,20-29,f,4111,2013
2021-03-26,20-29,m,2039,1210
2021-03-26,30-39,d,1,1
2021-03-26,30-39,f,5615,2912
2021-03-26,30-39,m,3526,2060
2021-03-26,40-49,d,0,0
2021-03-26,40-49,f,6786,3817
2021-03-26,40-49,m,4276,2596
2021-03-26,50-59,d,1,0
2021-03-26,50-59,f,9571,5933
2021-03-26,50-59,m,6666,4200
2021-03-26,60-69,d,2,2
2021-03-26,60-69,f,7851,4841
2021-03-26,60-69,m,7241,4485
2021-03-26,70-79,d,14,10
2021-03-26,70-79,f,14870,10459
2021-03-26,70-79,m,14145,9952
2021-03-26,80+,d,9,5
2021-03-26,80+,f,21394,16690
2021-03-26,80+,m,14840,11171
2021-03-27,0-19,d,0,0
2021-03-27,0-19,f,684,394
2021-03-27,0-19,m,330,221
2021-03-27,20-29,d,1,0
2021-03-27,20-29,f,4125,2022
2021-03-27,20-29,m,2046,1228
2021-03-27,30-39,d,1,1
2021-03-27,30-39,f,5657,2924
2021-03-27,30-39,m,3557,2069
2021-03-27,40-49,d,0,0
2021-03-27,40-49,f,6851,3840
2021-03-27,40-49,m,4334,2612
2021-03-27,50-59,d,1,0
2021-03-27,50-59,f,9666,5951
2021-03-27,50-59,m,6774,4221
2021-03-27,60-69,d,2,2
2021-03-27,60-69,f,8034,4856
2021-03-27,60-69,m,7412,4502
2021-03-27,70-79,d,14,10
2021-03-27,70-79,f,15383,10469
2021-03-27,70-79,m,14487,9960
2021-03-27,80+,d,10,5
2021-03-27,80+,f,21799,16701
2021-03-27,80+,m,15140,11180
2021-03-28,0-19,d,0,0
2021-03-28,0-19,f,684,394
2021-03-28,0-19,m,330,221
2021-03-28,20-29,d,1,0
2021-03-28,20-29,f,4125,2022
2021-03-28,20-29,m,2050,1228
2021-03-28,30-39,d,1,1
2021-03-28,30-39,f,5657,2924
2021-03-28,30-39,m,3558,2069
2021-03-28,40-49,d,0,0
2021-03-28,40-49,f,6852,3840
2021-03-28,40-49,m,4336,2613
2021-03-28,50-59,d,1,0
2021-03-28,50-59,f,9681,5951
2021-03-28,50-59,m,6783,4221
2021-03-28,60-69,d,2,2
2021-03-28,60-69,f,8046,4856
2021-03-28,60-69,m,7427,4502
2021-03-28,70-79,d,14,10
2021-03-28,70-79,f,15421,10469
2021-03-28,70-79,m,14514,9960
2021-03-28,80+,d,10,5
2021-03-28,80+,f,21842,16701
2021-03-28,80+,m,15170,11180
2021-03-29,0-19,d,0,0
2021-03-29,0-19,f,687,398
2021-03-29,0-19,m,332,224
2021-03-29,20-29,d,1,0
2021-03-29,20-29,f,4140,2102
2021-03-29,20-29,m,2057,1253
2021-03-29,30-39,d,1,1
2021-03-29,30-39,f,5686,3007
2021-03-29,30-39,m,3590,2104
2021-03-29,40-49,d,0,0
2021-03-29,40-49,f,6896,3911
2021-03-29,40-49,m,4385,2651
2021-03-29,50-59,d,1,0
2021-03-29,50-59,f,9783,6027
2021-03-29,50-59,m,6907,4250
2021-03-29,60-69,d,2,2
2021-03-29,60-69,f,8227,4902
2021-03-29,60-69,m,7629,4536
2021-03-29,70-79,d,14,10
2021-03-29,70-79,f,16028,10508
2021-03-29,70-79,m,14990,10003
2021-03-29,80+,d,10,5
2021-03-29,80+,f,22447,16763
2021-03-29,80+,m,15617,11244
2021-03-30,0-19,d,0,0
2021-03-30,0-19,f,695,402
2021-03-30,0-19,m,335,224
2021-03-30,20-29,d,1,0
2021-03-30,20-29,f,4159,2121
2021-03-30,20-29,m,2071,1271
2021-03-30,30-39,d,2,1
2021-03-30,30-39,f,5722,3027
2021-03-30,30-39,m,3638,2118
2021-03-30,40-49,d,0,0
2021-03-30,40-49,f,6976,3952
2021-03-30,40-49,m,4441,2676
2021-03-30,50-59,d,1,0
2021-03-30,50-59,f,9938,6078
2021-03-30,50-59,m,7071,4289
2021-03-30,60-69,d,2,2
2021-03-30,60-69,f,8471,4950
2021-03-30,60-69,m,7880,4595
2021-03-30,70-79,d,14,10
2021-03-30,70-79,f,16803,10660
2021-03-30,70-79,m,15629,10141
2021-03-30,80+,d,10,5
2021-03-30,80+,f,23254,16914
2021-03-30,80+,m,16170,11384
2021-03-31,0-19,d,0,0
2021-03-31,0-19,f,707,408
2021-03-31,0-19,m,337,228
2021-03-31,20-29,d,1,0
2021-03-31,20-29,f,4183,2178
2021-03-31,20-29,m,2096,1298
2021-03-31,30-39,d,2,1
2021-03-31,30-39,f,5779,3115
2021-03-31,30-39,m,3674,2162
2021-03-31,40-49,d,0,0
2021-03-31,40-49,f,7065,4021
2021-03-31,40-49,m,4507,2713
2021-03-31,50-59,d,2,0
2021-03-31,50-59,f,10069,6153
2021-03-31,50-59,m,7206,4336
2021-03-31,60-69,d,2,2
2021-03-31,60-69,f,8702,5002
2021-03-31,60-69,m,8144,4640
2021-03-31,70-79,d,15,10
2021-03-31,70-79,f,17463,10746
2021-03-31,70-79,m,16162,10232
2021-03-31,80+,d,10,5
2021-03-31,80+,f,23888,17059
2021-03-31,80+,m,16606,11534
2021-04-01,0-19,d,0,0
2021-04-01,0-19,f,710,423
2021-04-01,0-19,m,338,235
2021-04-01,20-29,d,1,0
2021-04-01,20-29,f,4208,2265
2021-04-01,20-29,m,2105,1330
2021-04-01,30-39,d,2,1
2021-04-01,30-39,f,5817,3227
2021-04-01,30-39,m,3707,2215
2021-04-01,40-49,d,0,0
2021-04-01,40-49,f,7132,4107
2021-04-01,40-49,m,4562,2762
2021-04-01,50-59,d,2,0
2021-04-01,50-59,f,10216,6252
2021-04-01,50-59,m,7335,4394
2021-04-01,60-69,d,2,2
2021-04-01,60-69,f,8918,5060
2021-04-01,60-69,m,8347,4690
2021-04-01,70-79,d,15,10
2021-04-01,70-79,f,18005,10827
2021-04-01,70-79,m,16628,10322
2021-04-01,80+,d,10,5
2021-04-01,80+,f,24454,17183
2021-04-01,80+,m,17016,11623
2021-04-02,0-19,d,0,0
2021-04-02,0-19,f,710,423
2021-04-02,0-19,m,339,235
2021-04-02,20-29,d,1,0
2021-04-02,20-29,f,4208,2265
2021-04-02,20-29,m,2106,1330
2021-04-02,30-39,d,2,1
2021-04-02,30-39,f,5818,3229
2021-04-02,30-39,m,3709,2215
2021-04-02,40-49,d,0,0
2021-04-02,40-49,f,7133,4107
2021-04-02,40-49,m,4563,2762
2021-04-02,50-59,d,2,0
2021-04-02,50-59,f,10222,6252
2021-04-02,50-59,m,7342,4394
2021-04-02,60-69,d,2,2
2021-04-02,60-69,f,8937,5061
2021-04-02,60-69,m,8364,4690
2021-04-02,70-79,d,15,10
2021-04-02,70-79,f,18014,10827
2021-04-02,70-79,m,16643,10323
2021-04-02,80+,d,10,5
2021-04-02,80+,f,24460,17183
2021-04-02,80+,m,17019,11623
2021-04-03,0-19,d,0,0
2021-04-03,0-19,f,710,423
2021-04-03,0-19,m,339,235
2021-04-03,20-29,d,1,0
2021-04-03,20-29,f,4208,2265
2021-04-03,20-29,m,2106,1330
2021-04-03,30-39,d,2,1
2021-04-03,30-39,f,5819,3230
2021-04-03,30-39,m,3709,2215
2021-04-03,40-49,d,0,0
2021-04-03,40-49,f,7134,4107
2021-04-03,40-49,m,4563,2762
2021-04-03,50-59,d,2,0
2021-04-03,50-59,f,10223,6254
2021-04-03,50-59,m,7349,4395
2021-04-03,60-69,d,2,2
2021-04-03,60-69,f,8940,5066
2021-04-03,60-69,m,8373,4691
2021-04-03,70-79,d,15,10
2021-04-03,70-79,f,18017,10833
2021-04-03,70-79,m,16645,10330
2021-04-03,80+,d,10,5
2021-04-03,80+,f,24460,17189
2021-04-03,80+,m,17019,11628
2021-04-04,0-19,d,0,0
2021-04-04,0-19,f,710,423
2021-04-04,0-19,m,339,235
2021-04-04,20-29,d,1,0
2021-04-04,20-29,f,4208,2265
2021-04-04,20-29,m,2106,1330
2021-04-04,30-39,d,2,1
2021-04-04,30-39,f,5819,3230
2021-04-04,30-39,m,3709,2215
2021-04-04,40-49,d,0,0
2021-04-04,40-49,f,7134,4107
2021-04-04,40-49,m,4563,2762
2021-04-04,50-59,d,2,0
2021-04-04,50-59,f,10224,6254
2021-04-04,50-59,m,7349,4396
2021-04-04,60-69,d,2,2
2021-04-04,60-69,f,8940,5066
2021-04-04,60-69,m,8374,4691
2021-04-04,70-79,d,15,10
2021-04-04,70-79,f,18017,10833
2021-04-04,70-79,m,16645,10330
2021-04-04,80+,d,10,5
2021-04-04,80+,f,24461,17189
2021-04-04,80+,m,17019,11628
2021-04-05,0-19,d,0,0
2021-04-05,0-19,f,710,423
2021-04-05,0-19,m,339,236
2021-04-05,20-29,d,1,0
2021-04-05,20-29,f,4208,2266
2021-04-05,20-29,m,2109,1335
2021-04-05,30-39,d,2,1
2021-04-05,30-39,f,5821,3231
2021-04-05,30-39,m,3709,2215
2021-04-05,40-49,d,0,0
2021-04-05,40-49,f,7136,4107
2021-04-05,40-49,m,4565,2762
2021-04-05,50-59,d,2,0
2021-04-05,50-59,f,10226,6254
2021-04-05,50-59,m,7351,4397
2021-04-05,60-69,d,2,2
2021-04-05,60-69,f,8942,5066
2021-04-05,60-69,m,8377,4691
2021-04-05,70-79,d,15,10
2021-04-05,70-79,f,18018,10834
2021-04-05,70-79,m,16645,10332
2021-04-05,80+,d,10,5
2021-04-05,80+,f,24463,17190
2021-04-05,80+,m,17019,11628
2021-04-06,0-19,d,0,0
2021-04-06,0-19,f,710,439
2021-04-06,0-19,m,339,242
2021-04-06,20-29,d,1,0
2021-04-06,20-29,f,4219,2413
2021-04-06,20-29,m,2118,1390
2021-04-06,30-39,d,2,1
2021-04-06,30-39,f,5851,3427
2021-04-06,30-39,m,3729,2329
2021-04-06,40-49,d,0,0
2021-04-06,40-49,f,7172,4294
2021-04-06,40-49,m,4606,2890
2021-04-06,50-59,d,2,0
2021-04-06,50-59,f,10302,6524
2021-04-06,50-59,m,7440,4557
2021-04-06,60-69,d,2,2
2021-04-06,60-69,f,9079,5231
2021-04-06,60-69,m,8505,4834
2021-04-06,70-79,d,17,10
2021-04-06,70-79,f,18814,11074
2021-04-06,70-79,m,17374,10548
2021-04-06,80+,d,11,5
2021-04-06,80+,f,24999,17405
2021-04-06,80+,m,17408,11804
2021-04-07,0-19,d,1,0
2021-04-07,0-19,f,713,456
2021-04-07,0-19,m,341,246
2021-04-07,20-29,d,1,0
2021-04-07,20-29,f,4259,2599
2021-04-07,20-29,m,2143,1459
2021-04-07,30-39,d,2,1
2021-04-07,30-39,f,5919,3682
2021-04-07,30-39,m,3790,2472
2021-04-07,40-49,d,0,0
2021-04-07,40-49,f,7246,4569
2021-04-07,40-49,m,4704,3035
2021-04-07,50-59,d,2,0
2021-04-07,50-59,f,10411,6812
2021-04-07,50-59,m,7573,4755
2021-04-07,60-69,d,2,2
2021-04-07,60-69,f,9417,5439
2021-04-07,60-69,m,8813,5022
2021-04-07,70-79,d,17,10
2021-04-07,70-79,f,19863,11323
2021-04-07,70-79,m,18308,10806
2021-04-07,80+,d,12,5
2021-04-07,80+,f,25597,17663
2021-04-07,80+,m,17847,12034
2021-04-08,0-19,d,1,0
2021-04-08,0-19,f,715,475
2021-04-08,0-19,m,343,252
2021-04-08,20-29,d,1,0
2021-04-08,20-29,f,4304,2790
2021-04-08,20-29,m,2183,1516
2021-04-08,30-39,d,2,1
2021-04-08,30-39,f,5996,3918
2021-04-08,30-39,m,3887,2603
2021-04-08,40-49,d,0,0
2021-04-08,40-49,f,7346,4840
2021-04-08,40-49,m,4834,3182
2021-04-08,50-59,d,2,0
2021-04-08,50-59,f,10586,7102
2021-04-08,50-59,m,7790,4980
2021-04-08,60-69,d,5,2
2021-04-08,60-69,f,9898,5665
2021-04-08,60-69,m,9295,5239
2021-04-08,70-79,d,17,10
2021-04-08,70-79,f,21171,11613
2021-04-08,70-79,m,19490,11087
2021-04-08,80+,d,12,5
2021-04-08,80+,f,26408,17941
2021-04-08,80+,m,18454,12249
2021-04-09,0-19,d,1,0
2021-04-09,0-19,f,717,493
2021-04-09,0-19,m,346,258
2021-04-09,20-29,d,1,0
2021-04-09,20-29,f,4353,2891
2021-04-09,20-29,m,2223,1549
2021-04-09,30-39,d,3,1
2021-04-09,30-39,f,6070,4028
2021-04-09,30-39,m,3970,2670
2021-04-09,40-49,d,1,0
2021-04-09,40-49,f,7453,4972
2021-04-09,40-49,m,4952,3269
2021-04-09,50-59,d,3,0
2021-04-09,50-59,f,10771,7257
2021-04-09,50-59,m,7989,5098
2021-04-09,60-69,d,5,2
2021-04-09,60-69,f,10334,5822
2021-04-09,60-69,m,9752,5397
2021-04-09,70-79,d,18,10
2021-04-09,70-79,f,22353,11845
2021-04-09,70-79,m,20491,11283
2021-04-09,80+,d,12,5
2021-04-09,80+,f,27159,18107
2021-04-09,80+,m,18944,12392
2021-04-10,0-19,d,1,0
2021-04-10,0-19,f,728,494
2021-04-10,0-19,m,351,258
2021-04-10,20-29,d,1,0
2021-04-10,20-29,f,4373,2901
2021-04-10,20-29,m,2245,1552
2021-04-10,30-39,d,4,1
2021-04-10,30-39,f,6129,4040
2021-04-10,30-39,m,4026,2680
2021-04-10,40-49,d,2,0
2021-04-10,40-49,f,7550,4981
2021-04-10,40-49,m,5056,3272
2021-04-10,50-59,d,3,0
2021-04-10,50-59,f,10908,7274
2021-04-10,50-59,m,8166,5106
2021-04-10,60-69,d,6,2
2021-04-10,60-69,f,10667,5848
2021-04-10,60-69,m,10038,5414
2021-04-10,70-79,d,20,10
2021-04-10,70-79,f,22948,11888
2021-04-10,70-79,m,20984,11313
2021-04-10,80+,d,12,5
2021-04-10,80+,f,27460,18134
2021-04-10,80+,m,19184,12418
2021-04-11,0-19,d,1,0
2021-04-11,0-19,f,728,494
2021-04-11,0-19,m,351,258
2021-04-11,20-29,d,1,0
2021-04-11,20-29,f,4373,2901
2021-04-11,20-29,m,2245,1552
2021-04-11,30-39,d,4,1
2021-04-11,30-39,f,6129,4040
2021-04-11,30-39,m,4026,2680
2021-04-11,40-49,d,2,0
2021-04-11,40-49,f,7554,4981
2021-04-11,40-49,m,5057,3272
2021-04-11,50-59,d,3,0
2021-04-11,50-59,f,10916,7274
2021-04-11,50-59,m,8187,5108
2021-04-11,60-69,d,6,2
2021-04-11,60-69,f,10697,5849
2021-04-11,60-69,m,10068,5415
2021-04-11,70-79,d,20,10
2021-04-11,70-79,f,22965,11888
2021-04-11,70-79,m,21000,11315
2021-04-11,80+,d,12,5
2021-04-11,80+,f,27466,18134
2021-04-11,80+,m,19185,12418
2021-04-12,0-19,d,1,0
2021-04-12,0-19,f,734,502
2021-04-12,0-19,m,353,260
2021-04-12,20-29,d,1,0
2021-04-12,20-29,f,4436,2952
2021-04-12,20-29,m,2292,1568
2021-04-12,30-39,d,4,1
2021-04-12,30-39,f,6229,4115
2021-04-12,30-39,m,4151,2722
2021-04-12,40-49,d,2,0
2021-04-12,40-49,f,7704,5049
2021-04-12,40-49,m,5281,3327
2021-04-12,50-59,d,3,0
2021-04-12,50-59,f,11151,7379
2021-04-12,50-59,m,8567,5196
2021-04-12,60-69,d,8,2
2021-04-12,60-69,f,11575,5969
2021-04-12,60-69,m,10928,5511
2021-04-12,70-79,d,20,10
2021-04-12,70-79,f,24109,12079
2021-04-12,70-79,m,21985,11462
2021-04-12,80+,d,12,5
2021-04-12,80+,f,27988,18285
2021-04-12,80+,m,19549,12564
2021-04-13,0-19,d,1,0
2021-04-13,0-19,f,742,515
2021-04-13,0-19,m,357,261
2021-04-13,20-29,d,1,0
2021-04-13,20-29,f,4504,3076
2021-04-13,20-29,m,2339,1619
2021-04-13,30-39,d,4,1
2021-04-13,30-39,f,6369,4292
2021-04-13,30-39,m,4312,2818
2021-04-13,40-49,d,2,0
2021-04-13,40-49,f,7877,5276
2021-04-13,40-49,m,5524,3456
2021-04-13,50-59,d,5,0
2021-04-13,50-59,f,11491,7612
2021-04-13,50-59,m,8995,5372
2021-04-13,60-69,d,10,2
2021-04-13,60-69,f,12695,6140
2021-04-13,60-69,m,12010,5705
2021-04-13,70-79,d,21,10
2021-04-13,70-79,f,25433,12268
2021-04-13,70-79,m,23174,11719
2021-04-13,80+,d,12,5
2021-04-13,80+,f,28604,18451
2021-04-13,80+,m,19946,12709
2021-04-14,0-19,d,1,0
2021-04-14,0-19,f,756,531
2021-04-14,0-19,m,366,267
2021-04-14,20-29,d,1,0
2021-04-14,20-29,f,4599,3183
2021-04-14,20-29,m,2432,1652
2021-04-14,30-39,d,4,1
2021-04-14,30-39,f,6560,4473
2021-04-14,30-39,m,4524,2909
2021-04-14,40-49,d,5,0
2021-04-14,40-49,f,8181,5515
2021-04-14,40-49,m,5885,3562
2021-04-14,50-59,d,6,0
2021-04-14,50-59,f,12024,7840
2021-04-14,50-59,m,9602,5542
2021-04-14,60-69,d,11,2
2021-04-14,60-69,f,14234,6337
2021-04-14,60-69,m,13434,5893
2021-04-14,70-79,d,21,10
2021-04-14,70-79,f,26895,12538
2021-04-14,70-79,m,24418,11982
2021-04-14,80+,d,13,5
2021-04-14,80+,f,29203,18714
2021-04-14,80+,m,20281,12914
2021-04-15,0-19,d,1,0
2021-04-15,0-19,f,766,548
2021-04-15,0-19,m,377,274
2021-04-15,20-29,d,1,0
2021-04-15,20-29,f,4697,3241
2021-04-15,20-29,m,2502,1674
2021-04-15,30-39,d,4,1
2021-04-15,30-39,f,6750,4580
2021-04-15,30-39,m,4747,2947
2021-04-15,40-49,d,5,0
2021-04-15,40-49,f,8453,5628
2021-04-15,40-49,m,6209,3632
2021-04-15,50-59,d,8,0
2021-04-15,50-59,f,12506,8004
2021-04-15,50-59,m,10200,5639
2021-04-15,60-69,d,13,2
2021-04-15,60-69,f,15708,6513
2021-04-15,60-69,m,14812,6044
2021-04-15,70-79,d,23,10
2021-04-15,70-79,f,28451,12816
2021-04-15,70-79,m,25736,12259
2021-04-15,80+,d,13,5
2021-04-15,80+,f,29780,18941
2021-04-15,80+,m,20654,13098
2021-04-16,0-19,d,1,0
2021-04-16,0-19,f,787,564
2021-04-16,0-19,m,388,275
2021-04-16,20-29,d,1,0
2021-04-16,20-29,f,4813,3296
2021-04-16,20-29,m,2616,1696
2021-04-16,30-39,d,5,1
2021-04-16,30-39,f,6981,4674
2021-04-16,30-39,m,4969,2987
2021-04-16,40-49,d,5,0
2021-04-16,40-49,f,8774,5734
2021-04-16,40-49,m,6585,3701
2021-04-16,50-59,d,9,0
2021-04-16,50-59,f,13072,8130
2021-04-16,50-59,m,10889,5746
2021-04-16,60-69,d,15,2
2021-04-16,60-69,f,17117,6647
2021-04-16,60-69,m,16145,6199
2021-04-16,70-79,d,24,10
2021-04-16,70-79,f,29891,13044
2021-04-16,70-79,m,26946,12484
2021-04-16,80+,d,13,5
2021-04-16,80+,f,30343,19227
2021-04-16,80+,m,20992,13287
2021-04-17,0-19,d,1,0
2021-04-17,0-19,f,795,565
2021-04-17,0-19,m,398,275
2021-04-17,20-29,d,1,0
2021-04-17,20-29,f,4890,3304
2021-04-17,20-29,m,2661,1698
2021-04-17,30-39,d,6,1
2021-04-17,30-39,f,7079,4681
2021-04-17,30-39,m,5067,2989
2021-04-17,40-49,d,5,0
2021-04-17,40-49,f,8966,5746
2021-04-17,40-49,m,6782,3712
2021-04-17,50-59,d,10,0
2021-04-17,50-59,f,13395,8140
2021-04-17,50-59,m,11236,5753
2021-04-17,60-69,d,16,2
2021-04-17,60-69,f,17841,6660
2021-04-17,60-69,m,16809,6212
2021-04-17,70-79,d,25,10
2021-04-17,70-79,f,30643,13082
2021-04-17,70-79,m,27559,12518
2021-04-17,80+,d,13,5
2021-04-17,80+,f,30657,19251
2021-04-17,80+,m,21200,13306
2021-04-18,0-19,d,1,0
2021-04-18,0-19,f,797,565
2021-04-18,0-19,m,398,275
2021-04-18,20-29,d,1,0
2021-04-18,20-29,f,4892,3304
2021-04-18,20-29,m,2666,1698
2021-04-18,30-39,d,6,1
2021-04-18,30-39,f,7085,4681
2021-04-18,30-39,m,5071,2989
2021-04-18,40-49,d,5,0
2021-04-18,40-49,f,8971,5746
2021-04-18,40-49,m,6787,3712
2021-04-18,50-59,d,10,0
2021-04-18,50-59,f,13419,8141
2021-04-18,50-59,m,11253,5753
2021-04-18,60-69,d,16,2
2021-04-18,60-69,f,17895,6660
2021-04-18,60-69,m,16867,6212
2021-04-18,70-79,d,25,10
2021-04-18,70-79,f,30701,13082
2021-04-18,70-79,m,27619,12518
2021-04-18,80+,d,13,5
2021-04-18,80+,f,30679,19251
2021-04-18,80+,m,21214,13306
2021-04-19,0-19,d,1,0
2021-04-19,0-19,f,821,571
2021-04-19,0-19,m,413,276
2021-04-19,20-29,d,1,0
2021-04-19,20-29,f,5047,3348
2021-04-19,20-29,m,2756,1713
2021-04-19,30-39,d,7,1
2021-04-19,30-39,f,7291,4732
2021-04-19,30-39,m,5320,3020
2021-04-19,40-49,d,5,0
2021-04-19,40-49,f,9303,5789
2021-04-19,40-49,m,7233,3745
2021-04-19,50-59,d,10,0
2021-04-19,50-59,f,13962,8230
2021-04-19,50-59,m,11994,5855
2021-04-19,60-69,d,16,2
2021-04-19,60-69,f,19306,6752
2021-04-19,60-69,m,18293,6316
2021-04-19,70-79,d,25,10
2021-04-19,70-79,f,31808,13233
2021-04-19,70-79,m,28607,12674
2021-04-19,80+,d,13,5
2021-04-19,80+,f,30971,19402
2021-04-19,80+,m,21385,13431
2021-04-20,0-19,d,1,0
2021-04-20,0-19,f,839,581
2021-04-20,0-19,m,426,278
2021-04-20,20-29,d,1,0
2021-04-20,20-29,f,5188,3396
2021-04-20,20-29,m,2863,1731
2021-04-20,30-39,d,7,1
2021-04-20,30-39,f,7531,4806
2021-04-20,30-39,m,5581,3058
2021-04-20,40-49,d,5,0
2021-04-20,40-49,f,9750,5869
2021-04-20,40-49,m,7681,3784
2021-04-20,50-59,d,11,0
2021-04-20,50-59,f,14655,8358
2021-04-20,50-59,m,12814,5964
2021-04-20,60-69,d,18,2
2021-04-20,60-69,f,21064,6900
2021-04-20,60-69,m,19929,6458
2021-04-20,70-79,d,26,10
2021-04-20,70-79,f,33271,13473
2021-04-20,70-79,m,29824,12890
2021-04-20,80+,d,14,6
2021-04-20,80+,f,31291,19642
2021-04-20,80+,m,21603,13604
2021-04-21,0-19,d,1,0
2021-04-21,0-19,f,881,591
2021-04-21,0-19,m,441,280
2021-04-21,20-29,d,1,0
2021-04-21,20-29,f,5352,3506
2021-04-21,20-29,m,3016,1785
2021-04-21,30-39,d,8,1
2021-04-21,30-39,f,7815,4926
2021-04-21,30-39,m,5878,3140
2021-04-21,40-49,d,6,0
2021-04-21,40-49,f,10197,6003
2021-04-21,40-49,m,8168,3839
2021-04-21,50-59,d,12,1
2021-04-21,50-59,f,15395,8551
2021-04-21,50-59,m,13732,6051
2021-04-21,60-69,d,19,2
2021-04-21,60-69,f,22942,7065
2021-04-21,60-69,m,21633,6575
2021-04-21,70-79,d,28,10
2021-04-21,70-79,f,34678,13699
2021-04-21,70-79,m,31021,13071
2021-04-21,80+,d,14,6
2021-04-21,80+,f,31639,19841
2021-04-21,80+,m,21847,13741
2021-04-22,0-19,d,1,0
2021-04-22,0-19,f,927,596
2021-04-22,0-19,m,469,285
2021-04-22,20-29,d,2,0
2021-04-22,20-29,f,5606,3600
2021-04-22,20-29,m,3174,1830
2021-04-22,30-39,d,8,1
2021-04-22,30-39,f,8201,5040
2021-04-22,30-39,m,6165,3215
2021-04-22,40-49,d,6,0
2021-04-22,40-49,f,10758,6107
2021-04-22,40-49,m,8691,3896
2021-04-22,50-59,d,13,1
2021-04-22,50-59,f,16295,8671
2021-04-22,50-59,m,14761,6122
2021-04-22,60-69,d,24,2
2021-04-22,60-69,f,24821,7188
2021-04-22,60-69,m,23490,6678
2021-04-22,70-79,d,30,11
2021-04-22,70-79,f,36203,13911
2021-04-22,70-79,m,32353,13262
2021-04-22,80+,d,15,6
2021-04-22,80+,f,32024,20038
2021-04-22,80+,m,22119,13902
2021-04-23,0-19,d,1,0
2021-04-23,0-19,f,966,609
2021-04-23,0-19,m,489,288
2021-04-23,20-29,d,2,0
2021-04-23,20-29,f,5796,3709
2021-04-23,20-29,m,3304,1867
2021-04-23,30-39,d,10,1
2021-04-23,30-39,f,8504,5144
2021-04-23,30-39,m,6413,3286
2021-04-23,40-49,d,7,0
2021-04-23,40-49,f,11221,6220
2021-04-23,40-49,m,9151,3966
2021-04-23,50-59,d,13,1
2021-04-23,50-59,f,17071,8797
2021-04-23,50-59,m,15628,6218
2021-04-23,60-69,d,26,2
2021-04-23,60-69,f,26340,7325
2021-04-23,60-69,m,24898,6813
2021-04-23,70-79,d,35,13
2021-04-23,70-79,f,37334,14210
2021-04-23,70-79,m,33314,13506
2021-04-23,80+,d,15,6
2021-04-23,80+,f,32298,20369
2021-04-23,80+,m,22315,14163
2021-04-24,0-19,d,1,0
2021-04-24,0-19,f,975,609
2021-04-24,0-19,m,491,288
2021-04-24,20-29,d,2,0
2021-04-24,20-29,f,5842,3715
2021-04-24,20-29,m,3340,1870
2021-04-24,30-39,d,10,1
2021-04-24,30-39,f,8572,5160
2021-04-24,30-39,m,6476,3292
2021-04-24,40-49,d,7,0
2021-04-24,40-49,f,11348,6256
2021-04-24,40-49,m,9261,4005
2021-04-24,50-59,d,13,1
2021-04-24,50-59,f,17294,8851
2021-04-24,50-59,m,15905,6280
2021-04-24,60-69,d,26,2
2021-04-24,60-69,f,26744,7396
2021-04-24,60-69,m,25238,6879
2021-04-24,70-79,d,35,13
2021-04-24,70-79,f,37666,14483
2021-04-24,70-79,m,33609,13697
2021-04-24,80+,d,15,7
2021-04-24,80+,f,32466,20591
2021-04-24,80+,m,22446,14341
2021-04-25,0-19,d,1,0
2021-04-25,0-19,f,975,609
2021-04-25,0-19,m,491,288
2021-04-25,20-29,d,2,0
2021-04-25,20-29,f,5843,3715
2021-04-25,20-29,m,3345,1874
2021-04-25,30-39,d,10,1
2021-04-25,30-39,f,8576,5160
2021-04-25,30-39,m,6477,3292
2021-04-25,40-49,d,7,0
2021-04-25,40-49,f,11359,6257
2021-04-25,40-49,m,9265,4006
2021-04-25,50-59,d,13,1
2021-04-25,50-59,f,17319,8862
2021-04-25,50-59,m,15928,6285
2021-04-25,60-69,d,26,2
2021-04-25,60-69,f,26781,7406
2021-04-25,60-69,m,25256,6893
2021-04-25,70-79,d,35,13
2021-04-25,70-79,f,37691,14518
2021-04-25,70-79,m,33619,13721
2021-04-25,80+,d,15,7
2021-04-25,80+,f,32476,20629
2021-04-25,80+,m,22447,14369
2021-04-26,0-19,d,1,0
2021-04-26,0-19,f,995,609
2021-04-26,0-19,m,509,288
2021-04-26,20-29,d,2,0
2021-04-26,20-29,f,5984,3724
2021-04-26,20-29,m,3470,1878
2021-04-26,30-39,d,11,1
2021-04-26,30-39,f,8823,5177
2021-04-26,30-39,m,6749,3309
2021-04-26,40-49,d,7,0
2021-04-26,40-49,f,11722,6279
2021-04-26,40-49,m,9670,4041
2021-04-26,50-59,d,13,1
2021-04-26,50-59,f,17928,8921
2021-04-26,50-59,m,16766,6362
2021-04-26,60-69,d,26,2
2021-04-26,60-69,f,28002,7526
2021-04-26,60-69,m,26535,7015
2021-04-26,70-79,d,36,13
2021-04-26,70-79,f,38554,14888
2021-04-26,70-79,m,34392,14028
2021-04-26,80+,d,15,7
2021-04-26,80+,f,32622,20975
2021-04-26,80+,m,22558,14640
2021-04-27,0-19,d,1,0
2021-04-27,0-19,f,1040,614
2021-04-27,0-19,m,532,289
2021-04-27,20-29,d,2,0
2021-04-27,20-29,f,6260,3732
2021-04-27,20-29,m,3645,1886
2021-04-27,30-39,d,11,2
2021-04-27,30-39,f,9233,5192
2021-04-27,30-39,m,7075,3326
2021-04-27,40-49,d,10,0
2021-04-27,40-49,f,12292,6316
2021-04-27,40-49,m,10229,4071
2021-04-27,50-59,d,14,1
2021-04-27,50-59,f,18916,8999
2021-04-27,50-59,m,17840,6459
2021-04-27,60-69,d,27,2
2021-04-27,60-69,f,29792,7664
2021-04-27,60-69,m,28334,7150
2021-04-27,70-79,d,36,13
2021-04-27,70-79,f,39773,15308
2021-04-27,70-79,m,35442,14389
2021-04-27,80+,d,15,8
2021-04-27,80+,f,32898,21365
2021-04-27,80+,m,22716,14920
2021-04-28,0-19,d,1,0
2021-04-28,0-19,f,1084,617
2021-04-28,0-19,m,567,291
2021-04-28,20-29,d,4,0
2021-04-28,20-29,f,6537,3744
2021-04-28,20-29,m,3823,1898
2021-04-28,30-39,d,13,2
2021-04-28,30-39,f,9653,5227
2021-04-28,30-39,m,7398,3339
2021-04-28,40-49,d,11,0
2021-04-28,40-49,f,12891,6369
2021-04-28,40-49,m,10796,4112
2021-04-28,50-59,d,15,2
2021-04-28,50-59,f,19872,9083
2021-04-28,50-59,m,18945,6545
2021-04-28,60-69,d,28,2
2021-04-28,60-69,f,31348,7801
2021-04-28,60-69,m,29852,7296
2021-04-28,70-79,d,36,13
2021-04-28,70-79,f,40813,15717
2021-04-28,70-79,m,36415,14738
2021-04-28,80+,d,15,8
2021-04-28,80+,f,33160,21783
2021-04-28,80+,m,22889,15181
2021-04-29,0-19,d,1,0
2021-04-29,0-19,f,1140,617
2021-04-29,0-19,m,590,291
2021-04-29,20-29,d,5,0
2021-04-29,20-29,f,6868,3757
2021-04-29,20-29,m,3997,1905
2021-04-29,30-39,d,14,2
2021-04-29,30-39,f,10025,5243
2021-04-29,30-39,m,7740,3356
2021-04-29,40-49,d,11,0
2021-04-29,40-49,f,13484,6411
2021-04-29,40-49,m,11358,4143
2021-04-29,50-59,d,16,2
2021-04-29,50-59,f,20877,9162
2021-04-29,50-59,m,20070,6620
2021-04-29,60-69,d,29,2
2021-04-29,60-69,f,32831,7919
2021-04-29,60-69,m,31245,7430
2021-04-29,70-79,d,37,13
2021-04-29,70-79,f,41780,16134
2021-04-29,70-79,m,37196,15043
2021-04-29,80+,d,15,8
2021-04-29,80+,f,33438,22145
2021-04-29,80+,m,23066,15422
2021-04-30,0-19,d,1,0
2021-04-30,0-19,f,1193,620
2021-04-30,0-19,m,619,293
2021-04-30,20-29,d,5,0
2021-04-30,20-29,f,7237,3770
2021-04-30,20-29,m,4222,1914
2021-04-30,30-39,d,15,2
2021-04-30,30-39,f,10510,5261
2021-04-30,30-39,m,8145,3374
2021-04-30,40-49,d,11,0
2021-04-30,40-49,f,14192,6439
2021-04-30,40-49,m,11920,4164
2021-04-30,50-59,d,17,2
2021-04-30,50-59,f,21989,9214
2021-04-30,50-59,m,21215,6667
2021-04-30,60-69,d,29,2
2021-04-30,60-69,f,34085,7995
2021-04-30,60-69,m,32477,7512
2021-04-30,70-79,d,37,13
2021-04-30,70-79,f,42482,16344
2021-04-30,70-79,m,37800,15203
2021-04-30,80+,d,17,8
2021-04-30,80+,f,33690,22379
2021-04-30,80+,m,23230,15575
2021-05-01,0-19,d,1,0
2021-05-01,0-19,f,1200,620
2021-05-01,0-19,m,623,293
2021-05-01,20-29,d,5,0
2021-05-01,20-29,f,7267,3770
2021-05-01,20-29,m,4250,1914
2021-05-01,30-39,d,15,2
2021-05-01,30-39,f,10584,5262
2021-05-01,30-39,m,8223,3374
2021-05-01,40-49,d,11,0
2021-05-01,40-49,f,14289,6439
2021-05-01,40-49,m,12042,4165
2021-05-01,50-59,d,17,2
2021-05-01,50-59,f,22210,9216
2021-05-01,50-59,m,21480,6668
2021-05-01,60-69,d,29,2
2021-05-01,60-69,f,34403,7998
2021-05-01,60-69,m,32745,7512
2021-05-01,70-79,d,37,13
2021-05-01,70-79,f,42648,16348
2021-05-01,70-79,m,37951,15208
2021-05-01,80+,d,17,8
2021-05-01,80+,f,33719,22387
2021-05-01,80+,m,23257,15577
2021-05-02,0-19,d,1,0
2021-05-02,0-19,f,1200,620
2021-05-02,0-19,m,623,293
2021-05-02,20-29,d,5,0
2021-05-02,20-29,f,7268,3771
2021-05-02,20-29,m,4250,1914
2021-05-02,30-39,d,15,2
2021-05-02,30-39,f,10585,5262
2021-05-02,30-39,m,8223,3374
2021-05-02,40-49,d,11,0
2021-05-02,40-49,f,14289,6439
2021-05-02,40-49,m,12043,4165
2021-05-02,50-59,d,17,2
2021-05-02,50-59,f,22211,9216
2021-05-02,50-59,m,21482,6668
2021-05-02,60-69,d,29,2
2021-05-02,60-69,f,34404,7999
2021-05-02,60-69,m,32745,7512
2021-05-02,70-79,d,37,13
2021-05-02,70-79,f,42648,16348
2021-05-02,70-79,m,37951,15209
2021-05-02,80+,d,17,8
2021-05-02,80+,f,33719,22387
2021-05-02,80+,m,23258,15577
2021-05-03,0-19,d,1,0
2021-05-03,0-19,f,1291,621
2021-05-03,0-19,m,674,294
2021-05-03,20-29,d,6,0
2021-05-03,20-29,f,7818,3779
2021-05-03,20-29,m,4542,1920
2021-05-03,30-39,d,15,2
2021-05-03,30-39,f,11220,5282
2021-05-03,30-39,m,8641,3401
2021-05-03,40-49,d,11,0
2021-05-03,40-49,f,15128,6467
2021-05-03,40-49,m,12659,4191
2021-05-03,50-59,d,18,2
2021-05-03,50-59,f,23691,9258
2021-05-03,50-59,m,22888,6719
2021-05-03,60-69,d,30,2
2021-05-03,60-69,f,35634,8110
2021-05-03,60-69,m,33804,7614
2021-05-03,70-79,d,39,13
2021-05-03,70-79,f,43275,16538
2021-05-03,70-79,m,38471,15357
2021-05-03,80+,d,17,8
2021-05-03,80+,f,33933,22523
2021-05-03,80+,m,23380,15657
2021-05-04,0-19,d,1,0
2021-05-04,0-19,f,1363,621
2021-05-04,0-19,m,715,295
2021-05-04,20-29,d,6,0
2021-05-04,20-29,f,8318,3790
2021-05-04,20-29,m,4762,1926
2021-05-04,30-39,d,15,2
2021-05-04,30-39,f,11808,5311
2021-05-04,30-39,m,8990,3419
2021-05-04,40-49,d,12,0
2021-05-04,40-49,f,15963,6494
2021-05-04,40-49,m,13218,4227
2021-05-04,50-59,d,21,2
2021-05-04,50-59,f,25590,9322
2021-05-04,50-59,m,24739,6799
2021-05-04,60-69,d,31,2
2021-05-04,60-69,f,37017,8241
2021-05-04,60-69,m,35011,7745
2021-05-04,70-79,d,40,14
2021-05-04,70-79,f,43884,17272
2021-05-04,70-79,m,38992,16016
2021-05-04,80+,d,18,9
2021-05-04,80+,f,34123,23015
2021-05-04,80+,m,23502,16023
2021-05-05,0-19,d,1,0
2021-05-05,0-19,f,1452,622
2021-05-05,0-19,m,753,297
2021-05-05,20-29,d,8,0
2021-05-05,20-29,f,8929,3818
2021-05-05,20-29,m,5058,1951
2021-05-05,30-39,d,15,2
2021-05-05,30-39,f,12546,5354
2021-05-05,30-39,m,9448,3475
2021-05-05,40-49,d,12,0
2021-05-05,40-49,f,16836,6561
2021-05-05,40-49,m,13863,4311
2021-05-05,50-59,d,24,2
2021-05-05,50-59,f,27677,9411
2021-05-05,50-59,m,26876,6912
2021-05-05,60-69,d,32,2
2021-05-05,60-69,f,38313,8531
2021-05-05,60-69,m,36190,8024
2021-05-05,70-79,d,41,14
2021-05-05,70-79,f,44343,18207
2021-05-05,70-79,m,39358,16851
2021-05-05,80+,d,18,10
2021-05-05,80+,f,34284,23561
2021-05-05,80+,m,23579,16401
2021-05-06,0-19,d,1,0
2021-05-06,0-19,f,1558,628
2021-05-06,0-19,m,797,301
2021-05-06,20-29,d,8,0
2021-05-06,20-29,f,9503,3860
2021-05-06,20-29,m,5318,1984
2021-05-06,30-39,d,16,2
2021-05-06,30-39,f,13188,5420
2021-05-06,30-39,m,9839,3549
2021-05-06,40-49,d,12,0
2021-05-06,40-49,f,17648,6638
2021-05-06,40-49,m,14421,4399
2021-05-06,50-59,d,29,2
2021-05-06,50-59,f,30168,9546
2021-05-06,50-59,m,29402,7067
2021-05-06,60-69,d,33,5
2021-05-06,60-69,f,39646,8900
2021-05-06,60-69,m,37376,8389
2021-05-06,70-79,d,42,14
2021-05-06,70-79,f,44670,19328
2021-05-06,70-79,m,39634,17889
2021-05-06,80+,d,18,10
2021-05-06,80+,f,34434,24302
2021-05-06,80+,m,23663,16948
2021-05-07,0-19,d,1,1
2021-05-07,0-19,f,1656,631
2021-05-07,0-19,m,841,304
2021-05-07,20-29,d,9,0
2021-05-07,20-29,f,9934,3900
2021-05-07,20-29,m,5584,2020
2021-05-07,30-39,d,17,3
2021-05-07,30-39,f,13659,5490
2021-05-07,30-39,m,10223,3628
2021-05-07,40-49,d,12,1
2021-05-07,40-49,f,18342,6731
2021-05-07,40-49,m,14999,4512
2021-05-07,50-59,d,33,3
2021-05-07,50-59,f,32984,9703
2021-05-07,50-59,m,32405,7256
2021-05-07,60-69,d,35,5
2021-05-07,60-69,f,40890,9309
2021-05-07,60-69,m,38532,8811
2021-05-07,70-79,d,42,15
2021-05-07,70-79,f,45010,20397
2021-05-07,70-79,m,39900,18771
2021-05-07,80+,d,18,10
2021-05-07,80+,f,34557,24927
2021-05-07,80+,m,23737,17368
2021-05-08,0-19,d,1,1
2021-05-08,0-19,f,1680,636
2021-05-08,0-19,m,857,306
2021-05-08,20-29,d,9,0
2021-05-08,20-29,f,10087,3924
2021-05-08,20-29,m,5701,2042
2021-05-08,30-39,d,19,3
2021-05-08,30-39,f,13845,5539
2021-05-08,30-39,m,10373,3681
2021-05-08,40-49,d,12,2
2021-05-08,40-49,f,18607,6790
2021-05-08,40-49,m,15238,4580
2021-05-08,50-59,d,37,3
2021-05-08,50-59,f,33889,9811
2021-05-08,50-59,m,33326,7376
2021-05-08,60-69,d,36,6
2021-05-08,60-69,f,41263,9506
2021-05-08,60-69,m,38874,8990
2021-05-08,70-79,d,42,17
2021-05-08,70-79,f,45096,20774
2021-05-08,70-79,m,39977,19087
2021-05-08,80+,d,18,10
2021-05-08,80+,f,34593,25163
2021-05-08,80+,m,23759,17546
2021-05-09,0-19,d,1,1
2021-05-09,0-19,f,1682,636
2021-05-09,0-19,m,862,306
2021-05-09,20-29,d,9,0
2021-05-09,20-29,f,10097,3924
2021-05-09,20-29,m,5719,2042
2021-05-09,30-39,d,19,3
2021-05-09,30-39,f,13860,5539
2021-05-09,30-39,m,10387,3681
2021-05-09,40-49,d,12,2
2021-05-09,40-49,f,18632,6794
2021-05-09,40-49,m,15257,4582
2021-05-09,50-59,d,37,3
2021-05-09,50-59,f,33928,9819
2021-05-09,50-59,m,33375,7392
2021-05-09,60-69,d,36,6
2021-05-09,60-69,f,41271,9530
2021-05-09,60-69,m,38888,9013
2021-05-09,70-79,d,42,17
2021-05-09,70-79,f,45097,20789
2021-05-09,70-79,m,39980,19099
2021-05-09,80+,d,18,10
2021-05-09,80+,f,34594,25166
2021-05-09,80+,m,23759,17547
2021-05-10,0-19,d,1,1
2021-05-10,0-19,f,1725,640
2021-05-10,0-19,m,889,310
2021-05-10,20-29,d,10,0
2021-05-10,20-29,f,10318,3987
2021-05-10,20-29,m,5879,2080
2021-05-10,30-39,d,20,3
2021-05-10,30-39,f,14136,5620
2021-05-10,30-39,m,10663,3788
2021-05-10,40-49,d,13,2
2021-05-10,40-49,f,19137,6927
2021-05-10,40-49,m,15734,4795
2021-05-10,50-59,d,40,3
2021-05-10,50-59,f,36094,10040
2021-05-10,50-59,m,35849,7754
2021-05-10,60-69,d,36,8
2021-05-10,60-69,f,42105,10321
2021-05-10,60-69,m,39707,9813
2021-05-10,70-79,d,42,18
2021-05-10,70-79,f,45244,22052
2021-05-10,70-79,m,40099,20220
2021-05-10,80+,d,18,10
2021-05-10,80+,f,34653,25809
2021-05-10,80+,m,23798,18028
2021-05-11,0-19,d,1,1
2021-05-11,0-19,f,1765,647
2021-05-11,0-19,m,922,315
2021-05-11,20-29,d,10,0
2021-05-11,20-29,f,10526,4050
2021-05-11,20-29,m,6089,2125
2021-05-11,30-39,d,20,4
2021-05-11,30-39,f,14498,5752
2021-05-11,30-39,m,11098,3926
2021-05-11,40-49,d,13,2
2021-05-11,40-49,f,19762,7120
2021-05-11,40-49,m,16363,5039
2021-05-11,50-59,d,49,6
2021-05-11,50-59,f,38815,10341
2021-05-11,50-59,m,39015,8175
2021-05-11,60-69,d,36,10
2021-05-11,60-69,f,43190,11456
2021-05-11,60-69,m,40842,10874
2021-05-11,70-79,d,43,19
2021-05-11,70-79,f,45483,23452
2021-05-11,70-79,m,40297,21462
2021-05-11,80+,d,18,10
2021-05-11,80+,f,34740,26354
2021-05-11,80+,m,23848,18442
2021-05-12,0-19,d,1,1
2021-05-12,0-19,f,1816,657
2021-05-12,0-19,m,968,323
2021-05-12,20-29,d,13,0
2021-05-12,20-29,f,10823,4137
2021-05-12,20-29,m,6400,2201
2021-05-12,30-39,d,21,5
2021-05-12,30-39,f,14948,5932
2021-05-12,30-39,m,11616,4120
2021-05-12,40-49,d,15,4
2021-05-12,40-49,f,20394,7403
2021-05-12,40-49,m,16966,5379
2021-05-12,50-59,d,54,7
2021-05-12,50-59,f,41536,10799
2021-05-12,50-59,m,41982,8720
2021-05-12,60-69,d,37,11
2021-05-12,60-69,f,44246,12910
2021-05-12,60-69,m,41799,12209
2021-05-12,70-79,d,44,19
2021-05-12,70-79,f,45662,24768
2021-05-12,70-79,m,40442,22592
2021-05-12,80+,d,18,11
2021-05-12,80+,f,34803,26866
2021-05-12,80+,m,23893,18706
2021-05-13,0-19,d,1,1
2021-05-13,0-19,f,1855,661
2021-05-13,0-19,m,986,325
2021-05-13,20-29,d,13,0
2021-05-13,20-29,f,10924,4180
2021-05-13,20-29,m,6525,2233
2021-05-13,30-39,d,21,5
2021-05-13,30-39,f,15083,6004
2021-05-13,30-39,m,11768,4230
2021-05-13,40-49,d,15,4
2021-05-13,40-49,f,20599,7494
2021-05-13,40-49,m,17164,5506
2021-05-13,50-59,d,54,8
2021-05-13,50-59,f,42872,10975
2021-05-13,50-59,m,43433,8944
2021-05-13,60-69,d,37,13
2021-05-13,60-69,f,44752,13527
2021-05-13,60-69,m,42250,12831
2021-05-13,70-79,d,44,19
2021-05-13,70-79,f,45712,25275
2021-05-13,70-79,m,40498,23009
2021-05-13,80+,d,18,11
2021-05-13,80+,f,34817,26981
2021-05-13,80+,m,23902,18784
2021-05-14,0-19,d,1,1
2021-05-14,0-19,f,1934,671
2021-05-14,0-19,m,1037,327
2021-05-14,20-29,d,14,0
2021-05-14,20-29,f,11252,4251
2021-05-14,20-29,m,6820,2311
2021-05-14,30-39,d,21,5
2021-05-14,30-39,f,15486,6146
2021-05-14,30-39,m,12156,4384
2021-05-14,40-49,d,17,4
2021-05-14,40-49,f,21107,7693
2021-05-14,40-49,m,17663,5753
2021-05-14,50-59,d,57,8
2021-05-14,50-59,f,44969,11356
2021-05-14,50-59,m,45614,9409
2021-05-14,60-69,d,37,15
2021-05-14,60-69,f,45512,14698
2021-05-14,60-69,m,43011,13975
2021-05-14,70-79,d,44,19
2021-05-14,70-79,f,45862,26564
2021-05-14,70-79,m,40607,24044
2021-05-14,80+,d,18,11
2021-05-14,80+,f,34863,27524
2021-05-14,80+,m,23929,19123
2021-05-15,0-19,d,1,1
2021-05-15,0-19,f,1978,678
2021-05-15,0-19,m,1070,332
2021-05-15,20-29,d,15,0
2021-05-15,20-29,f,11428,4281
2021-05-15,20-29,m,7042,2335
2021-05-15,30-39,d,22,5
2021-05-15,30-39,f,15776,6181
2021-05-15,30-39,m,12490,4425
2021-05-15,40-49,d,17,4
2021-05-15,40-49,f,21401,7771
2021-05-15,40-49,m,17987,5831
2021-05-15,50-59,d,58,8
2021-05-15,50-59,f,45698,11505
2021-05-15,50-59,m,46363,9579
2021-05-15,60-69,d,37,15
2021-05-15,60-69,f,45802,15024
2021-05-15,60-69,m,43267,14295
2021-05-15,70-79,d,44,19
2021-05-15,70-79,f,45912,26970
2021-05-15,70-79,m,40666,24395
2021-05-15,80+,d,18,11
2021-05-15,80+,f,34883,27708
2021-05-15,80+,m,23941,19231
2021-05-16,0-19,d,1,1
2021-05-16,0-19,f,1983,680
2021-05-16,0-19,m,1071,332
2021-05-16,20-29,d,15,0
2021-05-16,20-29,f,11441,4281
2021-05-16,20-29,m,7056,2340
2021-05-16,30-39,d,22,5
2021-05-16,30-39,f,15815,6181
2021-05-16,30-39,m,12520,4427
2021-05-16,40-49,d,17,4
2021-05-16,40-49,f,21439,7771
2021-05-16,40-49,m,18027,5831
2021-05-16,50-59,d,58,8
2021-05-16,50-59,f,45745,11515
2021-05-16,50-59,m,46408,9583
2021-05-16,60-69,d,37,15
2021-05-16,60-69,f,45820,15036
2021-05-16,60-69,m,43289,14312
2021-05-16,70-79,d,44,19
2021-05-16,70-79,f,45917,26982
2021-05-16,70-79,m,40672,24405
2021-05-16,80+,d,18,11
2021-05-16,80+,f,34884,27708
2021-05-16,80+,m,23941,19233
2021-05-17,0-19,d,1,1
2021-05-17,0-19,f,2040,693
2021-05-17,0-19,m,1119,344
2021-05-17,20-29,d,16,0
2021-05-17,20-29,f,11819,4386
2021-05-17,20-29,m,7400,2420
2021-05-17,30-39,d,22,6
2021-05-17,30-39,f,16330,6374
2021-05-17,30-39,m,13124,4634
2021-05-17,40-49,d,18,4
2021-05-17,40-49,f,22005,8063
2021-05-17,40-49,m,18636,6243
2021-05-17,50-59,d,64,8
2021-05-17,50-59,f,47578,11994
2021-05-17,50-59,m,48573,10281
2021-05-17,60-69,d,38,16
2021-05-17,60-69,f,46526,16433
2021-05-17,60-69,m,44010,15716
2021-05-17,70-79,d,44,19
2021-05-17,70-79,f,46057,28106
2021-05-17,70-79,m,40796,25417
2021-05-17,80+,d,18,11
2021-05-17,80+,f,34928,28029
2021-05-17,80+,m,23976,19417
2021-05-18,0-19,d,1,1
2021-05-18,0-19,f,2123,708
2021-05-18,0-19,m,1195,357
2021-05-18,20-29,d,16,0
2021-05-18,20-29,f,12350,4492
2021-05-18,20-29,m,7914,2515
2021-05-18,30-39,d,23,7
2021-05-18,30-39,f,17094,6586
2021-05-18,30-39,m,13915,4876
2021-05-18,40-49,d,20,4
2021-05-18,40-49,f,22865,8425
2021-05-18,40-49,m,19527,6682
2021-05-18,50-59,d,66,9
2021-05-18,50-59,f,49622,12612
2021-05-18,50-59,m,50814,11119
2021-05-18,60-69,d,38,17
2021-05-18,60-69,f,47366,18275
2021-05-18,60-69,m,44808,17443
2021-05-18,70-79,d,45,22
2021-05-18,70-79,f,46195,29708
2021-05-18,70-79,m,40922,26844
2021-05-18,80+,d,18,11
2021-05-18,80+,f,34979,28547
2021-05-18,80+,m,24000,19755
2021-05-19,0-19,d,1,1
2021-05-19,0-19,f,2228,738
2021-05-19,0-19,m,1283,366
2021-05-19,20-29,d,17,0
2021-05-19,20-29,f,12825,4603
2021-05-19,20-29,m,8442,2641
2021-05-19,30-39,d,25,8
2021-05-19,30-39,f,17837,6804
2021-05-19,30-39,m,14805,5127
2021-05-19,40-49,d,20,5
2021-05-19,40-49,f,23694,8810
2021-05-19,40-49,m,20439,7134
2021-05-19,50-59,d,67,11
2021-05-19,50-59,f,51651,13271
2021-05-19,50-59,m,53066,11955
2021-05-19,60-69,d,38,19
2021-05-19,60-69,f,48177,20064
2021-05-19,60-69,m,45670,19087
2021-05-19,70-79,d,45,26
2021-05-19,70-79,f,46388,31137
2021-05-19,70-79,m,41073,28039
2021-05-19,80+,d,18,11
2021-05-19,80+,f,35062,28937
2021-05-19,80+,m,24063,20029
2021-05-20,0-19,d,1,1
2021-05-20,0-19,f,2318,760
2021-05-20,0-19,m,1376,387
2021-05-20,20-29,d,19,0
2021-05-20,20-29,f,13372,4756
2021-05-20,20-29,m,9016,2758
2021-05-20,30-39,d,28,8
2021-05-20,30-39,f,18674,7074
2021-05-20,30-39,m,15729,5367
2021-05-20,40-49,d,21,5
2021-05-20,40-49,f,24587,9280
2021-05-20,40-49,m,21368,7598
2021-05-20,50-59,d,71,12
2021-05-20,50-59,f,53337,14079
2021-05-20,50-59,m,54950,12894
2021-05-20,60-69,d,39,24
2021-05-20,60-69,f,48961,21985
2021-05-20,60-69,m,46397,20952
2021-05-20,70-79,d,45,27
2021-05-20,70-79,f,46561,32822
2021-05-20,70-79,m,41233,29500
2021-05-20,80+,d,18,12
2021-05-20,80+,f,35139,29359
2021-05-20,80+,m,24109,20322
2021-05-21,0-19,d,2,1
2021-05-21,0-19,f,2449,794
2021-05-21,0-19,m,1495,406
2021-05-21,20-29,d,21,0
2021-05-21,20-29,f,14087,4923
2021-05-21,20-29,m,9756,2872
2021-05-21,30-39,d,29,9
2021-05-21,30-39,f,19669,7350
2021-05-21,30-39,m,16936,5625
2021-05-21,40-49,d,23,5
2021-05-21,40-49,f,25555,9734
2021-05-21,40-49,m,22316,8057
2021-05-21,50-59,d,73,12
2021-05-21,50-59,f,54905,14822
2021-05-21,50-59,m,56618,13746
2021-05-21,60-69,d,40,26
2021-05-21,60-69,f,49587,23551
2021-05-21,60-69,m,47022,22375
2021-05-21,70-79,d,45,30
2021-05-21,70-79,f,46668,34084
2021-05-21,70-79,m,41328,30550
2021-05-21,80+,d,18,12
2021-05-21,80+,f,35183,29729
2021-05-21,80+,m,24141,20587
2021-05-22,0-19,d,2,1
2021-05-22,0-19,f,2508,812
2021-05-22,0-19,m,1545,412
2021-05-22,20-29,d,21,0
2021-05-22,20-29,f,14304,5005
2021-05-22,20-29,m,9990,2918
2021-05-22,30-39,d,29,9
2021-05-22,30-39,f,19956,7425
2021-05-22,30-39,m,17323,5673
2021-05-22,40-49,d,23,5
2021-05-22,40-49,f,25843,9846
2021-05-22,40-49,m,22633,8152
2021-05-22,50-59,d,74,12
2021-05-22,50-59,f,55430,15012
2021-05-22,50-59,m,57175,13935
2021-05-22,60-69,d,40,26
2021-05-22,60-69,f,49784,23833
2021-05-22,60-69,m,47236,22606
2021-05-22,70-79,d,45,30
2021-05-22,70-79,f,46716,34315
2021-05-22,70-79,m,41368,30767
2021-05-22,80+,d,18,12
2021-05-22,80+,f,35208,29828
2021-05-22,80+,m,24166,20652
2021-05-23,0-19,d,2,1
2021-05-23,0-19,f,2516,817
2021-05-23,0-19,m,1554,414
2021-05-23,20-29,d,22,0
2021-05-23,20-29,f,14340,5025
2021-05-23,20-29,m,10026,2921
2021-05-23,30-39,d,29,9
2021-05-23,30-39,f,20029,7433
2021-05-23,30-39,m,17393,5682
2021-05-23,40-49,d,23,5
2021-05-23,40-49,f,25921,9869
2021-05-23,40-49,m,22721,8161
2021-05-23,50-59,d,74,12
2021-05-23,50-59,f,55549,15036
2021-05-23,50-59,m,57293,13945
2021-05-23,60-69,d,40,26
2021-05-23,60-69,f,49836,23836
2021-05-23,60-69,m,47284,22611
2021-05-23,70-79,d,45,30
2021-05-23,70-79,f,46735,34316
2021-05-23,70-79,m,41381,30768
2021-05-23,80+,d,18,12
2021-05-23,80+,f,35213,29828
2021-05-23,80+,m,24169,20652
2021-05-24,0-19,d,3,1
2021-05-24,0-19,f,2656,827
2021-05-24,0-19,m,1686,418
2021-05-24,20-29,d,24,0
2021-05-24,20-29,f,15159,5077
2021-05-24,20-29,m,10921,2981
2021-05-24,30-39,d,32,9
2021-05-24,30-39,f,21052,7540
2021-05-24,30-39,m,18747,5797
2021-05-24,40-49,d,24,5
2021-05-24,40-49,f,26830,10010
2021-05-24,40-49,m,23786,8340
2021-05-24,50-59,d,74,12
2021-05-24,50-59,f,55864,15286
2021-05-24,50-59,m,57709,14343
2021-05-24,60-69,d,40,26
2021-05-24,60-69,f,49956,24472
2021-05-24,60-69,m,47420,23295
2021-05-24,70-79,d,45,32
2021-05-24,70-79,f,46775,34789
2021-05-24,70-79,m,41412,31192
2021-05-24,80+,d,18,12
2021-05-24,80+,f,35224,29888
2021-05-24,80+,m,24177,20706
2021-05-25,0-19,d,3,1
2021-05-25,0-19,f,2829,854
2021-05-25,0-19,m,1812,433
2021-05-25,20-29,d,28,1
2021-05-25,20-29,f,16145,5246
2021-05-25,20-29,m,11989,3100
2021-05-25,30-39,d,34,10
2021-05-25,30-39,f,22362,7844
2021-05-25,30-39,m,20520,6045
2021-05-25,40-49,d,25,7
2021-05-25,40-49,f,27834,10375
2021-05-25,40-49,m,25116,8731
2021-05-25,50-59,d,77,13
2021-05-25,50-59,f,56299,15872
2021-05-25,50-59,m,58234,15054
2021-05-25,60-69,d,40,27
2021-05-25,60-69,f,50129,25797
2021-05-25,60-69,m,47588,24739
2021-05-25,70-79,d,45,34
2021-05-25,70-79,f,46832,35754
2021-05-25,70-79,m,41458,32020
2021-05-25,80+,d,18,12
2021-05-25,80+,f,35249,30042
2021-05-25,80+,m,24189,20823
2021-05-26,0-19,d,4,1
2021-05-26,0-19,f,3016,898
2021-05-26,0-19,m,1972,464
2021-05-26,20-29,d,30,2
2021-05-26,20-29,f,17247,5463
2021-05-26,20-29,m,13092,3275
2021-05-26,30-39,d,36,13
2021-05-26,30-39,f,23831,8198
2021-05-26,30-39,m,22414,6327
2021-05-26,40-49,d,29,8
2021-05-26,40-49,f,29176,10834
2021-05-26,40-49,m,26580,9193
2021-05-26,50-59,d,78,13
2021-05-26,50-59,f,56772,16595
2021-05-26,50-59,m,58723,15904
2021-05-26,60-69,d,40,28
2021-05-26,60-69,f,50322,27070
2021-05-26,60-69,m,47766,26071
2021-05-26,70-79,d,45,34
2021-05-26,70-79,f,46895,36576
2021-05-26,70-79,m,41511,32834
2021-05-26,80+,d,18,12
2021-05-26,80+,f,35272,30196
2021-05-26,80+,m,24202,20924
2021-05-27,0-19,d,4,1
2021-05-27,0-19,f,3242,929
2021-05-27,0-19,m,2193,475
2021-05-27,20-29,d,35,3
2021-05-27,20-29,f,18424,5700
2021-05-27,20-29,m,14346,3401
2021-05-27,30-39,d,42,14
2021-05-27,30-39,f,25448,8477
2021-05-27,30-39,m,24397,6559
2021-05-27,40-49,d,30,8
2021-05-27,40-49,f,30516,11242
2021-05-27,40-49,m,28149,9580
2021-05-27,50-59,d,80,14
2021-05-27,50-59,f,57147,17234
2021-05-27,50-59,m,59106,16664
2021-05-27,60-69,d,40,28
2021-05-27,60-69,f,50478,28202
2021-05-27,60-69,m,47924,27093
2021-05-27,70-79,d,45,34
2021-05-27,70-79,f,46955,37308
2021-05-27,70-79,m,41564,33455
2021-05-27,80+,d,18,12
2021-05-27,80+,f,35298,30348
2021-05-27,80+,m,24217,21035
2021-05-28,0-19,d,5,1
2021-05-28,0-19,f,3463,959
2021-05-28,0-19,m,2406,501
2021-05-28,20-29,d,40,3
2021-05-28,20-29,f,19483,5944
2021-05-28,20-29,m,15558,3560
2021-05-28,30-39,d,48,15
2021-05-28,30-39,f,27015,8796
2021-05-28,30-39,m,26249,6837
2021-05-28,40-49,d,33,8
2021-05-28,40-49,f,31823,11682
2021-05-28,40-49,m,29628,9976
2021-05-28,50-59,d,82,16
2021-05-28,50-59,f,57470,17967
2021-05-28,50-59,m,59460,17520
2021-05-28,60-69,d,40,29
2021-05-28,60-69,f,50637,29224
2021-05-28,60-69,m,48077,28122
2021-05-28,70-79,d,45,35
2021-05-28,70-79,f,47006,37934
2021-05-28,70-79,m,41600,34023
2021-05-28,80+,d,18,12
2021-05-28,80+,f,35320,30520
2021-05-28,80+,m,24230,21136
2021-05-29,0-19,d,5,1
2021-05-29,0-19,f,3557,963
2021-05-29,0-19,m,2491,504
2021-05-29,20-29,d,43,3
2021-05-29,20-29,f,19856,5961
2021-05-29,20-29,m,15952,3576
2021-05-29,30-39,d,48,15
2021-05-29,30-39,f,27566,8835
2021-05-29,30-39,m,26851,6869
2021-05-29,40-49,d,35,8
2021-05-29,40-49,f,32285,11756
2021-05-29,40-49,m,30120,10049
2021-05-29,50-59,d,82,16
2021-05-29,50-59,f,57629,18091
2021-05-29,50-59,m,59631,17694
2021-05-29,60-69,d,40,29
2021-05-29,60-69,f,50717,29442
2021-05-29,60-69,m,48161,28323
2021-05-29,70-79,d,45,35
2021-05-29,70-79,f,47027,38069
2021-05-29,70-79,m,41612,34153
2021-05-29,80+,d,18,12
2021-05-29,80+,f,35332,30546
2021-05-29,80+,m,24231,21162
2021-05-30,0-19,d,5,1
2021-05-30,0-19,f,3569,963
2021-05-30,0-19,m,2501,504
2021-05-30,20-29,d,43,3
2021-05-30,20-29,f,19915,5962
2021-05-30,20-29,m,16014,3576
2021-05-30,30-39,d,48,15
2021-05-30,30-39,f,27634,8835
2021-05-30,30-39,m,26939,6869
2021-05-30,40-49,d,35,8
2021-05-30,40-49,f,32355,11757
2021-05-30,40-49,m,30186,10049
2021-05-30,50-59,d,82,16
2021-05-30,50-59,f,57666,18092
2021-05-30,50-59,m,59668,17694
2021-05-30,60-69,d,40,29
2021-05-30,60-69,f,50727,29442
2021-05-30,60-69,m,48174,28323
2021-05-30,70-79,d,45,35
2021-05-30,70-79,f,47035,38069
2021-05-30,70-79,m,41616,34153
2021-05-30,80+,d,18,12
2021-05-30,80+,f,35332,30546
2021-05-30,80+,m,24231,21162
2021-05-31,0-19,d,6,1
2021-05-31,0-19,f,3750,1026
2021-05-31,0-19,m,2667,538
2021-05-31,20-29,d,43,4
2021-05-31,20-29,f,21109,6334
2021-05-31,20-29,m,17114,3804
2021-05-31,30-39,d,50,15
2021-05-31,30-39,f,28999,9308
2021-05-31,30-39,m,28624,7166
2021-05-31,40-49,d,38,8
2021-05-31,40-49,f,33419,12364
2021-05-31,40-49,m,31440,10511
2021-05-31,50-59,d,82,17
2021-05-31,50-59,f,57932,19237
2021-05-31,50-59,m,59942,18776
2021-05-31,60-69,d,40,30
2021-05-31,60-69,f,50827,30485
2021-05-31,60-69,m,48287,29252
2021-05-31,70-79,d,45,36
2021-05-31,70-79,f,47071,38636
2021-05-31,70-79,m,41648,34637
2021-05-31,80+,d,18,12
2021-05-31,80+,f,35343,30721
2021-05-31,80+,m,24239,21266
2021-06-01,0-19,d,6,1
2021-06-01,0-19,f,3977,1063
2021-06-01,0-19,m,2882,566
2021-06-01,20-29,d,45,4
2021-06-01,20-29,f,22373,6733
2021-06-01,20-29,m,18448,3999
2021-06-01,30-39,d,52,15
2021-06-01,30-39,f,30692,9819
2021-06-01,30-39,m,30737,7471
2021-06-01,40-49,d,40,9
2021-06-01,40-49,f,34716,13054
2021-06-01,40-49,m,33042,11024
2021-06-01,50-59,d,83,18
2021-06-01,50-59,f,58205,20745
2021-06-01,50-59,m,60264,20345
2021-06-01,60-69,d,41,31
2021-06-01,60-69,f,50981,31791
2021-06-01,60-69,m,48393,30406
2021-06-01,70-79,d,45,36
2021-06-01,70-79,f,47105,39263
2021-06-01,70-79,m,41689,35173
2021-06-01,80+,d,18,14
2021-06-01,80+,f,35367,30908
2021-06-01,80+,m,24252,21381
