date,vaccgroup_zh,ncumul_registered,ncumul_firstvacc,ncumul_secondvacc
NA,A,85610,2,0
NA,B,6615,0,0
NA,C,35915,4,1
NA,D,23388,2,0
NA,E,10886,0,0
NA,F,4399,1,0
NA,G,32324,2,1
NA,H,605,0,0
NA,I,688,0,0
NA,K,692,0,0
NA,L,452,0,0
NA,M,1627,2,0
NA,N,970,1,0
NA,O,30,0,0
NA,P,0,0,0
NA,Q,0,0,0
NA,R,2,0,0
NA,S,0,0,0
NA,T,0,0,0
NA,NA,47,0,0
2021-01-04,A,85610,68,0
2021-01-04,B,6615,0,0
2021-01-04,C,35915,8,1
2021-01-04,D,23388,2,0
2021-01-04,E,10886,0,0
2021-01-04,F,4399,1,0
2021-01-04,G,32324,2,1
2021-01-04,H,605,0,0
2021-01-04,I,688,0,0
2021-01-04,K,692,0,0
2021-01-04,L,452,0,0
2021-01-04,M,1627,9,0
2021-01-04,N,970,4,0
2021-01-04,O,30,0,0
2021-01-04,P,0,0,0
2021-01-04,Q,0,0,0
2021-01-04,R,2,0,0
2021-01-04,S,0,0,0
2021-01-04,T,0,0,0
2021-01-04,NA,47,0,0
2021-01-05,A,85610,298,0
2021-01-05,B,6615,77,0
2021-01-05,C,35915,80,1
2021-01-05,D,23388,2,0
2021-01-05,E,10886,2,0
2021-01-05,F,4399,2,0
2021-01-05,G,32324,4,1
2021-01-05,H,605,0,0
2021-01-05,I,688,0,0
2021-01-05,K,692,0,0
2021-01-05,L,452,0,0
2021-01-05,M,1627,15,0
2021-01-05,N,970,12,0
2021-01-05,O,30,0,0
2021-01-05,P,0,0,0
2021-01-05,Q,0,0,0
2021-01-05,R,2,0,0
2021-01-05,S,0,0,0
2021-01-05,T,0,0,0
2021-01-05,NA,47,0,0
2021-01-06,A,85610,550,0
2021-01-06,B,6615,151,0
2021-01-06,C,35915,139,1
2021-01-06,D,23388,3,0
2021-01-06,E,10886,5,0
2021-01-06,F,4399,5,0
2021-01-06,G,32324,7,1
2021-01-06,H,605,0,0
2021-01-06,I,688,0,0
2021-01-06,K,692,0,0
2021-01-06,L,452,0,0
2021-01-06,M,1627,21,0
2021-01-06,N,970,17,0
2021-01-06,O,30,0,0
2021-01-06,P,0,0,0
2021-01-06,Q,0,0,0
2021-01-06,R,2,0,0
2021-01-06,S,0,0,0
2021-01-06,T,0,0,0
2021-01-06,NA,47,0,0
2021-01-07,A,85610,811,0
2021-01-07,B,6615,214,0
2021-01-07,C,35915,199,1
2021-01-07,D,23388,3,0
2021-01-07,E,10886,6,0
2021-01-07,F,4399,5,0
2021-01-07,G,32324,8,1
2021-01-07,H,605,0,0
2021-01-07,I,688,0,0
2021-01-07,K,692,0,0
2021-01-07,L,452,0,0
2021-01-07,M,1627,30,0
2021-01-07,N,970,21,0
2021-01-07,O,30,0,0
2021-01-07,P,0,0,0
2021-01-07,Q,0,0,0
2021-01-07,R,2,0,0
2021-01-07,S,0,0,0
2021-01-07,T,0,0,0
2021-01-07,NA,47,0,0
2021-01-08,A,85610,1061,0
2021-01-08,B,6615,265,0
2021-01-08,C,35915,274,1
2021-01-08,D,23388,5,0
2021-01-08,E,10886,7,0
2021-01-08,F,4399,6,0
2021-01-08,G,32324,8,1
2021-01-08,H,605,0,0
2021-01-08,I,688,0,0
2021-01-08,K,692,0,0
2021-01-08,L,452,0,0
2021-01-08,M,1627,43,0
2021-01-08,N,970,24,0
2021-01-08,O,30,0,0
2021-01-08,P,0,0,0
2021-01-08,Q,0,0,0
2021-01-08,R,2,0,0
2021-01-08,S,0,0,0
2021-01-08,T,0,0,0
2021-01-08,NA,47,0,0
2021-01-09,A,85610,1234,0
2021-01-09,B,6615,308,0
2021-01-09,C,35915,316,1
2021-01-09,D,23388,7,0
2021-01-09,E,10886,7,0
2021-01-09,F,4399,6,0
2021-01-09,G,32324,13,1
2021-01-09,H,605,0,0
2021-01-09,I,688,0,0
2021-01-09,K,692,0,0
2021-01-09,L,452,0,0
2021-01-09,M,1627,43,0
2021-01-09,N,970,24,0
2021-01-09,O,30,0,0
2021-01-09,P,0,0,0
2021-01-09,Q,0,0,0
2021-01-09,R,2,0,0
2021-01-09,S,0,0,0
2021-01-09,T,0,0,0
2021-01-09,NA,47,0,0
2021-01-10,A,85610,1234,0
2021-01-10,B,6615,308,0
2021-01-10,C,35915,316,1
2021-01-10,D,23388,7,0
2021-01-10,E,10886,7,0
2021-01-10,F,4399,6,0
2021-01-10,G,32324,13,1
2021-01-10,H,605,0,0
2021-01-10,I,688,0,0
2021-01-10,K,692,0,0
2021-01-10,L,452,0,0
2021-01-10,M,1627,43,0
2021-01-10,N,970,24,0
2021-01-10,O,30,0,0
2021-01-10,P,0,0,0
2021-01-10,Q,0,0,0
2021-01-10,R,2,0,0
2021-01-10,S,0,0,0
2021-01-10,T,0,0,0
2021-01-10,NA,47,0,0
2021-01-11,A,85610,1600,0
2021-01-11,B,6615,374,0
2021-01-11,C,35915,404,1
2021-01-11,D,23388,9,0
2021-01-11,E,10886,10,0
2021-01-11,F,4399,7,0
2021-01-11,G,32324,41,1
2021-01-11,H,605,0,0
2021-01-11,I,688,0,0
2021-01-11,K,692,0,0
2021-01-11,L,452,0,0
2021-01-11,M,1627,57,0
2021-01-11,N,970,32,0
2021-01-11,O,30,0,0
2021-01-11,P,0,0,0
2021-01-11,Q,0,0,0
2021-01-11,R,2,0,0
2021-01-11,S,0,0,0
2021-01-11,T,0,0,0
2021-01-11,NA,47,0,0
2021-01-12,A,85610,1968,0
2021-01-12,B,6615,414,0
2021-01-12,C,35915,493,1
2021-01-12,D,23388,14,0
2021-01-12,E,10886,14,0
2021-01-12,F,4399,138,0
2021-01-12,G,32324,42,1
2021-01-12,H,605,0,0
2021-01-12,I,688,0,0
2021-01-12,K,692,0,0
2021-01-12,L,452,0,0
2021-01-12,M,1627,67,0
2021-01-12,N,970,35,0
2021-01-12,O,30,0,0
2021-01-12,P,0,0,0
2021-01-12,Q,0,0,0
2021-01-12,R,2,0,0
2021-01-12,S,0,0,0
2021-01-12,T,0,0,0
2021-01-12,NA,47,0,0
2021-01-13,A,85610,2376,0
2021-01-13,B,6615,443,0
2021-01-13,C,35915,546,1
2021-01-13,D,23388,17,0
2021-01-13,E,10886,21,0
2021-01-13,F,4399,381,0
2021-01-13,G,32324,43,1
2021-01-13,H,605,0,0
2021-01-13,I,688,0,0
2021-01-13,K,692,0,0
2021-01-13,L,452,0,0
2021-01-13,M,1627,83,0
2021-01-13,N,970,40,0
2021-01-13,O,30,0,0
2021-01-13,P,0,0,0
2021-01-13,Q,0,0,0
2021-01-13,R,2,0,0
2021-01-13,S,0,0,0
2021-01-13,T,0,0,0
2021-01-13,NA,47,0,0
2021-01-14,A,85610,2805,0
2021-01-14,B,6615,453,0
2021-01-14,C,35915,584,1
2021-01-14,D,23388,18,0
2021-01-14,E,10886,21,0
2021-01-14,F,4399,589,0
2021-01-14,G,32324,44,1
2021-01-14,H,605,0,0
2021-01-14,I,688,0,0
2021-01-14,K,692,0,0
2021-01-14,L,452,0,0
2021-01-14,M,1627,95,0
2021-01-14,N,970,48,0
2021-01-14,O,30,0,0
2021-01-14,P,0,0,0
2021-01-14,Q,0,0,0
2021-01-14,R,2,0,0
2021-01-14,S,0,0,0
2021-01-14,T,0,0,0
2021-01-14,NA,47,0,0
2021-01-15,A,85610,3234,0
2021-01-15,B,6615,461,0
2021-01-15,C,35915,617,1
2021-01-15,D,23388,21,0
2021-01-15,E,10886,21,0
2021-01-15,F,4399,804,0
2021-01-15,G,32324,44,1
2021-01-15,H,605,0,0
2021-01-15,I,688,0,0
2021-01-15,K,692,0,0
2021-01-15,L,452,0,0
2021-01-15,M,1627,110,0
2021-01-15,N,970,54,0
2021-01-15,O,30,0,0
2021-01-15,P,0,0,0
2021-01-15,Q,0,0,0
2021-01-15,R,2,0,0
2021-01-15,S,0,0,0
2021-01-15,T,0,0,0
2021-01-15,NA,47,0,0
2021-01-16,A,85610,3243,0
2021-01-16,B,6615,465,0
2021-01-16,C,35915,627,1
2021-01-16,D,23388,23,0
2021-01-16,E,10886,23,0
2021-01-16,F,4399,1175,0
2021-01-16,G,32324,46,1
2021-01-16,H,605,0,0
2021-01-16,I,688,0,0
2021-01-16,K,692,0,0
2021-01-16,L,452,0,0
2021-01-16,M,1627,110,0
2021-01-16,N,970,54,0
2021-01-16,O,30,0,0
2021-01-16,P,0,0,0
2021-01-16,Q,0,0,0
2021-01-16,R,2,0,0
2021-01-16,S,0,0,0
2021-01-16,T,0,0,0
2021-01-16,NA,47,0,0
2021-01-17,A,85610,3243,0
2021-01-17,B,6615,465,0
2021-01-17,C,35915,628,1
2021-01-17,D,23388,23,0
2021-01-17,E,10886,23,0
2021-01-17,F,4399,1175,0
2021-01-17,G,32324,46,1
2021-01-17,H,605,0,0
2021-01-17,I,688,0,0
2021-01-17,K,692,0,0
2021-01-17,L,452,0,0
2021-01-17,M,1627,110,0
2021-01-17,N,970,54,0
2021-01-17,O,30,0,0
2021-01-17,P,0,0,0
2021-01-17,Q,0,0,0
2021-01-17,R,2,0,0
2021-01-17,S,0,0,0
2021-01-17,T,0,0,0
2021-01-17,NA,47,0,0
2021-01-18,A,85610,3811,0
2021-01-18,B,6615,545,0
2021-01-18,C,35915,753,1
2021-01-18,D,23388,33,0
2021-01-18,E,10886,26,0
2021-01-18,F,4399,1243,0
2021-01-18,G,32324,200,1
2021-01-18,H,605,0,0
2021-01-18,I,688,0,0
2021-01-18,K,692,0,0
2021-01-18,L,452,0,0
2021-01-18,M,1627,131,0
2021-01-18,N,970,65,0
2021-01-18,O,30,0,0
2021-01-18,P,0,0,0
2021-01-18,Q,0,0,0
2021-01-18,R,2,0,0
2021-01-18,S,0,0,0
2021-01-18,T,0,0,0
2021-01-18,NA,47,0,0
2021-01-19,A,85610,4946,0
2021-01-19,B,6615,700,0
2021-01-19,C,35915,1036,1
2021-01-19,D,23388,133,0
2021-01-19,E,10886,74,0
2021-01-19,F,4399,1389,0
2021-01-19,G,32324,769,1
2021-01-19,H,605,3,0
2021-01-19,I,688,5,0
2021-01-19,K,692,0,0
2021-01-19,L,452,0,0
2021-01-19,M,1627,148,0
2021-01-19,N,970,75,0
2021-01-19,O,30,0,0
2021-01-19,P,0,0,0
2021-01-19,Q,0,0,0
2021-01-19,R,2,0,0
2021-01-19,S,0,0,0
2021-01-19,T,0,0,0
2021-01-19,NA,47,1,0
2021-01-20,A,85610,7542,0
2021-01-20,B,6615,848,0
2021-01-20,C,35915,1611,1
2021-01-20,D,23388,390,0
2021-01-20,E,10886,194,0
2021-01-20,F,4399,1714,0
2021-01-20,G,32324,1506,1
2021-01-20,H,605,7,0
2021-01-20,I,688,7,0
2021-01-20,K,692,5,0
2021-01-20,L,452,2,0
2021-01-20,M,1627,187,0
2021-01-20,N,970,101,0
2021-01-20,O,30,0,0
2021-01-20,P,0,0,0
2021-01-20,Q,0,0,0
2021-01-20,R,2,0,0
2021-01-20,S,0,0,0
2021-01-20,T,0,0,0
2021-01-20,NA,47,1,0
2021-01-21,A,85610,10530,0
2021-01-21,B,6615,973,0
2021-01-21,C,35915,2221,1
2021-01-21,D,23388,666,0
2021-01-21,E,10886,314,0
2021-01-21,F,4399,1789,0
2021-01-21,G,32324,3041,1
2021-01-21,H,605,15,0
2021-01-21,I,688,16,0
2021-01-21,K,692,7,0
2021-01-21,L,452,2,0
2021-01-21,M,1627,225,0
2021-01-21,N,970,120,0
2021-01-21,O,30,0,0
2021-01-21,P,0,0,0
2021-01-21,Q,0,0,0
2021-01-21,R,2,0,0
2021-01-21,S,0,0,0
2021-01-21,T,0,0,0
2021-01-21,NA,47,1,0
2021-01-22,A,85610,12966,0
2021-01-22,B,6615,1057,0
2021-01-22,C,35915,2682,1
2021-01-22,D,23388,900,0
2021-01-22,E,10886,406,0
2021-01-22,F,4399,1894,0
2021-01-22,G,32324,4050,1
2021-01-22,H,605,24,0
2021-01-22,I,688,21,0
2021-01-22,K,692,10,0
2021-01-22,L,452,2,0
2021-01-22,M,1627,278,0
2021-01-22,N,970,138,0
2021-01-22,O,30,0,0
2021-01-22,P,0,0,0
2021-01-22,Q,0,0,0
2021-01-22,R,2,0,0
2021-01-22,S,0,0,0
2021-01-22,T,0,0,0
2021-01-22,NA,47,3,0
2021-01-23,A,85610,13683,0
2021-01-23,B,6615,1060,0
2021-01-23,C,35915,2809,1
2021-01-23,D,23388,1038,0
2021-01-23,E,10886,457,0
2021-01-23,F,4399,1895,0
2021-01-23,G,32324,4170,1
2021-01-23,H,605,31,0
2021-01-23,I,688,26,0
2021-01-23,K,692,10,0
2021-01-23,L,452,2,0
2021-01-23,M,1627,278,0
2021-01-23,N,970,138,0
2021-01-23,O,30,1,0
2021-01-23,P,0,0,0
2021-01-23,Q,0,0,0
2021-01-23,R,2,0,0
2021-01-23,S,0,0,0
2021-01-23,T,0,0,0
2021-01-23,NA,47,3,0
2021-01-24,A,85610,13701,0
2021-01-24,B,6615,1060,0
2021-01-24,C,35915,2812,1
2021-01-24,D,23388,1040,0
2021-01-24,E,10886,457,0
2021-01-24,F,4399,1896,0
2021-01-24,G,32324,4172,1
2021-01-24,H,605,31,0
2021-01-24,I,688,26,0
2021-01-24,K,692,10,0
2021-01-24,L,452,2,0
2021-01-24,M,1627,278,0
2021-01-24,N,970,138,0
2021-01-24,O,30,1,0
2021-01-24,P,0,0,0
2021-01-24,Q,0,0,0
2021-01-24,R,2,0,0
2021-01-24,S,0,0,0
2021-01-24,T,0,0,0
2021-01-24,NA,47,3,0
2021-01-25,A,85610,14975,1
2021-01-25,B,6615,1077,0
2021-01-25,C,35915,3079,2
2021-01-25,D,23388,1142,0
2021-01-25,E,10886,491,0
2021-01-25,F,4399,1910,0
2021-01-25,G,32324,4215,1
2021-01-25,H,605,31,0
2021-01-25,I,688,27,0
2021-01-25,K,692,10,0
2021-01-25,L,452,2,0
2021-01-25,M,1627,312,0
2021-01-25,N,970,156,0
2021-01-25,O,30,1,0
2021-01-25,P,0,0,0
2021-01-25,Q,0,0,0
2021-01-25,R,2,0,0
2021-01-25,S,0,0,0
2021-01-25,T,0,0,0
2021-01-25,NA,47,3,0
2021-01-26,A,85610,16971,78
2021-01-26,B,6615,1128,75
2021-01-26,C,35915,3489,60
2021-01-26,D,23388,1388,0
2021-01-26,E,10886,654,0
2021-01-26,F,4399,1921,1
2021-01-26,G,32324,4532,3
2021-01-26,H,605,42,0
2021-01-26,I,688,33,0
2021-01-26,K,692,18,0
2021-01-26,L,452,12,0
2021-01-26,M,1627,345,0
2021-01-26,N,970,163,0
2021-01-26,O,30,1,0
2021-01-26,P,0,0,0
2021-01-26,Q,0,0,0
2021-01-26,R,2,0,0
2021-01-26,S,0,0,0
2021-01-26,T,0,0,0
2021-01-26,NA,47,3,0
2021-01-27,A,85610,19804,146
2021-01-27,B,6615,1178,143
2021-01-27,C,35915,4180,109
2021-01-27,D,23388,1793,1
2021-01-27,E,10886,861,1
2021-01-27,F,4399,1936,3
2021-01-27,G,32324,5219,5
2021-01-27,H,605,46,0
2021-01-27,I,688,38,0
2021-01-27,K,692,39,0
2021-01-27,L,452,22,0
2021-01-27,M,1627,412,0
2021-01-27,N,970,215,0
2021-01-27,O,30,1,0
2021-01-27,P,0,0,0
2021-01-27,Q,0,0,0
2021-01-27,R,2,0,0
2021-01-27,S,0,0,0
2021-01-27,T,0,0,0
2021-01-27,NA,47,4,0
2021-01-28,A,85610,22490,245
2021-01-28,B,6615,1189,205
2021-01-28,C,35915,4766,158
2021-01-28,D,23388,2089,1
2021-01-28,E,10886,1036,1
2021-01-28,F,4399,1966,4
2021-01-28,G,32324,6390,6
2021-01-28,H,605,73,0
2021-01-28,I,688,69,0
2021-01-28,K,692,51,0
2021-01-28,L,452,28,0
2021-01-28,M,1627,427,1
2021-01-28,N,970,229,0
2021-01-28,O,30,2,0
2021-01-28,P,0,0,0
2021-01-28,Q,0,0,0
2021-01-28,R,2,1,0
2021-01-28,S,0,0,0
2021-01-28,T,0,0,0
2021-01-28,NA,47,6,0
2021-01-29,A,85610,25219,344
2021-01-29,B,6615,1237,255
2021-01-29,C,35915,5443,215
2021-01-29,D,23388,2402,3
2021-01-29,E,10886,1157,2
2021-01-29,F,4399,1982,5
2021-01-29,G,32324,7368,6
2021-01-29,H,605,129,0
2021-01-29,I,688,126,0
2021-01-29,K,692,59,0
2021-01-29,L,452,35,0
2021-01-29,M,1627,441,1
2021-01-29,N,970,238,4
2021-01-29,O,30,3,0
2021-01-29,P,0,0,0
2021-01-29,Q,0,0,0
2021-01-29,R,2,1,0
2021-01-29,S,0,0,0
2021-01-29,T,0,0,0
2021-01-29,NA,47,8,0
2021-01-30,A,85610,25950,512
2021-01-30,B,6615,1239,298
2021-01-30,C,35915,5650,256
2021-01-30,D,23388,2501,4
2021-01-30,E,10886,1198,2
2021-01-30,F,4399,2001,5
2021-01-30,G,32324,7437,11
2021-01-30,H,605,130,0
2021-01-30,I,688,126,0
2021-01-30,K,692,59,0
2021-01-30,L,452,35,0
2021-01-30,M,1627,442,1
2021-01-30,N,970,238,4
2021-01-30,O,30,3,0
2021-01-30,P,0,0,0
2021-01-30,Q,0,0,0
2021-01-30,R,2,1,0
2021-01-30,S,0,0,0
2021-01-30,T,0,0,0
2021-01-30,NA,47,8,0
2021-01-31,A,85610,25976,512
2021-01-31,B,6615,1239,298
2021-01-31,C,35915,5666,256
2021-01-31,D,23388,2505,4
2021-01-31,E,10886,1203,2
2021-01-31,F,4399,2001,5
2021-01-31,G,32324,7448,11
2021-01-31,H,605,130,0
2021-01-31,I,688,126,0
2021-01-31,K,692,59,0
2021-01-31,L,452,35,0
2021-01-31,M,1627,442,1
2021-01-31,N,970,238,4
2021-01-31,O,30,3,0
2021-01-31,P,0,0,0
2021-01-31,Q,0,0,0
2021-01-31,R,2,1,0
2021-01-31,S,0,0,0
2021-01-31,T,0,0,0
2021-01-31,NA,47,8,0
2021-02-01,A,85610,27268,629
2021-02-01,B,6615,1243,361
2021-02-01,C,35915,5932,315
2021-02-01,D,23388,2639,6
2021-02-01,E,10886,1272,4
2021-02-01,F,4399,2004,5
2021-02-01,G,32324,7575,14
2021-02-01,H,605,150,0
2021-02-01,I,688,157,0
2021-02-01,K,692,72,0
2021-02-01,L,452,38,0
2021-02-01,M,1627,450,2
2021-02-01,N,970,248,6
2021-02-01,O,30,3,0
2021-02-01,P,0,0,0
2021-02-01,Q,0,0,0
2021-02-01,R,2,1,0
2021-02-01,S,0,0,0
2021-02-01,T,0,0,0
2021-02-01,NA,47,8,0
2021-02-02,A,85610,28590,810
2021-02-02,B,6615,1245,399
2021-02-02,C,35915,6238,388
2021-02-02,D,23388,2858,9
2021-02-02,E,10886,1355,6
2021-02-02,F,4399,2007,10
2021-02-02,G,32324,7678,16
2021-02-02,H,605,150,0
2021-02-02,I,688,157,0
2021-02-02,K,692,93,0
2021-02-02,L,452,76,0
2021-02-02,M,1627,456,5
2021-02-02,N,970,256,9
2021-02-02,O,30,3,0
2021-02-02,P,0,0,0
2021-02-02,Q,0,0,0
2021-02-02,R,2,1,0
2021-02-02,S,0,0,0
2021-02-02,T,0,0,0
2021-02-02,NA,47,8,0
2021-02-03,A,85610,29924,1086
2021-02-03,B,6615,1245,430
2021-02-03,C,35915,6584,437
2021-02-03,D,23388,3023,12
2021-02-03,E,10886,1419,13
2021-02-03,F,4399,2008,25
2021-02-03,G,32324,7788,43
2021-02-03,H,605,151,0
2021-02-03,I,688,157,0
2021-02-03,K,692,93,0
2021-02-03,L,452,78,0
2021-02-03,M,1627,457,9
2021-02-03,N,970,258,12
2021-02-03,O,30,3,0
2021-02-03,P,0,0,0
2021-02-03,Q,0,0,0
2021-02-03,R,2,1,0
2021-02-03,S,0,0,0
2021-02-03,T,0,0,0
2021-02-03,NA,47,9,0
2021-02-04,A,85610,30988,1373
2021-02-04,B,6615,1248,437
2021-02-04,C,35915,6851,457
2021-02-04,D,23388,3293,13
2021-02-04,E,10886,1634,14
2021-02-04,F,4399,2008,38
2021-02-04,G,32324,7952,43
2021-02-04,H,605,151,0
2021-02-04,I,688,157,0
2021-02-04,K,692,93,0
2021-02-04,L,452,78,0
2021-02-04,M,1627,461,14
2021-02-04,N,970,264,13
2021-02-04,O,30,5,0
2021-02-04,P,0,0,0
2021-02-04,Q,0,0,0
2021-02-04,R,2,1,0
2021-02-04,S,0,0,0
2021-02-04,T,0,0,0
2021-02-04,NA,47,10,0
2021-02-05,A,85610,32144,1644
2021-02-05,B,6615,1250,445
2021-02-05,C,35915,7210,485
2021-02-05,D,23388,3548,14
2021-02-05,E,10886,1781,14
2021-02-05,F,4399,2058,67
2021-02-05,G,32324,8194,43
2021-02-05,H,605,159,0
2021-02-05,I,688,161,0
2021-02-05,K,692,95,0
2021-02-05,L,452,78,0
2021-02-05,M,1627,472,15
2021-02-05,N,970,271,15
2021-02-05,O,30,5,0
2021-02-05,P,0,0,0
2021-02-05,Q,0,0,0
2021-02-05,R,2,1,0
2021-02-05,S,0,0,0
2021-02-05,T,0,0,0
2021-02-05,NA,47,11,0
2021-02-06,A,85610,32365,1644
2021-02-06,B,6615,1250,445
2021-02-06,C,35915,7317,485
2021-02-06,D,23388,3582,14
2021-02-06,E,10886,1795,14
2021-02-06,F,4399,2058,67
2021-02-06,G,32324,8272,43
2021-02-06,H,605,159,0
2021-02-06,I,688,164,0
2021-02-06,K,692,95,0
2021-02-06,L,452,78,0
2021-02-06,M,1627,472,15
2021-02-06,N,970,271,15
2021-02-06,O,30,5,0
2021-02-06,P,0,0,0
2021-02-06,Q,0,0,0
2021-02-06,R,2,1,0
2021-02-06,S,0,0,0
2021-02-06,T,0,0,0
2021-02-06,NA,47,11,0
2021-02-07,A,85610,32380,1644
2021-02-07,B,6615,1250,445
2021-02-07,C,35915,7326,485
2021-02-07,D,23388,3590,14
2021-02-07,E,10886,1839,14
2021-02-07,F,4399,2058,67
2021-02-07,G,32324,8309,43
2021-02-07,H,605,159,0
2021-02-07,I,688,164,0
2021-02-07,K,692,95,0
2021-02-07,L,452,78,0
2021-02-07,M,1627,472,15
2021-02-07,N,970,271,15
2021-02-07,O,30,5,0
2021-02-07,P,0,0,0
2021-02-07,Q,0,0,0
2021-02-07,R,2,1,0
2021-02-07,S,0,0,0
2021-02-07,T,0,0,0
2021-02-07,NA,47,11,0
2021-02-08,A,85610,32954,2001
2021-02-08,B,6615,1251,486
2021-02-08,C,35915,7438,532
2021-02-08,D,23388,3681,18
2021-02-08,E,10886,1876,15
2021-02-08,F,4399,2058,102
2021-02-08,G,32324,8335,107
2021-02-08,H,605,159,0
2021-02-08,I,688,164,0
2021-02-08,K,692,101,0
2021-02-08,L,452,97,0
2021-02-08,M,1627,478,28
2021-02-08,N,970,277,18
2021-02-08,O,30,5,0
2021-02-08,P,0,0,0
2021-02-08,Q,0,0,0
2021-02-08,R,2,1,0
2021-02-08,S,0,0,0
2021-02-08,T,0,0,0
2021-02-08,NA,47,11,0
2021-02-09,A,85610,34323,2464
2021-02-09,B,6615,1258,580
2021-02-09,C,35915,7730,653
2021-02-09,D,23388,3936,73
2021-02-09,E,10886,2108,38
2021-02-09,F,4399,2060,287
2021-02-09,G,32324,8909,459
2021-02-09,H,605,166,2
2021-02-09,I,688,170,3
2021-02-09,K,692,122,0
2021-02-09,L,452,138,0
2021-02-09,M,1627,480,42
2021-02-09,N,970,279,26
2021-02-09,O,30,6,0
2021-02-09,P,0,0,0
2021-02-09,Q,0,0,0
2021-02-09,R,2,1,0
2021-02-09,S,0,0,0
2021-02-09,T,0,0,0
2021-02-09,NA,47,13,1
2021-02-10,A,85610,36512,2945
2021-02-10,B,6615,1279,660
2021-02-10,C,35915,8199,767
2021-02-10,D,23388,4328,135
2021-02-10,E,10886,2511,81
2021-02-10,F,4399,2070,612
2021-02-10,G,32324,10562,765
2021-02-10,H,605,228,5
2021-02-10,I,688,291,5
2021-02-10,K,692,132,0
2021-02-10,L,452,145,0
2021-02-10,M,1627,483,51
2021-02-10,N,970,281,32
2021-02-10,O,30,8,0
2021-02-10,P,0,0,0
2021-02-10,Q,0,0,0
2021-02-10,R,2,1,0
2021-02-10,S,0,0,0
2021-02-10,T,0,0,0
2021-02-10,NA,47,15,1
2021-02-11,A,85610,39118,3450
2021-02-11,B,6615,1286,737
2021-02-11,C,35915,8718,876
2021-02-11,D,23388,4595,212
2021-02-11,E,10886,2692,129
2021-02-11,F,4399,2188,901
2021-02-11,G,32324,11806,1408
2021-02-11,H,605,304,7
2021-02-11,I,688,350,6
2021-02-11,K,692,190,0
2021-02-11,L,452,167,0
2021-02-11,M,1627,486,64
2021-02-11,N,970,287,35
2021-02-11,O,30,9,0
2021-02-11,P,0,0,0
2021-02-11,Q,0,0,0
2021-02-11,R,2,2,0
2021-02-11,S,0,0,0
2021-02-11,T,0,0,0
2021-02-11,NA,47,17,1
2021-02-12,A,85610,41418,3976
2021-02-12,B,6615,1290,783
2021-02-12,C,35915,9180,960
2021-02-12,D,23388,4899,264
2021-02-12,E,10886,2917,169
2021-02-12,F,4399,2232,1176
2021-02-12,G,32324,12789,1823
2021-02-12,H,605,383,8
2021-02-12,I,688,466,8
2021-02-12,K,692,217,0
2021-02-12,L,452,181,0
2021-02-12,M,1627,499,81
2021-02-12,N,970,289,45
2021-02-12,O,30,9,0
2021-02-12,P,0,0,0
2021-02-12,Q,0,0,0
2021-02-12,R,2,2,0
2021-02-12,S,0,0,0
2021-02-12,T,0,0,0
2021-02-12,NA,47,19,1
2021-02-13,A,85610,42208,3978
2021-02-13,B,6615,1292,785
2021-02-13,C,35915,9289,969
2021-02-13,D,23388,4944,265
2021-02-13,E,10886,2933,170
2021-02-13,F,4399,2235,1521
2021-02-13,G,32324,13201,1823
2021-02-13,H,605,397,8
2021-02-13,I,688,475,8
2021-02-13,K,692,229,0
2021-02-13,L,452,183,0
2021-02-13,M,1627,499,81
2021-02-13,N,970,289,45
2021-02-13,O,30,10,0
2021-02-13,P,0,0,0
2021-02-13,Q,0,0,0
2021-02-13,R,2,2,0
2021-02-13,S,0,0,0
2021-02-13,T,0,0,0
2021-02-13,NA,47,22,1
2021-02-14,A,85610,42210,3978
2021-02-14,B,6615,1293,785
2021-02-14,C,35915,9289,969
2021-02-14,D,23388,4945,266
2021-02-14,E,10886,2933,170
2021-02-14,F,4399,2235,1521
2021-02-14,G,32324,13201,1823
2021-02-14,H,605,397,8
2021-02-14,I,688,475,8
2021-02-14,K,692,229,0
2021-02-14,L,452,183,0
2021-02-14,M,1627,499,81
2021-02-14,N,970,289,45
2021-02-14,O,30,10,0
2021-02-14,P,0,0,0
2021-02-14,Q,0,0,0
2021-02-14,R,2,2,0
2021-02-14,S,0,0,0
2021-02-14,T,0,0,0
2021-02-14,NA,47,22,1
2021-02-15,A,85610,42824,4610
2021-02-15,B,6615,1294,843
2021-02-15,C,35915,9417,1072
2021-02-15,D,23388,5006,268
2021-02-15,E,10886,2940,171
2021-02-15,F,4399,2241,1576
2021-02-15,G,32324,13348,1823
2021-02-15,H,605,412,8
2021-02-15,I,688,483,8
2021-02-15,K,692,230,0
2021-02-15,L,452,184,0
2021-02-15,M,1627,503,103
2021-02-15,N,970,303,57
2021-02-15,O,30,10,0
2021-02-15,P,0,0,0
2021-02-15,Q,0,0,0
2021-02-15,R,2,2,0
2021-02-15,S,0,0,0
2021-02-15,T,0,0,0
2021-02-15,NA,47,22,1
2021-02-16,A,85610,43433,5476
2021-02-16,B,6615,1302,934
2021-02-16,C,35915,9596,1226
2021-02-16,D,23388,5269,298
2021-02-16,E,10886,3114,186
2021-02-16,F,4399,2314,1611
2021-02-16,G,32324,13756,1831
2021-02-16,H,605,430,8
2021-02-16,I,688,487,8
2021-02-16,K,692,332,0
2021-02-16,L,452,265,0
2021-02-16,M,1627,507,118
2021-02-16,N,970,305,67
2021-02-16,O,30,11,0
2021-02-16,P,0,0,0
2021-02-16,Q,0,0,0
2021-02-16,R,2,2,0
2021-02-16,S,0,0,0
2021-02-16,T,0,0,0
2021-02-16,NA,47,22,1
2021-02-17,A,85610,44040,7265
2021-02-17,B,6615,1320,1051
2021-02-17,C,35915,9763,1637
2021-02-17,D,23388,5377,453
2021-02-17,E,10886,3151,252
2021-02-17,F,4399,2375,1812
2021-02-17,G,32324,13863,1872
2021-02-17,H,605,435,8
2021-02-17,I,688,496,9
2021-02-17,K,692,332,0
2021-02-17,L,452,267,0
2021-02-17,M,1627,535,140
2021-02-17,N,970,328,83
2021-02-17,O,30,11,0
2021-02-17,P,0,0,0
2021-02-17,Q,0,0,0
2021-02-17,R,2,2,0
2021-02-17,S,0,0,0
2021-02-17,T,0,0,0
2021-02-17,NA,47,22,1
2021-02-18,A,85610,44506,9479
2021-02-18,B,6615,1334,1110
2021-02-18,C,35915,9914,2009
2021-02-18,D,23388,5440,614
2021-02-18,E,10886,3172,305
2021-02-18,F,4399,2426,1848
2021-02-18,G,32324,13988,2033
2021-02-18,H,605,447,9
2021-02-18,I,688,504,9
2021-02-18,K,692,332,0
2021-02-18,L,452,267,0
2021-02-18,M,1627,535,168
2021-02-18,N,970,333,100
2021-02-18,O,30,11,0
2021-02-18,P,0,0,0
2021-02-18,Q,0,0,0
2021-02-18,R,2,2,0
2021-02-18,S,0,0,0
2021-02-18,T,0,0,0
2021-02-18,NA,47,22,1
2021-02-19,A,85610,44729,11476
2021-02-19,B,6615,1354,1196
2021-02-19,C,35915,9995,2398
2021-02-19,D,23388,5489,758
2021-02-19,E,10886,3192,351
2021-02-19,F,4399,2473,1912
2021-02-19,G,32324,14006,2075
2021-02-19,H,605,447,9
2021-02-19,I,688,504,9
2021-02-19,K,692,332,0
2021-02-19,L,452,267,0
2021-02-19,M,1627,539,205
2021-02-19,N,970,333,117
2021-02-19,O,30,11,0
2021-02-19,P,0,0,0
2021-02-19,Q,0,0,0
2021-02-19,R,2,2,0
2021-02-19,S,0,0,0
2021-02-19,T,0,0,0
2021-02-19,NA,47,22,1
2021-02-20,A,85610,44745,12227
2021-02-20,B,6615,1354,1199
2021-02-20,C,35915,10014,2520
2021-02-20,D,23388,5493,882
2021-02-20,E,10886,3197,398
2021-02-20,F,4399,2473,1912
2021-02-20,G,32324,14013,2099
2021-02-20,H,605,447,9
2021-02-20,I,688,504,9
2021-02-20,K,692,333,0
2021-02-20,L,452,267,0
2021-02-20,M,1627,539,205
2021-02-20,N,970,333,117
2021-02-20,O,30,11,0
2021-02-20,P,0,0,0
2021-02-20,Q,0,0,0
2021-02-20,R,2,2,0
2021-02-20,S,0,0,0
2021-02-20,T,0,0,0
2021-02-20,NA,47,22,1
2021-02-21,A,85610,44748,12243
2021-02-21,B,6615,1354,1199
2021-02-21,C,35915,10014,2522
2021-02-21,D,23388,5493,884
2021-02-21,E,10886,3197,398
2021-02-21,F,4399,2474,1912
2021-02-21,G,32324,14014,2099
2021-02-21,H,605,447,9
2021-02-21,I,688,504,9
2021-02-21,K,692,333,0
2021-02-21,L,452,267,0
2021-02-21,M,1627,539,205
2021-02-21,N,970,333,117
2021-02-21,O,30,11,0
2021-02-21,P,0,0,0
2021-02-21,Q,0,0,0
2021-02-21,R,2,2,0
2021-02-21,S,0,0,0
2021-02-21,T,0,0,0
2021-02-21,NA,47,22,1
2021-02-22,A,85610,44979,13300
2021-02-22,B,6615,1354,1203
2021-02-22,C,35915,10052,2730
2021-02-22,D,23388,5507,979
2021-02-22,E,10886,3201,430
2021-02-22,F,4399,2475,1913
2021-02-22,G,32324,14028,2120
2021-02-22,H,605,447,9
2021-02-22,I,688,504,9
2021-02-22,K,692,333,0
2021-02-22,L,452,267,0
2021-02-22,M,1627,558,253
2021-02-22,N,970,343,133
2021-02-22,O,30,11,0
2021-02-22,P,0,0,0
2021-02-22,Q,0,0,0
2021-02-22,R,2,2,0
2021-02-22,S,0,0,0
2021-02-22,T,0,0,0
2021-02-22,NA,47,22,1
2021-02-23,A,85610,45259,15010
2021-02-23,B,6615,1354,1204
2021-02-23,C,35915,10117,3054
2021-02-23,D,23388,5527,1112
2021-02-23,E,10886,3213,468
2021-02-23,F,4399,2476,1913
2021-02-23,G,32324,14089,2210
2021-02-23,H,605,447,9
2021-02-23,I,688,504,9
2021-02-23,K,692,334,0
2021-02-23,L,452,267,0
2021-02-23,M,1627,580,294
2021-02-23,N,970,348,152
2021-02-23,O,30,11,0
2021-02-23,P,0,0,0
2021-02-23,Q,0,0,0
2021-02-23,R,2,2,0
2021-02-23,S,0,0,0
2021-02-23,T,0,0,0
2021-02-23,NA,47,23,1
2021-02-24,A,85610,45596,17173
2021-02-24,B,6615,1355,1205
2021-02-24,C,35915,10183,3531
2021-02-24,D,23388,5556,1300
2021-02-24,E,10886,3221,532
2021-02-24,F,4399,2479,1914
2021-02-24,G,32324,14140,2546
2021-02-24,H,605,448,12
2021-02-24,I,688,504,9
2021-02-24,K,692,336,5
2021-02-24,L,452,267,2
2021-02-24,M,1627,606,335
2021-02-24,N,970,362,160
2021-02-24,O,30,11,0
2021-02-24,P,0,0,0
2021-02-24,Q,0,0,0
2021-02-24,R,2,2,0
2021-02-24,S,0,0,0
2021-02-24,T,0,0,0
2021-02-24,NA,47,23,1
2021-02-25,A,85610,45929,19531
2021-02-25,B,6615,1355,1208
2021-02-25,C,35915,10275,4040
2021-02-25,D,23388,5592,1497
2021-02-25,E,10886,3235,589
2021-02-25,F,4399,2482,1919
2021-02-25,G,32324,14240,3468
2021-02-25,H,605,450,17
2021-02-25,I,688,504,15
2021-02-25,K,692,336,6
2021-02-25,L,452,267,2
2021-02-25,M,1627,623,357
2021-02-25,N,970,376,171
2021-02-25,O,30,11,0
2021-02-25,P,0,0,0
2021-02-25,Q,0,0,0
2021-02-25,R,2,2,0
2021-02-25,S,0,0,0
2021-02-25,T,0,0,0
2021-02-25,NA,47,24,1
2021-02-26,A,85610,46185,21410
2021-02-26,B,6615,1355,1210
2021-02-26,C,35915,10342,4508
2021-02-26,D,23388,5604,1728
2021-02-26,E,10886,3238,650
2021-02-26,F,4399,2513,1921
2021-02-26,G,32324,14489,4150
2021-02-26,H,605,451,25
2021-02-26,I,688,504,19
2021-02-26,K,692,384,9
2021-02-26,L,452,318,2
2021-02-26,M,1627,645,369
2021-02-26,N,970,395,177
2021-02-26,O,30,11,0
2021-02-26,P,0,0,0
2021-02-26,Q,0,0,0
2021-02-26,R,2,2,0
2021-02-26,S,0,0,0
2021-02-26,T,0,0,0
2021-02-26,NA,47,24,3
2021-02-27,A,85610,46250,22040
2021-02-27,B,6615,1355,1210
2021-02-27,C,35915,10371,4699
2021-02-27,D,23388,5646,1822
2021-02-27,E,10886,3300,698
2021-02-27,F,4399,2514,1921
2021-02-27,G,32324,14602,4284
2021-02-27,H,605,451,37
2021-02-27,I,688,504,25
2021-02-27,K,692,385,11
2021-02-27,L,452,319,3
2021-02-27,M,1627,645,369
2021-02-27,N,970,395,177
2021-02-27,O,30,11,0
2021-02-27,P,0,0,0
2021-02-27,Q,0,0,0
2021-02-27,R,2,2,0
2021-02-27,S,0,0,0
2021-02-27,T,0,0,0
2021-02-27,NA,47,24,3
2021-02-28,A,85610,46252,22054
2021-02-28,B,6615,1355,1210
2021-02-28,C,35915,10371,4702
2021-02-28,D,23388,5646,1824
2021-02-28,E,10886,3300,699
2021-02-28,F,4399,2514,1921
2021-02-28,G,32324,14610,4286
2021-02-28,H,605,451,37
2021-02-28,I,688,504,25
2021-02-28,K,692,385,11
2021-02-28,L,452,319,3
2021-02-28,M,1627,645,369
2021-02-28,N,970,395,177
2021-02-28,O,30,11,0
2021-02-28,P,0,0,0
2021-02-28,Q,0,0,0
2021-02-28,R,2,2,0
2021-02-28,S,0,0,0
2021-02-28,T,0,0,0
2021-02-28,NA,47,24,3
2021-03-01,A,85610,46415,23219
2021-03-01,B,6615,1356,1213
2021-03-01,C,35915,10406,4923
2021-03-01,D,23388,5654,1931
2021-03-01,E,10886,3302,741
2021-03-01,F,4399,2516,1921
2021-03-01,G,32324,14615,4340
2021-03-01,H,605,451,37
2021-03-01,I,688,504,25
2021-03-01,K,692,385,12
2021-03-01,L,452,319,3
2021-03-01,M,1627,683,386
2021-03-01,N,970,409,188
2021-03-01,O,30,11,0
2021-03-01,P,0,0,0
2021-03-01,Q,0,0,0
2021-03-01,R,2,2,0
2021-03-01,S,0,0,0
2021-03-01,T,0,0,0
2021-03-01,NA,47,24,3
2021-03-02,A,85610,46631,24780
2021-03-02,B,6615,1360,1216
2021-03-02,C,35915,10477,5248
2021-03-02,D,23388,5669,2204
2021-03-02,E,10886,3311,903
2021-03-02,F,4399,2517,1922
2021-03-02,G,32324,14725,4667
2021-03-02,H,605,453,45
2021-03-02,I,688,506,29
2021-03-02,K,692,388,69
2021-03-02,L,452,322,64
2021-03-02,M,1627,705,393
2021-03-02,N,970,416,194
2021-03-02,O,30,11,0
2021-03-02,P,0,0,0
2021-03-02,Q,0,0,0
2021-03-02,R,2,2,0
2021-03-02,S,0,0,0
2021-03-02,T,0,0,0
2021-03-02,NA,47,25,3
2021-03-03,A,85610,47040,26990
2021-03-03,B,6615,1362,1218
2021-03-03,C,35915,10569,5838
2021-03-03,D,23388,5719,2583
2021-03-03,E,10886,3345,1105
2021-03-03,F,4399,2743,1930
2021-03-03,G,32324,14830,5431
2021-03-03,H,605,456,53
2021-03-03,I,688,509,35
2021-03-03,K,692,388,90
2021-03-03,L,452,325,75
2021-03-03,M,1627,744,450
2021-03-03,N,970,438,245
2021-03-03,O,30,12,0
2021-03-03,P,0,0,0
2021-03-03,Q,0,0,0
2021-03-03,R,2,3,0
2021-03-03,S,0,0,0
2021-03-03,T,0,0,0
2021-03-03,NA,47,25,4
2021-03-04,A,85610,47375,28719
2021-03-04,B,6615,1364,1219
2021-03-04,C,35915,10669,6268
2021-03-04,D,23388,5786,2855
2021-03-04,E,10886,3376,1295
2021-03-04,F,4399,3183,1960
2021-03-04,G,32324,15049,6547
2021-03-04,H,605,464,82
2021-03-04,I,688,514,73
2021-03-04,K,692,388,101
2021-03-04,L,452,325,83
2021-03-04,M,1627,760,460
2021-03-04,N,970,453,258
2021-03-04,O,30,12,1
2021-03-04,P,0,0,0
2021-03-04,Q,0,0,0
2021-03-04,R,2,3,1
2021-03-04,S,0,0,0
2021-03-04,T,0,0,0
2021-03-04,NA,47,25,6
2021-03-05,A,85610,47706,30517
2021-03-05,B,6615,1368,1224
2021-03-05,C,35915,10783,6752
2021-03-05,D,23388,5813,3123
2021-03-05,E,10886,3393,1417
2021-03-05,F,4399,3630,1965
2021-03-05,G,32324,15329,7456
2021-03-05,H,605,468,129
2021-03-05,I,688,523,124
2021-03-05,K,692,389,108
2021-03-05,L,452,325,86
2021-03-05,M,1627,784,460
2021-03-05,N,970,469,264
2021-03-05,O,30,12,3
2021-03-05,P,0,0,0
2021-03-05,Q,0,0,0
2021-03-05,R,2,3,1
2021-03-05,S,0,0,0
2021-03-05,T,0,0,0
2021-03-05,NA,47,25,8
2021-03-06,A,85610,47736,30733
2021-03-06,B,6615,1368,1225
2021-03-06,C,35915,10792,6855
2021-03-06,D,23388,5817,3167
2021-03-06,E,10886,3401,1430
2021-03-06,F,4399,3630,1965
2021-03-06,G,32324,15340,7520
2021-03-06,H,605,468,129
2021-03-06,I,688,523,124
2021-03-06,K,692,389,109
2021-03-06,L,452,325,86
2021-03-06,M,1627,784,460
2021-03-06,N,970,469,264
2021-03-06,O,30,12,3
2021-03-06,P,0,0,0
2021-03-06,Q,0,0,0
2021-03-06,R,2,3,1
2021-03-06,S,0,0,0
2021-03-06,T,0,0,0
2021-03-06,NA,47,25,8
2021-03-07,A,85610,47737,30742
2021-03-07,B,6615,1368,1225
2021-03-07,C,35915,10792,6865
2021-03-07,D,23388,5818,3170
2021-03-07,E,10886,3401,1430
2021-03-07,F,4399,3630,1965
2021-03-07,G,32324,15346,7526
2021-03-07,H,605,468,129
2021-03-07,I,688,523,124
2021-03-07,K,692,389,109
2021-03-07,L,452,325,86
2021-03-07,M,1627,784,460
2021-03-07,N,970,469,264
2021-03-07,O,30,12,3
2021-03-07,P,0,0,0
2021-03-07,Q,0,0,0
2021-03-07,R,2,3,1
2021-03-07,S,0,0,0
2021-03-07,T,0,0,0
2021-03-07,NA,47,25,8
2021-03-08,A,85610,48505,31602
2021-03-08,B,6615,1547,1228
2021-03-08,C,35915,10974,7052
2021-03-08,D,23388,5863,3290
2021-03-08,E,10886,3417,1497
2021-03-08,F,4399,3760,1965
2021-03-08,G,32324,15650,7647
2021-03-08,H,605,476,145
2021-03-08,I,688,526,141
2021-03-08,K,692,389,121
2021-03-08,L,452,325,88
2021-03-08,M,1627,813,469
2021-03-08,N,970,487,266
2021-03-08,O,30,12,3
2021-03-08,P,0,0,0
2021-03-08,Q,0,0,0
2021-03-08,R,2,3,1
2021-03-08,S,0,0,0
2021-03-08,T,0,0,0
2021-03-08,NA,47,26,8
2021-03-09,A,85610,49201,32390
2021-03-09,B,6615,1894,1234
2021-03-09,C,35915,11279,7263
2021-03-09,D,23388,5997,3436
2021-03-09,E,10886,3500,1565
2021-03-09,F,4399,4023,1972
2021-03-09,G,32324,16630,7757
2021-03-09,H,605,480,146
2021-03-09,I,688,531,141
2021-03-09,K,692,389,144
2021-03-09,L,452,325,127
2021-03-09,M,1627,846,471
2021-03-09,N,970,503,270
2021-03-09,O,30,12,3
2021-03-09,P,0,0,0
2021-03-09,Q,0,0,0
2021-03-09,R,2,3,1
2021-03-09,S,0,0,0
2021-03-09,T,0,0,0
2021-03-09,NA,47,26,8
2021-03-10,A,85610,50101,33260
2021-03-10,B,6615,2221,1240
2021-03-10,C,35915,11656,7491
2021-03-10,D,23388,6184,3551
2021-03-10,E,10886,3600,1616
2021-03-10,F,4399,4248,1974
2021-03-10,G,32324,17711,7849
2021-03-10,H,605,492,146
2021-03-10,I,688,541,141
2021-03-10,K,692,389,144
2021-03-10,L,452,325,127
2021-03-10,M,1627,890,471
2021-03-10,N,970,528,270
2021-03-10,O,30,13,3
2021-03-10,P,0,0,0
2021-03-10,Q,0,0,0
2021-03-10,R,2,3,1
2021-03-10,S,0,0,0
2021-03-10,T,0,0,0
2021-03-10,NA,47,26,9
2021-03-11,A,85610,51153,34226
2021-03-11,B,6615,2473,1258
2021-03-11,C,35915,12138,7736
2021-03-11,D,23388,6485,3800
2021-03-11,E,10886,3747,1823
2021-03-11,F,4399,4501,2030
2021-03-11,G,32324,18456,8033
2021-03-11,H,605,497,146
2021-03-11,I,688,549,141
2021-03-11,K,692,394,144
2021-03-11,L,452,332,127
2021-03-11,M,1627,948,476
2021-03-11,N,970,563,272
2021-03-11,O,30,13,5
2021-03-11,P,0,0,0
2021-03-11,Q,0,0,0
2021-03-11,R,2,4,1
2021-03-11,S,0,0,0
2021-03-11,T,0,0,0
2021-03-11,NA,47,26,10
2021-03-12,A,85610,51950,34879
2021-03-12,B,6615,2655,1266
2021-03-12,C,35915,12603,7946
2021-03-12,D,23388,6626,3982
2021-03-12,E,10886,3815,1952
2021-03-12,F,4399,4780,2125
2021-03-12,G,32324,18661,8270
2021-03-12,H,605,498,153
2021-03-12,I,688,552,145
2021-03-12,K,692,394,145
2021-03-12,L,452,332,127
2021-03-12,M,1627,1011,478
2021-03-12,N,970,589,273
2021-03-12,O,30,13,5
2021-03-12,P,0,0,0
2021-03-12,Q,0,0,0
2021-03-12,R,2,6,1
2021-03-12,S,0,0,0
2021-03-12,T,0,0,0
2021-03-12,NA,47,26,11
2021-03-13,A,85610,52106,35087
2021-03-13,B,6615,2660,1268
2021-03-13,C,35915,12677,8006
2021-03-13,D,23388,6658,4001
2021-03-13,E,10886,3826,1963
2021-03-13,F,4399,4780,2125
2021-03-13,G,32324,18669,8353
2021-03-13,H,605,498,153
2021-03-13,I,688,552,148
2021-03-13,K,692,394,145
2021-03-13,L,452,332,127
2021-03-13,M,1627,1011,478
2021-03-13,N,970,590,273
2021-03-13,O,30,13,5
2021-03-13,P,0,0,0
2021-03-13,Q,0,0,0
2021-03-13,R,2,6,1
2021-03-13,S,0,0,0
2021-03-13,T,0,0,0
2021-03-13,NA,47,26,11
2021-03-14,A,85610,52118,35099
2021-03-14,B,6615,2660,1268
2021-03-14,C,35915,12682,8016
2021-03-14,D,23388,6665,4009
2021-03-14,E,10886,3828,2007
2021-03-14,F,4399,4784,2125
2021-03-14,G,32324,18676,8390
2021-03-14,H,605,498,153
2021-03-14,I,688,552,148
2021-03-14,K,692,394,145
2021-03-14,L,452,332,127
2021-03-14,M,1627,1011,478
2021-03-14,N,970,592,273
2021-03-14,O,30,13,5
2021-03-14,P,0,0,0
2021-03-14,Q,0,0,0
2021-03-14,R,2,6,1
2021-03-14,S,0,0,0
2021-03-14,T,0,0,0
2021-03-14,NA,47,26,11
2021-03-15,A,85610,52526,35407
2021-03-15,B,6615,2831,1270
2021-03-15,C,35915,12905,8103
2021-03-15,D,23388,6762,4056
2021-03-15,E,10886,3894,2018
2021-03-15,F,4399,4935,2130
2021-03-15,G,32324,18697,8411
2021-03-15,H,605,499,153
2021-03-15,I,688,552,148
2021-03-15,K,692,394,150
2021-03-15,L,452,333,144
2021-03-15,M,1627,1053,481
2021-03-15,N,970,609,283
2021-03-15,O,30,13,5
2021-03-15,P,0,0,0
2021-03-15,Q,0,0,0
2021-03-15,R,2,6,1
2021-03-15,S,0,0,0
2021-03-15,T,0,0,0
2021-03-15,NA,47,26,11
2021-03-16,A,85610,53088,36271
2021-03-16,B,6615,3050,1271
2021-03-16,C,35915,13333,8284
2021-03-16,D,23388,6913,4224
2021-03-16,E,10886,3970,2203
2021-03-16,F,4399,5157,2135
2021-03-16,G,32324,19403,8955
2021-03-16,H,605,514,161
2021-03-16,I,688,570,154
2021-03-16,K,692,394,171
2021-03-16,L,452,335,185
2021-03-16,M,1627,1091,483
2021-03-16,N,970,632,283
2021-03-16,O,30,13,6
2021-03-16,P,0,0,0
2021-03-16,Q,0,0,0
2021-03-16,R,2,6,1
2021-03-16,S,0,0,0
2021-03-16,T,0,0,0
2021-03-16,NA,47,26,13
2021-03-17,A,85610,54032,38085
2021-03-17,B,6615,3203,1291
2021-03-17,C,35915,13739,8712
2021-03-17,D,23388,7115,4589
2021-03-17,E,10886,4102,2574
2021-03-17,F,4399,5390,2143
2021-03-17,G,32324,20092,10633
2021-03-17,H,605,526,223
2021-03-17,I,688,586,276
2021-03-17,K,692,395,180
2021-03-17,L,452,336,192
2021-03-17,M,1627,1147,487
2021-03-17,N,970,670,287
2021-03-17,O,30,13,8
2021-03-17,P,0,0,0
2021-03-17,Q,0,0,0
2021-03-17,R,2,7,1
2021-03-17,S,0,0,0
2021-03-17,T,0,0,0
2021-03-17,NA,47,26,15
2021-03-18,A,85610,55087,40317
2021-03-18,B,6615,3306,1293
2021-03-18,C,35915,14197,9135
2021-03-18,D,23388,7224,4787
2021-03-18,E,10886,4183,2720
2021-03-18,F,4399,5663,2243
2021-03-18,G,32324,20522,11879
2021-03-18,H,605,538,279
2021-03-18,I,688,594,323
2021-03-18,K,692,419,236
2021-03-18,L,452,352,212
2021-03-18,M,1627,1191,493
2021-03-18,N,970,707,292
2021-03-18,O,30,13,9
2021-03-18,P,0,0,0
2021-03-18,Q,0,0,0
2021-03-18,R,2,7,1
2021-03-18,S,0,0,0
2021-03-18,T,0,0,0
2021-03-18,NA,47,28,17
2021-03-19,A,85610,55850,42263
2021-03-19,B,6615,3440,1302
2021-03-19,C,35915,14585,9517
2021-03-19,D,23388,7378,5045
2021-03-19,E,10886,4259,2874
2021-03-19,F,4399,5913,2292
2021-03-19,G,32324,20694,12659
2021-03-19,H,605,569,381
2021-03-19,I,688,608,452
2021-03-19,K,692,433,259
2021-03-19,L,452,355,226
2021-03-19,M,1627,1228,506
2021-03-19,N,970,733,300
2021-03-19,O,30,13,10
2021-03-19,P,0,0,0
2021-03-19,Q,0,0,0
2021-03-19,R,2,7,1
2021-03-19,S,0,0,0
2021-03-19,T,0,0,0
2021-03-19,NA,47,28,19
2021-03-20,A,85610,55987,42980
2021-03-20,B,6615,3441,1302
2021-03-20,C,35915,14618,9609
2021-03-20,D,23388,7394,5069
2021-03-20,E,10886,4270,2879
2021-03-20,F,4399,5917,2292
2021-03-20,G,32324,20759,13053
2021-03-20,H,605,574,395
2021-03-20,I,688,610,460
2021-03-20,K,692,434,271
2021-03-20,L,452,356,228
2021-03-20,M,1627,1234,506
2021-03-20,N,970,735,300
2021-03-20,O,30,13,10
2021-03-20,P,0,0,0
2021-03-20,Q,0,0,0
2021-03-20,R,2,7,1
2021-03-20,S,0,0,0
2021-03-20,T,0,0,0
2021-03-20,NA,47,29,22
2021-03-21,A,85610,55991,42981
2021-03-21,B,6615,3441,1302
2021-03-21,C,35915,14622,9609
2021-03-21,D,23388,7397,5071
2021-03-21,E,10886,4273,2879
2021-03-21,F,4399,5917,2292
2021-03-21,G,32324,20759,13053
2021-03-21,H,605,574,395
2021-03-21,I,688,610,460
2021-03-21,K,692,434,271
2021-03-21,L,452,356,228
2021-03-21,M,1627,1234,506
2021-03-21,N,970,735,300
2021-03-21,O,30,13,10
2021-03-21,P,0,0,0
2021-03-21,Q,0,0,0
2021-03-21,R,2,7,1
2021-03-21,S,0,0,0
2021-03-21,T,0,0,0
2021-03-21,NA,47,29,22
2021-03-22,A,85611,56525,43593
2021-03-22,B,6615,3561,1303
2021-03-22,C,35915,14830,9724
2021-03-22,D,23388,7426,5125
2021-03-22,E,10886,4295,2941
2021-03-22,F,4399,6146,2295
2021-03-22,G,32324,20777,13252
2021-03-22,H,605,579,405
2021-03-22,I,688,616,466
2021-03-22,K,692,435,272
2021-03-22,L,452,356,228
2021-03-22,M,1628,1270,541
2021-03-22,N,970,748,312
2021-03-22,O,30,13,10
2021-03-22,P,0,0,0
2021-03-22,Q,0,0,0
2021-03-22,R,2,7,1
2021-03-22,S,0,0,0
2021-03-22,T,0,0,0
2021-03-22,NA,47,29,22
2021-03-23,A,85611,57202,44266
2021-03-23,B,6615,3702,1304
2021-03-23,C,35921,15158,9912
2021-03-23,D,23388,7486,5385
2021-03-23,E,10886,4331,3120
2021-03-23,F,4598,6295,2308
2021-03-23,G,32324,21071,13677
2021-03-23,H,605,584,423
2021-03-23,I,688,624,471
2021-03-23,K,692,436,374
2021-03-23,L,452,356,309
2021-03-23,M,1629,1318,567
2021-03-23,N,970,773,329
2021-03-23,O,30,13,11
2021-03-23,P,0,0,0
2021-03-23,Q,0,0,0
2021-03-23,R,5,7,1
2021-03-23,S,0,0,0
2021-03-23,T,0,0,0
2021-03-23,NA,47,32,22
2021-03-24,A,85611,57892,44711
2021-03-24,B,6615,3792,1307
2021-03-24,C,35924,15573,9998
2021-03-24,D,23388,7562,5449
2021-03-24,E,10886,4374,3142
2021-03-24,F,4611,6619,2334
2021-03-24,G,32327,21515,13840
2021-03-24,H,605,591,429
2021-03-24,I,688,629,480
2021-03-24,K,692,436,375
2021-03-24,L,452,357,309
2021-03-24,M,1629,1385,600
2021-03-24,N,972,803,355
2021-03-24,O,30,13,11
2021-03-24,P,0,0,0
2021-03-24,Q,0,0,0
2021-03-24,R,5,9,1
2021-03-24,S,0,0,0
2021-03-24,T,0,0,0
2021-03-24,NA,47,32,22
2021-03-25,A,85613,58639,45060
2021-03-25,B,6616,3810,1307
2021-03-25,C,35924,15865,10082
2021-03-25,D,23388,7670,5488
2021-03-25,E,10886,4416,3151
2021-03-25,F,4611,6764,2343
2021-03-25,G,32327,21917,14021
2021-03-25,H,605,594,441
2021-03-25,I,689,631,487
2021-03-25,K,692,438,375
2021-03-25,L,452,357,309
2021-03-25,M,1629,1435,608
2021-03-25,N,973,844,357
2021-03-25,O,30,13,11
2021-03-25,P,0,0,0
2021-03-25,Q,0,0,0
2021-03-25,R,5,9,1
2021-03-25,S,0,0,0
2021-03-25,T,0,0,0
2021-03-25,NA,47,32,23
2021-03-26,A,85614,60129,45406
2021-03-26,B,6616,3834,1307
2021-03-26,C,35924,16341,10150
2021-03-26,D,23388,7841,5501
2021-03-26,E,10886,4500,3158
2021-03-26,F,4611,6888,2374
2021-03-26,G,32329,22384,14103
2021-03-26,H,605,598,441
2021-03-26,I,689,637,488
2021-03-26,K,692,439,375
2021-03-26,L,452,360,309
2021-03-26,M,1629,1502,629
2021-03-26,N,973,881,375
2021-03-26,O,30,13,11
2021-03-26,P,0,0,0
2021-03-26,Q,0,0,0
2021-03-26,R,5,10,1
2021-03-26,S,0,0,0
2021-03-26,T,0,0,0
2021-03-26,NA,47,32,23
2021-03-27,A,85615,61499,45436
2021-03-27,B,6616,3930,1307
2021-03-27,C,35924,16796,10176
2021-03-27,D,23388,8081,5539
2021-03-27,E,10886,4589,3216
2021-03-27,F,4611,6923,2374
2021-03-27,G,32329,22467,14158
2021-03-27,H,605,600,441
2021-03-27,I,689,639,488
2021-03-27,K,692,441,375
2021-03-27,L,452,361,309
2021-03-27,M,1629,1505,629
2021-03-27,N,973,892,375
2021-03-27,O,30,13,11
2021-03-27,P,0,0,0
2021-03-27,Q,0,0,0
2021-03-27,R,5,10,1
2021-03-27,S,0,0,0
2021-03-27,T,0,0,0
2021-03-27,NA,47,32,23
2021-03-28,A,86344,61625,45436
2021-03-28,B,6745,3931,1307
2021-03-28,C,37819,16824,10176
2021-03-28,D,23485,8100,5539
2021-03-28,E,10964,4592,3216
2021-03-28,F,4629,6923,2374
2021-03-28,G,32371,22479,14159
2021-03-28,H,668,601,441
2021-03-28,I,767,639,488
2021-03-28,K,695,441,375
2021-03-28,L,482,361,309
2021-03-28,M,1748,1511,629
2021-03-28,N,1371,894,375
2021-03-28,O,31,13,11
2021-03-28,P,0,0,0
2021-03-28,Q,0,0,0
2021-03-28,R,9,10,1
2021-03-28,S,0,0,0
2021-03-28,T,2,0,0
2021-03-28,NA,47,32,23
2021-03-29,A,96369,63595,45625
2021-03-29,B,8324,3965,1309
2021-03-29,C,61576,17384,10240
2021-03-29,D,27226,8368,5549
2021-03-29,E,14327,4673,3225
2021-03-29,F,5288,6928,2747
2021-03-29,G,33893,22571,14199
2021-03-29,H,2395,602,441
2021-03-29,I,3987,639,489
2021-03-29,K,905,445,375
2021-03-29,L,1464,364,309
2021-03-29,M,9409,1551,662
2021-03-29,N,33028,919,387
2021-03-29,O,70,13,11
2021-03-29,P,6,0,0
2021-03-29,Q,0,0,0
2021-03-29,R,453,10,1
2021-03-29,S,47,0,0
2021-03-29,T,42,0,0
2021-03-29,NA,47,32,23
2021-03-30,A,98047,66187,46190
2021-03-30,B,8826,3987,1358
2021-03-30,C,65423,18154,10357
2021-03-30,D,28672,8776,5583
2021-03-30,E,15550,4817,3246
2021-03-30,F,5582,6933,2794
2021-03-30,G,34507,22712,14270
2021-03-30,H,3082,603,441
2021-03-30,I,5106,642,491
2021-03-30,K,1014,447,378
2021-03-30,L,1903,364,311
2021-03-30,M,13154,1613,708
2021-03-30,N,45464,977,416
2021-03-30,O,82,13,12
2021-03-30,P,6,0,0
2021-03-30,Q,0,0,0
2021-03-30,R,651,10,2
2021-03-30,S,80,0,0
2021-03-30,T,66,0,0
2021-03-30,NA,47,32,23
2021-03-31,A,99205,68269,46625
2021-03-31,B,9392,4033,1359
2021-03-31,C,69736,18819,10457
2021-03-31,D,31115,9078,5609
2021-03-31,E,17258,4936,3261
2021-03-31,F,5934,6954,3022
2021-03-31,G,35191,22872,14443
2021-03-31,H,3888,608,445
2021-03-31,I,6231,647,494
2021-03-31,K,1127,449,378
2021-03-31,L,2257,367,314
2021-03-31,M,16775,1686,736
2021-03-31,N,55561,1027,427
2021-03-31,O,96,13,12
2021-03-31,P,9,0,0
2021-03-31,Q,1,0,0
2021-03-31,R,842,11,2
2021-03-31,S,104,0,0
2021-03-31,T,82,0,0
2021-03-31,NA,47,33,23
2021-04-01,A,99999,70040,46968
2021-04-01,B,9748,4055,1362
2021-04-01,C,72399,19408,10552
2021-04-01,D,32334,9337,5653
2021-04-01,E,17935,5016,3282
2021-04-01,F,6127,6985,3405
2021-04-01,G,35523,23010,14603
2021-04-01,H,4305,611,448
2021-04-01,I,6820,648,495
2021-04-01,K,1189,453,378
2021-04-01,L,2445,371,314
2021-04-01,M,18751,1751,759
2021-04-01,N,60304,1064,442
2021-04-01,O,103,13,12
2021-04-01,P,9,0,0
2021-04-01,Q,1,0,0
2021-04-01,R,927,11,2
2021-04-01,S,119,0,0
2021-04-01,T,92,0,0
2021-04-01,NA,47,34,23
2021-04-02,A,100279,70059,46968
2021-04-02,B,9875,4055,1362
2021-04-02,C,73745,19446,10553
2021-04-02,D,33150,9360,5654
2021-04-02,E,18417,5020,3283
2021-04-02,F,6271,6985,3405
2021-04-02,G,35789,23011,14604
2021-04-02,H,4668,611,448
2021-04-02,I,7242,648,495
2021-04-02,K,1253,453,378
2021-04-02,L,2593,371,314
2021-04-02,M,20499,1752,759
2021-04-02,N,64080,1066,442
2021-04-02,O,113,13,12
2021-04-02,P,9,0,0
2021-04-02,Q,1,0,0
2021-04-02,R,1020,11,2
2021-04-02,S,130,0,0
2021-04-02,T,102,0,0
2021-04-02,NA,47,34,23
2021-04-03,A,100585,70064,46990
2021-04-03,B,9983,4065,1362
2021-04-03,C,74746,19468,10561
2021-04-03,D,33750,9373,5657
2021-04-03,E,18717,5023,3284
2021-04-03,F,6352,6985,3405
2021-04-03,G,35941,23011,14604
2021-04-03,H,4924,611,448
2021-04-03,I,7526,648,495
2021-04-03,K,1284,453,378
2021-04-03,L,2711,371,314
2021-04-03,M,21714,1753,760
2021-04-03,N,66721,1067,442
2021-04-03,O,117,13,12
2021-04-03,P,12,0,0
2021-04-03,Q,1,0,0
2021-04-03,R,1086,11,2
2021-04-03,S,133,0,0
2021-04-03,T,104,0,0
2021-04-03,NA,47,34,23
2021-04-04,A,100841,70065,46990
2021-04-04,B,10077,4065,1362
2021-04-04,C,75576,19469,10561
2021-04-04,D,34307,9374,5657
2021-04-04,E,19035,5023,3284
2021-04-04,F,6447,6985,3405
2021-04-04,G,36102,23011,14605
2021-04-04,H,5179,611,448
2021-04-04,I,7851,648,495
2021-04-04,K,1322,453,378
2021-04-04,L,2811,371,314
2021-04-04,M,22872,1754,760
2021-04-04,N,69278,1067,442
2021-04-04,O,122,13,12
2021-04-04,P,14,0,0
2021-04-04,Q,1,0,0
2021-04-04,R,1166,11,2
2021-04-04,S,139,0,0
2021-04-04,T,111,0,0
2021-04-04,NA,47,34,23
2021-04-05,A,101115,70067,46994
2021-04-05,B,10205,4065,1362
2021-04-05,C,76564,19472,10561
2021-04-05,D,35011,9379,5658
2021-04-05,E,19439,5028,3292
2021-04-05,F,6590,6986,3405
2021-04-05,G,36330,23012,14605
2021-04-05,H,5514,611,448
2021-04-05,I,8270,648,495
2021-04-05,K,1373,453,378
2021-04-05,L,2978,371,314
2021-04-05,M,24573,1755,760
2021-04-05,N,72947,1070,442
2021-04-05,O,127,13,12
2021-04-05,P,17,0,0
2021-04-05,Q,1,0,0
2021-04-05,R,1281,11,2
2021-04-05,S,155,0,0
2021-04-05,T,119,0,0
2021-04-05,NA,47,34,23
2021-04-06,A,102105,72382,47724
2021-04-06,B,10617,4097,1707
2021-04-06,C,78854,19860,10857
2021-04-06,D,36400,9557,5770
2021-04-06,E,20248,5109,3353
2021-04-06,F,6861,7001,3677
2021-04-06,G,36771,23059,15207
2021-04-06,H,6018,613,455
2021-04-06,I,8961,649,497
2021-04-06,K,1471,461,378
2021-04-06,L,3196,372,314
2021-04-06,M,27132,1801,802
2021-04-06,N,78797,1099,465
2021-04-06,O,130,13,12
2021-04-06,P,17,0,0
2021-04-06,Q,3,0,0
2021-04-06,R,1390,11,2
2021-04-06,S,173,0,0
2021-04-06,T,131,0,0
2021-04-06,NA,47,34,23
2021-04-07,A,102899,75079,48627
2021-04-07,B,11022,4207,2026
2021-04-07,C,80949,20818,11217
2021-04-07,D,37982,9860,5939
2021-04-07,E,21301,5342,3441
2021-04-07,F,7226,7017,3936
2021-04-07,G,37353,23147,16093
2021-04-07,H,6699,614,461
2021-04-07,I,9939,651,505
2021-04-07,K,1611,461,378
2021-04-07,L,3542,373,314
2021-04-07,M,31472,1841,846
2021-04-07,N,88415,1118,490
2021-04-07,O,142,13,12
2021-04-07,P,18,0,0
2021-04-07,Q,7,0,0
2021-04-07,R,1556,11,2
2021-04-07,S,199,0,0
2021-04-07,T,148,0,0
2021-04-07,NA,47,34,23
2021-04-08,A,103651,78551,49512
2021-04-08,B,11424,4331,2295
2021-04-08,C,83102,22123,11649
2021-04-08,D,39459,10393,6181
2021-04-08,E,22213,5663,3561
2021-04-08,F,7600,7056,4292
2021-04-08,G,38142,23260,16855
2021-04-08,H,7320,618,467
2021-04-08,I,10773,654,512
2021-04-08,K,1723,461,378
2021-04-08,L,3828,374,314
2021-04-08,M,35221,1889,889
2021-04-08,N,96671,1137,514
2021-04-08,O,152,14,12
2021-04-08,P,19,0,0
2021-04-08,Q,7,0,0
2021-04-08,R,1692,11,2
2021-04-08,S,219,0,0
2021-04-08,T,162,0,0
2021-04-08,NA,47,34,23
2021-04-09,A,104175,81464,50086
2021-04-09,B,11738,4457,2526
2021-04-09,C,84579,23427,12047
2021-04-09,D,40558,10876,6279
2021-04-09,E,22891,5996,3607
2021-04-09,F,7846,7090,4688
2021-04-09,G,38793,23352,17026
2021-04-09,H,7758,621,468
2021-04-09,I,11364,656,515
2021-04-09,K,1811,461,378
2021-04-09,L,4040,376,314
2021-04-09,M,37787,1919,954
2021-04-09,N,102320,1176,548
2021-04-09,O,158,15,12
2021-04-09,P,19,0,0
2021-04-09,Q,7,0,0
2021-04-09,R,1773,11,4
2021-04-09,S,229,0,0
2021-04-09,T,170,0,0
2021-04-09,NA,47,34,23
2021-04-10,A,104363,82707,50187
2021-04-10,B,11852,4567,2585
2021-04-10,C,85141,24276,12104
2021-04-10,D,41163,11254,6298
2021-04-10,E,23237,6243,3611
2021-04-10,F,7993,7092,4688
2021-04-10,G,39069,23422,17028
2021-04-10,H,8057,625,468
2021-04-10,I,11738,661,515
2021-04-10,K,1880,461,378
2021-04-10,L,4204,377,314
2021-04-10,M,39582,1940,954
2021-04-10,N,106022,1192,548
2021-04-10,O,163,18,12
2021-04-10,P,20,0,0
2021-04-10,Q,7,0,0
2021-04-10,R,1889,11,4
2021-04-10,S,241,0,0
2021-04-10,T,180,0,0
2021-04-10,NA,47,34,23
2021-04-11,A,104475,82723,50188
2021-04-11,B,11955,4567,2585
2021-04-11,C,85612,24342,12106
2021-04-11,D,41737,11302,6301
2021-04-11,E,23634,6248,3611
2021-04-11,F,8170,7092,4688
2021-04-11,G,39376,23422,17028
2021-04-11,H,8334,625,468
2021-04-11,I,12124,661,515
2021-04-11,K,1956,461,378
2021-04-11,L,4383,377,314
2021-04-11,M,41461,1941,954
2021-04-11,N,109838,1192,548
2021-04-11,O,167,18,12
2021-04-11,P,20,0,0
2021-04-11,Q,7,0,0
2021-04-11,R,1998,11,4
2021-04-11,S,255,0,0
2021-04-11,T,187,0,0
2021-04-11,NA,47,34,23
2021-04-12,A,105013,84762,50715
2021-04-12,B,12274,4796,2765
2021-04-12,C,87027,26732,12341
2021-04-12,D,42735,12105,6409
2021-04-12,E,24208,6759,3676
2021-04-12,F,8437,7115,4842
2021-04-12,G,39844,23527,17058
2021-04-12,H,8755,631,470
2021-04-12,I,12647,664,516
2021-04-12,K,2042,462,378
2021-04-12,L,4626,378,314
2021-04-12,M,44029,1972,996
2021-04-12,N,115112,1220,563
2021-04-12,O,171,19,12
2021-04-12,P,22,0,0
2021-04-12,Q,8,0,0
2021-04-12,R,2115,11,4
2021-04-12,S,269,0,0
2021-04-12,T,197,0,0
2021-04-12,NA,47,34,23
2021-04-13,A,105458,86997,51300
2021-04-13,B,12571,5039,2968
2021-04-13,C,87994,29818,12750
2021-04-13,D,43628,13149,6548
2021-04-13,E,24761,7377,3749
2021-04-13,F,8752,7139,5086
2021-04-13,G,40285,23638,17691
2021-04-13,H,9143,637,472
2021-04-13,I,13197,667,518
2021-04-13,K,2112,467,378
2021-04-13,L,4850,380,315
2021-04-13,M,46342,2014,1041
2021-04-13,N,120054,1258,590
2021-04-13,O,174,20,12
2021-04-13,P,22,0,0
2021-04-13,Q,8,0,0
2021-04-13,R,2222,12,4
2021-04-13,S,281,0,0
2021-04-13,T,206,0,0
2021-04-13,NA,47,34,23
2021-04-14,A,105807,89026,52159
2021-04-14,B,12890,5418,3106
2021-04-14,C,88872,33761,13120
2021-04-14,D,44503,14649,6714
2021-04-14,E,25292,8272,3850
2021-04-14,F,9238,7166,5356
2021-04-14,G,40806,23952,18299
2021-04-14,H,9544,642,478
2021-04-14,I,13682,670,525
2021-04-14,K,2202,477,379
2021-04-14,L,5049,381,315
2021-04-14,M,48713,2077,1097
2021-04-14,N,124703,1312,612
2021-04-14,O,186,20,12
2021-04-14,P,25,0,0
2021-04-14,Q,8,0,0
2021-04-14,R,2343,12,4
2021-04-14,S,296,0,0
2021-04-14,T,213,0,0
2021-04-14,NA,47,34,23
2021-04-15,A,106087,91297,52984
2021-04-15,B,13149,5733,3204
2021-04-15,C,89580,37591,13531
2021-04-15,D,45188,16221,6793
2021-04-15,E,25698,9156,3884
2021-04-15,F,9549,7187,5617
2021-04-15,G,41206,24200,18475
2021-04-15,H,9815,646,486
2021-04-15,I,14093,673,530
2021-04-15,K,2269,482,395
2021-04-15,L,5207,381,331
2021-04-15,M,50451,2150,1165
2021-04-15,N,128246,1360,665
2021-04-15,O,198,20,12
2021-04-15,P,25,0,0
2021-04-15,Q,8,0,0
2021-04-15,R,2423,12,5
2021-04-15,S,305,0,0
2021-04-15,T,226,0,0
2021-04-15,NA,47,34,23
2021-04-16,A,106349,93258,53750
2021-04-16,B,13430,6105,3331
2021-04-16,C,90303,41276,13884
2021-04-16,D,46008,17969,6907
2021-04-16,E,26217,10126,3949
2021-04-16,F,10122,7227,5888
2021-04-16,G,41903,24553,18519
2021-04-16,H,10146,657,491
2021-04-16,I,14597,677,530
2021-04-16,K,2330,527,397
2021-04-16,L,5394,398,332
2021-04-16,M,52486,2224,1238
2021-04-16,N,132493,1417,712
2021-04-16,O,211,21,12
2021-04-16,P,26,0,0
2021-04-16,Q,8,0,0
2021-04-16,R,2523,12,5
2021-04-16,S,323,1,0
2021-04-16,T,241,0,0
2021-04-16,NA,47,34,23
2021-04-17,A,106429,94473,53849
2021-04-17,B,13508,6426,3338
2021-04-17,C,90600,43039,13915
2021-04-17,D,46415,18802,6922
2021-04-17,E,26425,10512,3959
2021-04-17,F,10307,7235,5913
2021-04-17,G,42122,24711,18534
2021-04-17,H,10332,673,491
2021-04-17,I,14859,687,530
2021-04-17,K,2383,535,397
2021-04-17,L,5499,401,332
2021-04-17,M,53767,2287,1238
2021-04-17,N,134855,1457,712
2021-04-17,O,215,21,12
2021-04-17,P,26,0,0
2021-04-17,Q,8,0,0
2021-04-17,R,2601,12,5
2021-04-17,S,330,1,0
2021-04-17,T,247,0,0
2021-04-17,NA,47,34,23
2021-04-18,A,106519,94561,53849
2021-04-18,B,13607,6439,3338
2021-04-18,C,90913,43203,13915
2021-04-18,D,46894,18858,6922
2021-04-18,E,26685,10516,3959
2021-04-18,F,10490,7235,5913
2021-04-18,G,42349,24744,18535
2021-04-18,H,10557,673,491
2021-04-18,I,15183,688,530
2021-04-18,K,2454,535,397
2021-04-18,L,5616,402,332
2021-04-18,M,55435,2294,1238
2021-04-18,N,138171,1463,712
2021-04-18,O,219,21,12
2021-04-18,P,26,0,0
2021-04-18,Q,8,0,0
2021-04-18,R,2707,12,5
2021-04-18,S,340,1,0
2021-04-18,T,249,0,0
2021-04-18,NA,47,34,23
2021-04-19,A,106801,95614,54317
2021-04-19,B,13841,6877,3477
2021-04-19,C,91627,46868,14153
2021-04-19,D,47528,20475,6965
2021-04-19,E,27080,11470,3985
2021-04-19,F,10749,7371,6136
2021-04-19,G,42666,25123,18545
2021-04-19,H,10820,681,491
2021-04-19,I,15555,690,531
2021-04-19,K,2505,543,397
2021-04-19,L,5731,405,333
2021-04-19,M,57071,2341,1270
2021-04-19,N,141498,1494,727
2021-04-19,O,228,21,12
2021-04-19,P,26,0,0
2021-04-19,Q,8,0,0
2021-04-19,R,2788,12,5
2021-04-19,S,346,1,0
2021-04-19,T,254,0,0
2021-04-19,NA,47,34,23
2021-04-20,A,107027,96855,55113
2021-04-20,B,14072,7385,3611
2021-04-20,C,92178,51475,14499
2021-04-20,D,48104,22405,7035
2021-04-20,E,27413,12542,4021
2021-04-20,F,10980,7497,6302
2021-04-20,G,42955,25526,18759
2021-04-20,H,11018,688,494
2021-04-20,I,15928,694,531
2021-04-20,K,2553,550,397
2021-04-20,L,5842,412,334
2021-04-20,M,58384,2414,1323
2021-04-20,N,144283,1551,753
2021-04-20,O,234,22,12
2021-04-20,P,27,0,0
2021-04-20,Q,8,0,0
2021-04-20,R,2859,12,5
2021-04-20,S,352,1,0
2021-04-20,T,259,0,1
2021-04-20,NA,47,34,23
2021-04-21,A,107241,98176,55709
2021-04-21,B,14319,7930,3700
2021-04-21,C,92790,56010,14843
2021-04-21,D,48720,24536,7093
2021-04-21,E,27924,13626,4051
2021-04-21,F,11263,7665,6642
2021-04-21,G,43253,25996,19145
2021-04-21,H,11253,697,496
2021-04-21,I,16414,708,531
2021-04-21,K,2615,564,397
2021-04-21,L,6002,417,334
2021-04-21,M,59988,2529,1378
2021-04-21,N,148372,1646,779
2021-04-21,O,243,22,12
2021-04-21,P,27,0,0
2021-04-21,Q,8,0,0
2021-04-21,R,2952,13,8
2021-04-21,S,360,1,0
2021-04-21,T,262,0,1
2021-04-21,NA,47,34,23
2021-04-22,A,107474,99744,56390
2021-04-22,B,14554,8554,3721
2021-04-22,C,93350,60631,15118
2021-04-22,D,49267,26957,7178
2021-04-22,E,28321,14770,4088
2021-04-22,F,11564,8002,6828
2021-04-22,G,43509,26757,19508
2021-04-22,H,11489,715,499
2021-04-22,I,16803,737,533
2021-04-22,K,2663,583,401
2021-04-22,L,6150,423,336
2021-04-22,M,61427,2629,1423
2021-04-22,N,151547,1705,815
2021-04-22,O,251,25,12
2021-04-22,P,27,0,0
2021-04-22,Q,8,0,0
2021-04-22,R,3030,13,8
2021-04-22,S,364,1,0
2021-04-22,T,264,0,1
2021-04-22,NA,47,34,23
2021-04-23,A,107658,100803,57407
2021-04-23,B,14755,9142,3741
2021-04-23,C,93785,64194,15445
2021-04-23,D,49704,28965,7306
2021-04-23,E,28601,15838,4153
2021-04-23,F,11732,8160,6958
2021-04-23,G,43670,27239,19920
2021-04-23,H,11654,721,502
2021-04-23,I,17096,749,538
2021-04-23,K,2701,600,402
2021-04-23,L,6230,428,337
2021-04-23,M,62372,2706,1491
2021-04-23,N,153721,1823,870
2021-04-23,O,256,25,12
2021-04-23,P,27,0,0
2021-04-23,Q,8,0,0
2021-04-23,R,3083,16,10
2021-04-23,S,366,4,0
2021-04-23,T,272,0,1
2021-04-23,NA,47,34,23
2021-04-24,A,107720,101384,58210
2021-04-24,B,14831,9307,3749
2021-04-24,C,93951,65059,15626
2021-04-24,D,49954,29603,7475
2021-04-24,E,28734,16144,4218
2021-04-24,F,11823,8170,6959
2021-04-24,G,43761,27339,19964
2021-04-24,H,11771,723,504
2021-04-24,I,17261,750,540
2021-04-24,K,2724,604,403
2021-04-24,L,6289,433,337
2021-04-24,M,62973,2729,1495
2021-04-24,N,155194,1843,877
2021-04-24,O,257,25,12
2021-04-24,P,28,0,0
2021-04-24,Q,8,0,0
2021-04-24,R,3116,16,10
2021-04-24,S,372,4,0
2021-04-24,T,275,0,1
2021-04-24,NA,47,34,23
2021-04-25,A,107784,101390,58323
2021-04-25,B,14902,9335,3752
2021-04-25,C,94115,65077,15651
2021-04-25,D,50221,29625,7488
2021-04-25,E,28885,16147,4219
2021-04-25,F,11913,8170,6959
2021-04-25,G,43868,27360,19973
2021-04-25,H,11913,723,505
2021-04-25,I,17505,750,540
2021-04-25,K,2754,605,403
2021-04-25,L,6358,434,337
2021-04-25,M,63869,2734,1501
2021-04-25,N,157083,1849,879
2021-04-25,O,259,25,12
2021-04-25,P,28,0,0
2021-04-25,Q,8,0,0
2021-04-25,R,3183,16,10
2021-04-25,S,380,4,0
2021-04-25,T,278,0,1
2021-04-25,NA,47,34,23
2021-04-26,A,107992,102094,59539
2021-04-26,B,15146,9850,3760
2021-04-26,C,94602,67902,16010
2021-04-26,D,50774,31473,7686
2021-04-26,E,29261,17142,4282
2021-04-26,F,12080,8264,6963
2021-04-26,G,44038,27721,20030
2021-04-26,H,12170,735,505
2021-04-26,I,17935,755,541
2021-04-26,K,2793,623,406
2021-04-26,L,6489,444,339
2021-04-26,M,65250,2794,1506
2021-04-26,N,160401,1907,885
2021-04-26,O,268,25,12
2021-04-26,P,28,0,0
2021-04-26,Q,9,0,0
2021-04-26,R,3258,17,10
2021-04-26,S,385,4,0
2021-04-26,T,278,0,1
2021-04-26,NA,47,34,23
2021-04-27,A,108225,103167,60942
2021-04-27,B,15373,10544,3768
2021-04-27,C,95037,71988,16444
2021-04-27,D,51259,33928,7914
2021-04-27,E,29597,18397,4348
2021-04-27,F,12322,8646,6969
2021-04-27,G,44254,28350,20119
2021-04-27,H,12394,759,506
2021-04-27,I,18313,779,544
2021-04-27,K,2827,640,407
2021-04-27,L,6620,456,339
2021-04-27,M,66492,2901,1514
2021-04-27,N,163155,2026,891
2021-04-27,O,271,31,12
2021-04-27,P,28,0,0
2021-04-27,Q,10,0,0
2021-04-27,R,3330,21,10
2021-04-27,S,389,4,0
2021-04-27,T,281,0,1
2021-04-27,NA,47,34,23
2021-04-28,A,108823,104175,62271
2021-04-28,B,15612,11222,3790
2021-04-28,C,95834,75580,16843
2021-04-28,D,52651,36195,8123
2021-04-28,E,30182,19611,4442
2021-04-28,F,12664,9047,6976
2021-04-28,G,44655,29088,20212
2021-04-28,H,13245,797,507
2021-04-28,I,19076,818,545
2021-04-28,K,3013,716,407
2021-04-28,L,6834,482,339
2021-04-28,M,74334,3053,1539
2021-04-28,N,168537,2187,929
2021-04-28,O,289,41,12
2021-04-28,P,29,0,0
2021-04-28,Q,11,0,0
2021-04-28,R,3582,28,10
2021-04-28,S,406,4,0
2021-04-28,T,290,0,1
2021-04-28,NA,47,34,23
2021-04-29,A,109217,105237,63528
2021-04-29,B,15794,11912,3804
2021-04-29,C,96560,78528,17229
2021-04-29,D,53509,38572,8332
2021-04-29,E,30552,20808,4500
2021-04-29,F,12920,9416,6996
2021-04-29,G,44891,29831,20306
2021-04-29,H,13577,863,510
2021-04-29,I,19460,861,545
2021-04-29,K,3091,742,410
2021-04-29,L,6971,508,339
2021-04-29,M,77610,3372,1544
2021-04-29,N,171668,2380,932
2021-04-29,O,299,42,12
2021-04-29,P,29,0,0
2021-04-29,Q,11,0,0
2021-04-29,R,3677,34,10
2021-04-29,S,415,4,0
2021-04-29,T,295,0,1
2021-04-29,NA,47,34,23
2021-04-30,A,109696,106045,64160
2021-04-30,B,15995,12565,3818
2021-04-30,C,97142,80903,17448
2021-04-30,D,54038,40598,8448
2021-04-30,E,30896,21991,4539
2021-04-30,F,13200,9903,7021
2021-04-30,G,45104,30967,20347
2021-04-30,H,13773,928,513
2021-04-30,I,19821,897,552
2021-04-30,K,3147,766,412
2021-04-30,L,7078,523,343
2021-04-30,M,79482,3864,1553
2021-04-30,N,174176,2625,947
2021-04-30,O,307,46,12
2021-04-30,P,30,0,0
2021-04-30,Q,12,0,0
2021-04-30,R,3782,35,10
2021-04-30,S,424,4,0
2021-04-30,T,300,1,1
2021-04-30,NA,47,34,23
2021-05-01,A,109817,106239,64198
2021-05-01,B,16079,12693,3825
2021-05-01,C,97460,81466,17462
2021-05-01,D,54360,41148,8453
2021-05-01,E,31086,22262,4541
2021-05-01,F,13287,9915,7022
2021-05-01,G,45202,31023,20351
2021-05-01,H,13887,942,514
2021-05-01,I,20073,904,552
2021-05-01,K,3185,775,412
2021-05-01,L,7146,525,343
2021-05-01,M,80859,4056,1553
2021-05-01,N,176358,2716,947
2021-05-01,O,311,46,12
2021-05-01,P,30,0,0
2021-05-01,Q,12,0,0
2021-05-01,R,3865,36,10
2021-05-01,S,435,4,0
2021-05-01,T,310,1,1
2021-05-01,NA,47,34,23
2021-05-02,A,109893,106240,64199
2021-05-02,B,16161,12694,3825
2021-05-02,C,97652,81466,17463
2021-05-02,D,54693,41150,8453
2021-05-02,E,31306,22262,4541
2021-05-02,F,13382,9915,7022
2021-05-02,G,45322,31023,20352
2021-05-02,H,13998,942,514
2021-05-02,I,20379,904,552
2021-05-02,K,3212,775,412
2021-05-02,L,7247,526,343
2021-05-02,M,82364,4060,1553
2021-05-02,N,178809,2722,947
2021-05-02,O,318,46,12
2021-05-02,P,30,0,0
2021-05-02,Q,12,0,0
2021-05-02,R,3949,36,10
2021-05-02,S,441,4,0
2021-05-02,T,314,1,1
2021-05-02,NA,47,34,23
2021-05-03,A,110322,107098,64621
2021-05-03,B,16398,13451,3903
2021-05-03,C,98390,83250,17778
2021-05-03,D,55297,42759,8536
2021-05-03,E,31724,23208,4574
2021-05-03,F,13593,10886,7043
2021-05-03,G,45519,32817,20389
2021-05-03,H,14194,1209,514
2021-05-03,I,20752,957,552
2021-05-03,K,3267,839,412
2021-05-03,L,7374,573,345
2021-05-03,M,84205,5306,1557
2021-05-03,N,181818,3040,956
2021-05-03,O,325,80,12
2021-05-03,P,32,0,0
2021-05-03,Q,12,0,0
2021-05-03,R,4050,39,10
2021-05-03,S,446,4,0
2021-05-03,T,318,1,1
2021-05-03,NA,47,34,23
2021-05-04,A,110909,107826,66771
2021-05-04,B,16728,13982,3937
2021-05-04,C,99353,85141,18113
2021-05-04,D,56000,44093,8710
2021-05-04,E,32174,23862,4664
2021-05-04,F,14051,12082,7057
2021-05-04,G,45734,34207,20434
2021-05-04,H,14372,1683,515
2021-05-04,I,21139,1028,554
2021-05-04,K,3354,902,420
2021-05-04,L,7619,594,346
2021-05-04,M,86143,7679,1579
2021-05-04,N,184895,3582,967
2021-05-04,O,331,101,12
2021-05-04,P,32,0,0
2021-05-04,Q,12,0,0
2021-05-04,R,4134,46,10
2021-05-04,S,452,4,0
2021-05-04,T,325,2,1
2021-05-04,NA,47,34,23
2021-05-05,A,111576,108381,69272
2021-05-05,B,17037,14389,4031
2021-05-05,C,100486,86650,18899
2021-05-05,D,56915,45358,8961
2021-05-05,E,32699,24537,4865
2021-05-05,F,14414,13014,7089
2021-05-05,G,46014,35889,20495
2021-05-05,H,14677,2267,517
2021-05-05,I,21724,1144,556
2021-05-05,K,3441,985,422
2021-05-05,L,7834,675,348
2021-05-05,M,89278,10771,1618
2021-05-05,N,189113,4468,984
2021-05-05,O,344,124,12
2021-05-05,P,32,0,0
2021-05-05,Q,13,1,0
2021-05-05,R,4291,51,10
2021-05-05,S,462,5,0
2021-05-05,T,338,2,1
2021-05-05,NA,47,38,23
2021-05-06,A,112096,108903,72507
2021-05-06,B,17254,14874,4137
2021-05-06,C,101359,87771,19957
2021-05-06,D,57578,46302,9337
2021-05-06,E,33156,25057,5092
2021-05-06,F,14694,14032,7177
2021-05-06,G,46308,37084,20580
2021-05-06,H,14871,3144,521
2021-05-06,I,22170,1275,560
2021-05-06,K,3509,1127,422
2021-05-06,L,8012,817,355
2021-05-06,M,91272,15133,1663
2021-05-06,N,192558,5170,1014
2021-05-06,O,356,138,13
2021-05-06,P,33,0,0
2021-05-06,Q,13,1,0
2021-05-06,R,4434,55,10
2021-05-06,S,474,5,0
2021-05-06,T,346,3,1
2021-05-06,NA,47,46,23
2021-05-07,A,112680,109384,75033
2021-05-07,B,17588,15223,4277
2021-05-07,C,102394,88710,21187
2021-05-07,D,58484,47111,9751
2021-05-07,E,34524,25530,5388
2021-05-07,F,15222,14737,7201
2021-05-07,G,46812,37790,20679
2021-05-07,H,15188,4119,525
2021-05-07,I,25172,1433,562
2021-05-07,K,3605,1293,425
2021-05-07,L,9600,917,357
2021-05-07,M,94774,20732,1694
2021-05-07,N,233469,6139,1044
2021-05-07,O,398,151,14
2021-05-07,P,37,0,0
2021-05-07,Q,13,1,0
2021-05-07,R,6965,70,10
2021-05-07,S,661,6,0
2021-05-07,T,389,3,1
2021-05-07,NA,47,47,23
2021-05-08,A,112846,109511,75927
2021-05-08,B,17728,15312,4316
2021-05-08,C,102695,88983,21658
2021-05-08,D,58773,47397,10064
2021-05-08,E,34769,25680,5581
2021-05-08,F,15378,14946,7205
2021-05-08,G,46929,37961,20756
2021-05-08,H,15276,4396,529
2021-05-08,I,25516,1519,568
2021-05-08,K,3635,1344,425
2021-05-08,L,9784,996,358
2021-05-08,M,95708,22460,1700
2021-05-08,N,237665,6622,1049
2021-05-08,O,411,155,15
2021-05-08,P,37,0,0
2021-05-08,Q,14,1,0
2021-05-08,R,7217,76,10
2021-05-08,S,692,6,0
2021-05-08,T,392,3,1
2021-05-08,NA,47,47,23
2021-05-09,A,112933,109516,75938
2021-05-09,B,17807,15320,4316
2021-05-09,C,102887,88989,21709
2021-05-09,D,58979,47410,10104
2021-05-09,E,34970,25690,5587
2021-05-09,F,15462,14952,7205
2021-05-09,G,47028,37970,20756
2021-05-09,H,15362,4402,529
2021-05-09,I,25815,1530,568
2021-05-09,K,3662,1346,425
2021-05-09,L,9940,996,358
2021-05-09,M,96602,22544,1700
2021-05-09,N,241143,6687,1049
2021-05-09,O,418,155,15
2021-05-09,P,39,0,0
2021-05-09,Q,14,1,0
2021-05-09,R,7478,79,10
2021-05-09,S,705,6,0
2021-05-09,T,396,3,1
2021-05-09,NA,47,47,23
2021-05-10,A,113497,109761,78581
2021-05-10,B,17985,15533,4534
2021-05-10,C,103573,89526,23994
2021-05-10,D,59537,47896,10856
2021-05-10,E,35424,25955,6056
2021-05-10,F,15702,15160,7228
2021-05-10,G,47239,38271,20843
2021-05-10,H,15526,5188,537
2021-05-10,I,26268,1686,571
2021-05-10,K,3721,1457,427
2021-05-10,L,10130,1010,361
2021-05-10,M,98239,27250,1753
2021-05-10,N,246645,7669,1087
2021-05-10,O,426,161,16
2021-05-10,P,40,0,0
2021-05-10,Q,14,1,0
2021-05-10,R,7764,86,10
2021-05-10,S,729,6,0
2021-05-10,T,402,3,1
2021-05-10,NA,47,47,23
2021-05-11,A,113958,110092,80946
2021-05-11,B,18168,15705,4783
2021-05-11,C,104256,90302,27275
2021-05-11,D,60081,48545,11894
2021-05-11,E,35812,26273,6677
2021-05-11,F,15906,15302,7243
2021-05-11,G,47436,38562,20949
2021-05-11,H,15649,6096,547
2021-05-11,I,26614,1868,574
2021-05-11,K,3756,1617,432
2021-05-11,L,10294,1102,365
2021-05-11,M,99709,33275,1827
2021-05-11,N,250988,9248,1146
2021-05-11,O,440,167,18
2021-05-11,P,40,0,0
2021-05-11,Q,14,1,0
2021-05-11,R,7956,103,11
2021-05-11,S,742,6,0
2021-05-11,T,409,3,1
2021-05-11,NA,47,47,23
2021-05-12,A,114275,110336,82705
2021-05-12,B,18297,15834,5145
2021-05-12,C,104799,90861,31167
2021-05-12,D,60461,49059,13268
2021-05-12,E,36159,26577,7560
2021-05-12,F,16092,15453,7278
2021-05-12,G,47606,38807,21189
2021-05-12,H,15763,6971,555
2021-05-12,I,26944,2075,577
2021-05-12,K,3795,1771,436
2021-05-12,L,10444,1158,368
2021-05-12,M,100940,39220,1939
2021-05-12,N,254751,11131,1222
2021-05-12,O,451,172,18
2021-05-12,P,40,0,0
2021-05-12,Q,14,1,0
2021-05-12,R,8142,122,11
2021-05-12,S,757,6,0
2021-05-12,T,416,4,1
2021-05-12,NA,47,47,23
2021-05-13,A,114389,110393,83132
2021-05-13,B,18359,15908,5296
2021-05-13,C,105017,91024,32831
2021-05-13,D,60694,49301,13882
2021-05-13,E,36339,26720,7962
2021-05-13,F,16186,15514,7285
2021-05-13,G,47683,38912,21228
2021-05-13,H,15840,7425,557
2021-05-13,I,27164,2130,580
2021-05-13,K,3817,1838,436
2021-05-13,L,10545,1184,368
2021-05-13,M,101784,42139,1947
2021-05-13,N,257508,11648,1228
2021-05-13,O,458,177,18
2021-05-13,P,40,0,0
2021-05-13,Q,14,1,0
2021-05-13,R,8329,139,11
2021-05-13,S,774,6,0
2021-05-13,T,418,4,1
2021-05-13,NA,47,47,23
2021-05-14,A,114640,110586,85045
2021-05-14,B,18466,16015,5573
2021-05-14,C,105434,91447,36056
2021-05-14,D,61029,49750,15134
2021-05-14,E,36582,26970,8651
2021-05-14,F,16424,15777,7317
2021-05-14,G,47794,39110,21400
2021-05-14,H,15938,8067,560
2021-05-14,I,27431,2317,584
2021-05-14,K,3845,1977,442
2021-05-14,L,10681,1265,371
2021-05-14,M,102757,46468,1976
2021-05-14,N,260110,13237,1268
2021-05-14,O,459,186,18
2021-05-14,P,40,0,0
2021-05-14,Q,14,1,0
2021-05-14,R,8470,180,11
2021-05-14,S,784,6,0
2021-05-14,T,420,5,1
2021-05-14,NA,47,47,23
2021-05-15,A,114722,110664,85736
2021-05-15,B,18533,16076,5690
2021-05-15,C,105592,91614,36931
2021-05-15,D,61190,49926,15562
2021-05-15,E,36701,27089,8820
2021-05-15,F,16510,15853,7322
2021-05-15,G,47858,39185,21506
2021-05-15,H,15981,8282,562
2021-05-15,I,27596,2471,589
2021-05-15,K,3862,2021,450
2021-05-15,L,10785,1318,373
2021-05-15,M,103353,47946,2000
2021-05-15,N,261950,14453,1286
2021-05-15,O,464,187,18
2021-05-15,P,41,0,0
2021-05-15,Q,15,1,0
2021-05-15,R,8622,198,11
2021-05-15,S,798,6,0
2021-05-15,T,427,5,1
2021-05-15,NA,47,47,23
2021-05-16,A,114839,110668,85747
2021-05-16,B,18684,16084,5701
2021-05-16,C,105921,91629,36964
2021-05-16,D,61671,49940,15569
2021-05-16,E,37193,27092,8821
2021-05-16,F,16774,15858,7323
2021-05-16,G,48088,39194,21508
2021-05-16,H,16168,8291,562
2021-05-16,I,28336,2487,590
2021-05-16,K,3920,2027,451
2021-05-16,L,11195,1325,373
2021-05-16,M,105362,48041,2008
2021-05-16,N,273197,14595,1289
2021-05-16,O,497,188,18
2021-05-16,P,43,0,0
2021-05-16,Q,16,1,0
2021-05-16,R,9746,199,11
2021-05-16,S,913,6,0
2021-05-16,T,445,5,1
2021-05-16,NA,47,47,23
2021-05-17,A,115165,110886,86962
2021-05-17,B,18842,16196,6102
2021-05-17,C,106617,92048,40693
2021-05-17,D,62206,50411,17177
2021-05-17,E,37680,27390,9810
2021-05-17,F,17159,16103,7367
2021-05-17,G,48298,39381,21707
2021-05-17,H,16330,8817,571
2021-05-17,I,28865,2698,596
2021-05-17,K,3985,2136,453
2021-05-17,L,11481,1457,379
2021-05-17,M,107525,52158,2082
2021-05-17,N,280571,16561,1339
2021-05-17,O,505,194,18
2021-05-17,P,45,0,0
2021-05-17,Q,17,1,0
2021-05-17,R,10172,225,11
2021-05-17,S,963,6,0
2021-05-17,T,453,6,1
2021-05-17,NA,47,47,23
2021-05-18,A,115505,111064,88953
2021-05-18,B,18947,16326,6598
2021-05-18,C,107125,92500,45574
2021-05-18,D,62670,50935,19248
2021-05-18,E,38016,27733,10921
2021-05-18,F,17434,16330,7422
2021-05-18,G,48472,39617,22009
2021-05-18,H,16450,9379,583
2021-05-18,I,29188,3049,601
2021-05-18,K,4028,2251,464
2021-05-18,L,11732,1570,379
2021-05-18,M,109053,56599,2138
2021-05-18,N,285378,19701,1381
2021-05-18,O,508,200,19
2021-05-18,P,45,0,0
2021-05-18,Q,17,1,0
2021-05-18,R,10423,255,11
2021-05-18,S,999,6,0
2021-05-18,T,463,6,1
2021-05-18,NA,47,47,23
2021-05-19,A,115893,111341,90450
2021-05-19,B,19104,16550,7098
2021-05-19,C,107622,93063,50127
2021-05-19,D,63078,51643,21326
2021-05-19,E,38341,28175,11995
2021-05-19,F,18033,16528,7478
2021-05-19,G,48791,39868,22433
2021-05-19,H,16570,9886,592
2021-05-19,I,29588,3385,610
2021-05-19,K,4077,2366,511
2021-05-19,L,11938,1669,393
2021-05-19,M,110514,60825,2245
2021-05-19,N,290435,22834,1456
2021-05-19,O,510,216,19
2021-05-19,P,47,0,0
2021-05-19,Q,17,1,0
2021-05-19,R,10671,294,11
2021-05-19,S,1021,6,1
2021-05-19,T,472,6,1
2021-05-19,NA,47,47,23
2021-05-20,A,116135,111599,92350
2021-05-20,B,19230,16732,7655
2021-05-20,C,107999,93639,55132
2021-05-20,D,63440,52282,23726
2021-05-20,E,38632,28560,13048
2021-05-20,F,18969,16847,7731
2021-05-20,G,49329,40123,22849
2021-05-20,H,16662,10262,601
2021-05-20,I,29903,3766,612
2021-05-20,K,4126,2443,526
2021-05-20,L,12139,1784,401
2021-05-20,M,111743,64436,2341
2021-05-20,N,294360,26193,1519
2021-05-20,O,514,227,21
2021-05-20,P,48,0,0
2021-05-20,Q,17,1,0
2021-05-20,R,10884,348,12
2021-05-20,S,1046,6,1
2021-05-20,T,476,9,1
2021-05-20,NA,47,47,23
2021-05-21,A,116380,111757,93831
2021-05-21,B,19325,16857,8217
2021-05-21,C,108377,94004,58967
2021-05-21,D,63692,52794,25805
2021-05-21,E,38823,28893,14136
2021-05-21,F,19208,17016,7882
2021-05-21,G,49457,40377,23254
2021-05-21,H,16718,10593,609
2021-05-21,I,30149,4224,624
2021-05-21,K,4167,2511,555
2021-05-21,L,12282,1945,410
2021-05-21,M,112646,67747,2435
2021-05-21,N,297290,30523,1652
2021-05-21,O,516,242,23
2021-05-21,P,48,0,0
2021-05-21,Q,17,1,0
2021-05-21,R,11006,417,16
2021-05-21,S,1063,7,4
2021-05-21,T,481,10,1
2021-05-21,NA,47,47,23
2021-05-22,A,116468,111835,94246
2021-05-22,B,19385,16914,8298
2021-05-22,C,108517,94157,59619
2021-05-22,D,63841,52969,26212
2021-05-22,E,38944,28995,14352
2021-05-22,F,19471,17065,8088
2021-05-22,G,49546,40450,23350
2021-05-22,H,16747,10706,617
2021-05-22,I,30278,4380,624
2021-05-22,K,4188,2543,557
2021-05-22,L,12366,2002,414
2021-05-22,M,113157,68807,2454
2021-05-22,N,299004,31864,1676
2021-05-22,O,516,246,23
2021-05-22,P,48,0,0
2021-05-22,Q,17,1,0
2021-05-22,R,11096,451,18
2021-05-22,S,1073,8,4
2021-05-22,T,482,10,1
2021-05-22,NA,47,47,23
2021-05-23,A,116514,111855,94246
2021-05-23,B,19422,16927,8299
2021-05-23,C,108609,94199,59624
2021-05-23,D,63940,53000,26214
2021-05-23,E,39037,29031,14355
2021-05-23,F,19607,17073,8173
2021-05-23,G,49603,40464,23362
2021-05-23,H,16781,10726,617
2021-05-23,I,30397,4407,624
2021-05-23,K,4199,2550,558
2021-05-23,L,12444,2010,414
2021-05-23,M,113622,69056,2463
2021-05-23,N,300653,32159,1689
2021-05-23,O,516,247,23
2021-05-23,P,49,0,0
2021-05-23,Q,18,1,0
2021-05-23,R,11194,457,18
2021-05-23,S,1084,8,4
2021-05-23,T,482,10,1
2021-05-23,NA,47,47,23
2021-05-24,A,116574,111900,94566
2021-05-24,B,19470,16972,8541
2021-05-24,C,108747,94304,61305
2021-05-24,D,64109,53135,27094
2021-05-24,E,39173,29153,14856
2021-05-24,F,19681,17118,8208
2021-05-24,G,49659,40514,23435
2021-05-24,H,16825,10795,618
2021-05-24,I,30567,5094,624
2021-05-24,K,4220,2572,558
2021-05-24,L,12524,2151,414
2021-05-24,M,114245,69743,2480
2021-05-24,N,302945,37342,1714
2021-05-24,O,518,249,23
2021-05-24,P,49,0,0
2021-05-24,Q,18,1,0
2021-05-24,R,11333,541,19
2021-05-24,S,1099,8,4
2021-05-24,T,484,10,1
2021-05-24,NA,47,47,23
2021-05-25,A,116843,111979,95978
2021-05-25,B,19563,17005,9240
2021-05-25,C,109144,94459,65598
2021-05-25,D,64408,53294,29667
2021-05-25,E,39394,29291,16159
2021-05-25,F,19923,17191,8568
2021-05-25,G,49826,40603,24022
2021-05-25,H,16904,10872,630
2021-05-25,I,30808,5788,634
2021-05-25,K,4249,2596,575
2021-05-25,L,12676,2351,421
2021-05-25,M,115254,70685,2593
2021-05-25,N,306104,43838,1816
2021-05-25,O,521,250,25
2021-05-25,P,49,0,0
2021-05-25,Q,18,1,0
2021-05-25,R,11480,634,21
2021-05-25,S,1119,8,4
2021-05-25,T,491,10,1
2021-05-25,NA,47,47,23
2021-05-26,A,117182,112067,97003
2021-05-26,B,19660,17056,9857
2021-05-26,C,109477,94638,69409
2021-05-26,D,64775,53546,32108
2021-05-26,E,39670,29521,17377
2021-05-26,F,20193,17242,8998
2021-05-26,G,49979,40709,24857
2021-05-26,H,16952,10952,661
2021-05-26,I,31075,6560,680
2021-05-26,K,4278,2618,658
2021-05-26,L,12838,2628,452
2021-05-26,M,116211,71553,2783
2021-05-26,N,309612,51061,2086
2021-05-26,O,524,257,33
2021-05-26,P,52,0,0
2021-05-26,Q,18,1,0
2021-05-26,R,11671,762,26
2021-05-26,S,1152,8,4
2021-05-26,T,495,10,1
2021-05-26,NA,47,47,23
2021-05-27,A,117411,112159,98115
2021-05-27,B,19731,17100,10564
2021-05-27,C,109788,94811,72553
2021-05-27,D,65073,53677,34407
2021-05-27,E,39901,29659,18507
2021-05-27,F,20381,17329,9331
2021-05-27,G,50098,40800,25638
2021-05-27,H,17031,11024,712
2021-05-27,I,31300,7370,708
2021-05-27,K,4316,2645,678
2021-05-27,L,12958,2889,484
2021-05-27,M,117105,72319,3036
2021-05-27,N,312688,58944,2250
2021-05-27,O,532,261,34
2021-05-27,P,52,0,0
2021-05-27,Q,18,1,0
2021-05-27,R,11811,936,29
2021-05-27,S,1172,8,4
2021-05-27,T,497,10,1
2021-05-27,NA,47,47,23
2021-05-28,A,117632,112226,99175
2021-05-28,B,19779,17142,11251
2021-05-28,C,110085,94962,75411
2021-05-28,D,65284,53822,36860
2021-05-28,E,40058,29808,19902
2021-05-28,F,20708,17403,9650
2021-05-28,G,50196,40881,26414
2021-05-28,H,17088,11089,770
2021-05-28,I,31474,8123,738
2021-05-28,K,4334,2664,699
2021-05-28,L,13074,3116,494
2021-05-28,M,117813,72977,3383
2021-05-28,N,315087,66376,2409
2021-05-28,O,538,262,40
2021-05-28,P,53,0,0
2021-05-28,Q,18,1,0
2021-05-28,R,11927,1104,30
2021-05-28,S,1206,9,4
2021-05-28,T,501,11,1
2021-05-28,NA,47,47,23
2021-05-29,A,117756,112257,99497
2021-05-29,B,19813,17162,11383
2021-05-29,C,110189,95029,76037
2021-05-29,D,65391,53885,37377
2021-05-29,E,40136,29865,20157
2021-05-29,F,20758,17431,9665
2021-05-29,G,50234,40908,26499
2021-05-29,H,17117,11120,784
2021-05-29,I,31584,8368,747
2021-05-29,K,4346,2671,705
2021-05-29,L,13123,3187,500
2021-05-29,M,118208,73338,3527
2021-05-29,N,316451,68936,2495
2021-05-29,O,538,265,41
2021-05-29,P,53,0,0
2021-05-29,Q,18,1,0
2021-05-29,R,11994,1174,30
2021-05-29,S,1221,9,4
2021-05-29,T,501,12,1
2021-05-29,NA,47,47,23
2021-05-30,A,117801,112262,99498
2021-05-30,B,19846,17164,11384
2021-05-30,C,110270,95045,76037
2021-05-30,D,65514,53903,37378
2021-05-30,E,40236,29876,20157
2021-05-30,F,20844,17437,9665
2021-05-30,G,50273,40914,26501
2021-05-30,H,17154,11123,784
2021-05-30,I,31720,8398,747
2021-05-30,K,4359,2673,705
2021-05-30,L,13196,3195,500
2021-05-30,M,118678,73403,3530
2021-05-30,N,318159,69313,2496
2021-05-30,O,545,265,41
2021-05-30,P,55,0,0
2021-05-30,Q,19,1,0
2021-05-30,R,12121,1174,30
2021-05-30,S,1256,9,4
2021-05-30,T,504,12,1
2021-05-30,NA,47,47,23
2021-05-31,A,118146,112306,100282
2021-05-31,B,19924,17206,11962
2021-05-31,C,110674,95161,77922
2021-05-31,D,65753,53992,38873
2021-05-31,E,40419,29998,20919
2021-05-31,F,21047,17494,10483
2021-05-31,G,50391,40988,27841
2021-05-31,H,17212,11168,999
2021-05-31,I,31930,9041,795
2021-05-31,K,4381,2680,735
2021-05-31,L,13399,3405,526
2021-05-31,M,119524,73941,4473
2021-05-31,N,320938,76135,2771
2021-05-31,O,550,268,59
2021-05-31,P,56,0,0
2021-05-31,Q,19,2,0
2021-05-31,R,12270,1298,33
2021-05-31,S,1288,9,4
2021-05-31,T,509,12,2
2021-05-31,NA,47,47,23
2021-06-01,A,118374,112372,101057
2021-06-01,B,19988,17255,12443
2021-06-01,C,111008,95307,80035
2021-06-01,D,65999,54105,40393
2021-06-01,E,40614,30128,21667
2021-06-01,F,21161,17581,11316
2021-06-01,G,50606,41046,29023
2021-06-01,H,17248,11221,1372
2021-06-01,I,32097,9792,848
2021-06-01,K,4459,2689,784
2021-06-01,L,13691,3665,550
2021-06-01,M,120262,74522,6282
2021-06-01,N,323282,84415,3193
2021-06-01,O,550,270,76
2021-06-01,P,56,0,0
2021-06-01,Q,20,2,0
2021-06-01,R,12392,1480,38
2021-06-01,S,1313,11,4
2021-06-01,T,514,13,3
2021-06-01,NA,47,47,23
2021-06-02,A,118604,112444,101609
2021-06-02,B,20058,17292,12820
2021-06-02,C,111318,95419,81467
2021-06-02,D,66199,54215,41636
2021-06-02,E,40765,30298,22382
2021-06-02,F,21285,17679,12046
2021-06-02,G,50686,41119,30209
2021-06-02,H,17298,11269,1928
2021-06-02,I,32242,10589,942
2021-06-02,K,4477,2703,865
2021-06-02,L,13785,3968,574
2021-06-02,M,120982,75037,8958
2021-06-02,N,325353,93737,3886
2021-06-02,O,554,275,99
2021-06-02,P,57,0,0
2021-06-02,Q,20,2,1
2021-06-02,R,12482,1768,48
2021-06-02,S,1330,11,5
2021-06-02,T,518,13,3
2021-06-02,NA,47,47,23
2021-06-03,A,119119,112548,102089
2021-06-03,B,20151,17340,13132
2021-06-03,C,111708,95593,82607
2021-06-03,D,66426,54369,42709
2021-06-03,E,40910,30434,22946
2021-06-03,F,21424,17805,12782
2021-06-03,G,50761,41208,31091
2021-06-03,H,17337,11322,2693
2021-06-03,I,32361,11517,1065
2021-06-03,K,4498,2719,996
2021-06-03,L,13883,4292,757
2021-06-03,M,121714,75761,12682
2021-06-03,N,327225,103440,4563
2021-06-03,O,556,278,118
2021-06-03,P,58,0,0
2021-06-03,Q,20,2,1
2021-06-03,R,12577,2066,52
2021-06-03,S,1339,11,5
2021-06-03,T,519,13,4
2021-06-03,NA,47,47,23
2021-06-04,A,119426,112660,102518
2021-06-04,B,20209,17399,13383
2021-06-04,C,112026,95823,83543
2021-06-04,D,66608,54548,43494
2021-06-04,E,41034,30626,23443
2021-06-04,F,21549,17930,13277
2021-06-04,G,50837,41299,31917
2021-06-04,H,17377,11388,3362
2021-06-04,I,32473,12367,1192
2021-06-04,K,4510,2749,1117
2021-06-04,L,13980,4644,842
2021-06-04,M,122367,76575,16506
2021-06-04,N,329058,113451,5274
2021-06-04,O,558,283,140
2021-06-04,P,65,0,0
2021-06-04,Q,21,2,1
2021-06-04,R,12666,2396,64
2021-06-04,S,1557,14,6
2021-06-04,T,522,13,4
2021-06-04,NA,47,47,23
2021-06-05,A,119502,112767,102630
2021-06-05,B,20226,17454,13463
2021-06-05,C,112122,96032,83771
2021-06-05,D,66698,54744,43762
2021-06-05,E,41094,30887,23577
2021-06-05,F,21602,18048,13440
2021-06-05,G,50872,41398,32068
2021-06-05,H,17401,11469,3560
2021-06-05,I,32530,13368,1252
2021-06-05,K,4520,2770,1162
2021-06-05,L,14014,5048,911
2021-06-05,M,122700,77538,17686
2021-06-05,N,330069,124524,5590
2021-06-05,O,561,287,143
2021-06-05,P,66,0,0
2021-06-05,Q,21,2,1
2021-06-05,R,12729,2979,70
2021-06-05,S,1674,14,6
2021-06-05,T,527,13,4
2021-06-05,NA,47,47,23
2021-06-06,A,119535,112772,102631
2021-06-06,B,20251,17457,13471
2021-06-06,C,112184,96049,83772
2021-06-06,D,66757,54761,43770
2021-06-06,E,41151,30907,23583
2021-06-06,F,21650,18057,13441
2021-06-06,G,50902,41406,32069
2021-06-06,H,17419,11476,3562
2021-06-06,I,32610,13400,1254
2021-06-06,K,4530,2773,1162
2021-06-06,L,14056,5063,911
2021-06-06,M,123034,77633,17728
2021-06-06,N,331093,124879,5613
2021-06-06,O,566,287,143
2021-06-06,P,69,0,0
2021-06-06,Q,22,2,1
2021-06-06,R,12822,2985,70
2021-06-06,S,1721,15,6
2021-06-06,T,528,14,4
2021-06-06,NA,47,47,23
2021-06-07,A,119834,112849,102909
2021-06-07,B,20367,17519,13653
2021-06-07,C,112529,96214,84373
2021-06-07,D,66943,54927,44331
2021-06-07,E,41276,31125,23935
2021-06-07,F,21848,18146,13926
2021-06-07,G,50976,41500,32375
2021-06-07,H,17452,11558,4310
2021-06-07,I,32734,14285,1399
2021-06-07,K,4546,2788,1277
2021-06-07,L,14138,5406,955
2021-06-07,M,123828,78475,22256
2021-06-07,N,333159,135156,6549
2021-06-07,O,572,298,152
2021-06-07,P,74,0,0
2021-06-07,Q,22,2,1
2021-06-07,R,12925,3300,81
2021-06-07,S,1804,16,6
2021-06-07,T,533,15,4
2021-06-07,NA,47,47,23
2021-06-08,A,120171,112914,103214
2021-06-08,B,20408,17578,13919
2021-06-08,C,112831,96365,85221
2021-06-08,D,67097,55076,44976
2021-06-08,E,41408,31342,24260
2021-06-08,F,22016,18231,14505
2021-06-08,G,51041,41587,32691
2021-06-08,H,17480,11614,5341
2021-06-08,I,32840,15044,1599
2021-06-08,K,4563,2810,1436
2021-06-08,L,14224,5817,1042
2021-06-08,M,124425,79212,28397
2021-06-08,N,335139,144143,7983
2021-06-08,O,573,301,156
2021-06-08,P,76,0,0
2021-06-08,Q,22,2,1
2021-06-08,R,13010,3598,94
2021-06-08,S,1842,16,6
2021-06-08,T,537,16,4
2021-06-08,NA,47,47,23
2021-06-09,A,120477,112989,103577
2021-06-09,B,20497,17648,14116
2021-06-09,C,113185,96516,85968
2021-06-09,D,67253,55249,45609
2021-06-09,E,41499,31561,24595
2021-06-09,F,22294,18314,15042
2021-06-09,G,51159,41680,33020
2021-06-09,H,17514,11671,6235
2021-06-09,I,32923,15783,1786
2021-06-09,K,4580,2846,1605
2021-06-09,L,14283,6179,1165
2021-06-09,M,125044,80039,34285
2021-06-09,N,336685,153012,9585
2021-06-09,O,576,312,160
2021-06-09,P,78,0,0
2021-06-09,Q,23,2,1
2021-06-09,R,13089,3941,113
2021-06-09,S,1879,18,6
2021-06-09,T,540,16,5
2021-06-09,NA,47,47,23
2021-06-10,A,120883,113120,103734
2021-06-10,B,20603,17723,14247
2021-06-10,C,113530,96750,86364
2021-06-10,D,67402,55484,46040
2021-06-10,E,41603,31816,24809
2021-06-10,F,22683,18441,15432
2021-06-10,G,51219,41811,33219
2021-06-10,H,17534,11763,6789
2021-06-10,I,33025,16578,1857
2021-06-10,K,4593,2872,1714
2021-06-10,L,14333,6547,1217
2021-06-10,M,125570,81102,38117
2021-06-10,N,338248,162972,10328
2021-06-10,O,579,319,166
2021-06-10,P,79,0,0
2021-06-10,Q,23,2,1
2021-06-10,R,13174,4381,138
2021-06-10,S,1909,19,6
2021-06-10,T,543,16,5
2021-06-10,NA,47,47,23
2021-06-11,A,121184,113225,104028
2021-06-11,B,20750,17795,14399
2021-06-11,C,113790,96955,86884
2021-06-11,D,67549,55707,46517
2021-06-11,E,41711,32075,25063
2021-06-11,F,22822,18553,15589
2021-06-11,G,51273,41950,33426
2021-06-11,H,17555,11841,7500
2021-06-11,I,33110,17344,2024
2021-06-11,K,4608,2908,1847
2021-06-11,L,14402,6889,1261
2021-06-11,M,126026,82078,42826
2021-06-11,N,339652,172267,11717
2021-06-11,O,581,327,174
2021-06-11,P,79,0,0
2021-06-11,Q,23,2,1
2021-06-11,R,13250,4839,157
2021-06-11,S,1930,25,6
2021-06-11,T,545,16,6
2021-06-11,NA,47,47,23
2021-06-12,A,121259,113325,104110
2021-06-12,B,20785,17924,14438
2021-06-12,C,113864,97177,87062
2021-06-12,D,67604,55966,46672
2021-06-12,E,41750,32366,25150
2021-06-12,F,22906,18696,15633
2021-06-12,G,51305,42076,33490
2021-06-12,H,17571,11935,7671
2021-06-12,I,33153,18175,2143
2021-06-12,K,4618,2954,1882
2021-06-12,L,14438,7270,1300
2021-06-12,M,126224,83165,44017
2021-06-12,N,340410,181945,12690
2021-06-12,O,582,342,175
2021-06-12,P,79,0,0
2021-06-12,Q,23,2,1
2021-06-12,R,13303,5502,172
2021-06-12,S,1943,25,6
2021-06-12,T,545,16,6
2021-06-12,NA,47,47,23
2021-06-13,A,121309,113328,104114
2021-06-13,B,20807,17928,14445
2021-06-13,C,113923,97188,87078
2021-06-13,D,67690,55970,46686
2021-06-13,E,41820,32371,25153
2021-06-13,F,22949,18699,15637
2021-06-13,G,51326,42084,33501
2021-06-13,H,17585,11937,7680
2021-06-13,I,33222,18185,2164
2021-06-13,K,4624,2956,1886
2021-06-13,L,14484,7274,1309
2021-06-13,M,126441,83213,44115
2021-06-13,N,341259,182098,12839
2021-06-13,O,584,342,175
2021-06-13,P,79,0,0
2021-06-13,Q,23,2,1
2021-06-13,R,13364,5503,173
2021-06-13,S,1962,25,6
2021-06-13,T,547,16,6
2021-06-13,NA,47,47,23
2021-06-14,A,121877,113414,104319
2021-06-14,B,21119,18034,14555
2021-06-14,C,114323,97406,87502
2021-06-14,D,67833,56185,47134
2021-06-14,E,41921,32658,25442
2021-06-14,F,23217,18836,15736
2021-06-14,G,51394,42207,33674
2021-06-14,H,17609,12020,8240
2021-06-14,I,33332,18857,2315
2021-06-14,K,4636,2986,1987
2021-06-14,L,14560,7595,1374
2021-06-14,M,126869,84318,48318
2021-06-14,N,342748,191377,14126
2021-06-14,O,590,356,183
2021-06-14,P,80,0,0
2021-06-14,Q,23,2,1
2021-06-14,R,13465,5956,186
2021-06-14,S,1984,25,6
2021-06-14,T,551,16,6
2021-06-14,NA,47,47,23
